AAPL,2015-05-01_09-40-49,125.15,194938
AAPL,2015-05-01_09-40-54,125.15,194938
AAPL,2015-05-01_09-40-59,125.15,194938
AAPL,2015-05-01_09-41-04,125.15,194938
AAPL,2015-05-01_09-41-09,125.15,194938
AAPL,2015-05-01_09-41-14,125.15,194938
AAPL,2015-05-01_09-41-19,125.15,194938
AAPL,2015-05-01_09-41-24,125.15,194938
AAPL,2015-05-01_09-41-29,125.15,194938
AAPL,2015-05-01_09-41-34,125.15,194938
AAPL,2015-05-01_09-41-39,125.15,194938
AAPL,2015-05-01_09-41-44,125.15,194938
AAPL,2015-05-01_09-41-49,125.15,194938
AAPL,2015-05-01_09-41-54,125.15,194938
AAPL,2015-05-01_09-41-59,125.15,194938
AAPL,2015-05-01_09-42-04,125.15,194938
AAPL,2015-05-01_09-42-09,125.15,194938
AAPL,2015-05-01_09-42-14,125.15,194938
AAPL,2015-05-01_09-42-19,125.15,194938
AAPL,2015-05-01_09-42-24,125.15,194938
AAPL,2015-05-01_09-42-29,125.15,194938
AAPL,2015-05-01_09-42-34,125.15,194938
AAPL,2015-05-01_09-42-39,125.15,194938
AAPL,2015-05-01_09-42-44,125.15,194938
AAPL,2015-05-01_09-42-49,125.15,194938
AAPL,2015-05-01_09-42-54,125.15,194938
AAPL,2015-05-01_09-42-59,125.15,194938
AAPL,2015-05-01_09-43-04,125.15,194938
AAPL,2015-05-01_09-43-09,125.15,194938
AAPL,2015-05-01_09-43-14,125.15,194938
AAPL,2015-05-01_09-43-19,125.15,194938
AAPL,2015-05-01_09-43-24,125.15,194938
AAPL,2015-05-01_09-43-29,125.15,194938
AAPL,2015-05-01_09-43-34,125.15,194938
AAPL,2015-05-01_09-43-39,125.15,194938
AAPL,2015-05-01_09-43-44,125.15,194938
AAPL,2015-05-01_09-43-49,125.15,194938
AAPL,2015-05-01_09-43-54,125.15,194938
AAPL,2015-05-01_09-43-59,125.15,194938
AAPL,2015-05-01_09-44-07,125.15,194938
AAPL,2015-05-01_09-44-12,125.15,194938
AAPL,2015-05-01_09-44-17,125.15,194938
AAPL,2015-05-01_09-44-22,125.15,194938
AAPL,2015-05-01_09-44-27,125.15,194938
AAPL,2015-05-01_09-44-32,125.15,194938
AAPL,2015-05-01_09-44-37,125.15,194938
AAPL,2015-05-01_09-44-42,125.15,194938
AAPL,2015-05-01_09-44-47,125.15,194938
AAPL,2015-05-01_09-44-52,125.15,194938
AAPL,2015-05-01_09-44-57,125.15,194938
AAPL,2015-05-01_09-45-02,125.15,194938
AAPL,2015-05-01_09-45-07,125.15,194938
AAPL,2015-05-01_09-45-12,125.15,194938
AAPL,2015-05-01_09-45-17,125.15,194938
AAPL,2015-05-01_09-45-22,125.15,194938
AAPL,2015-05-01_09-45-27,125.15,194938
AAPL,2015-05-01_09-45-32,125.15,194938
AAPL,2015-05-01_09-45-37,125.15,194938
AAPL,2015-05-01_09-45-42,125.15,194938
AAPL,2015-05-01_09-45-47,125.15,194938
AAPL,2015-05-01_09-45-52,125.15,194938
AAPL,2015-05-01_09-45-57,125.15,194938
AAPL,2015-05-01_09-46-02,125.15,194938
AAPL,2015-05-01_09-46-07,125.15,194938
AAPL,2015-05-01_09-46-12,125.15,194938
AAPL,2015-05-01_09-46-17,125.15,194938
AAPL,2015-05-01_09-46-22,125.15,194938
AAPL,2015-05-01_09-46-27,125.15,194938
AAPL,2015-05-01_09-46-32,125.15,194938
AAPL,2015-05-01_09-46-37,125.15,194938
AAPL,2015-05-01_09-46-42,125.15,194938
AAPL,2015-05-01_09-46-47,125.15,194938
AAPL,2015-05-01_09-46-52,125.15,194938
AAPL,2015-05-01_09-46-57,125.15,194938
AAPL,2015-05-01_09-47-02,125.15,194938
AAPL,2015-05-01_09-47-07,125.15,194938
AAPL,2015-05-01_09-47-12,125.15,194938
AAPL,2015-05-01_09-47-17,125.15,194938
AAPL,2015-05-01_09-47-22,125.15,194938
AAPL,2015-05-01_09-47-27,125.15,194938
AAPL,2015-05-01_09-47-32,125.15,194938
AAPL,2015-05-01_09-47-37,125.15,194938
AAPL,2015-05-01_09-47-42,125.15,194938
AAPL,2015-05-01_09-47-47,125.15,194938
AAPL,2015-05-01_09-47-52,125.15,194938
AAPL,2015-05-01_09-47-57,125.15,194938
AAPL,2015-05-01_09-48-02,125.15,194938
AAPL,2015-05-01_09-48-07,125.15,194938
AAPL,2015-05-01_09-48-12,125.15,194938
AAPL,2015-05-01_09-48-17,125.15,194938
AAPL,2015-05-01_09-48-22,125.15,194938
AAPL,2015-05-01_09-48-27,125.15,194938
AAPL,2015-05-01_09-48-32,125.15,194938
AAPL,2015-05-01_09-48-37,125.15,194938
AAPL,2015-05-01_09-48-42,125.15,194938
AAPL,2015-05-01_09-48-47,125.15,194938
AAPL,2015-05-01_09-48-52,125.15,194938
AAPL,2015-05-01_09-48-57,125.15,194938
AAPL,2015-05-01_09-49-02,125.15,194938
AAPL,2015-05-01_09-49-07,125.15,194938
AAPL,2015-05-01_09-49-12,125.15,194938
AAPL,2015-05-01_09-49-17,125.15,194938
AAPL,2015-05-01_09-49-22,125.15,194938
AAPL,2015-05-01_09-49-27,125.15,194938
AAPL,2015-05-01_09-49-32,125.15,194938
AAPL,2015-05-01_09-49-37,125.15,194938
AAPL,2015-05-01_09-49-42,125.15,194938
AAPL,2015-05-01_09-49-47,125.15,194938
AAPL,2015-05-01_09-49-52,125.15,194938
AAPL,2015-05-01_09-49-57,125.15,194938
AAPL,2015-05-01_09-50-02,125.15,194938
AAPL,2015-05-01_09-50-07,125.15,194938
AAPL,2015-05-01_09-50-12,125.15,194938
AAPL,2015-05-01_09-50-17,125.15,194938
AAPL,2015-05-01_09-50-22,125.15,194938
AAPL,2015-05-01_09-50-27,125.15,194938
AAPL,2015-05-01_09-50-32,125.15,194938
AAPL,2015-05-01_09-50-37,125.15,194938
AAPL,2015-05-01_09-50-42,125.15,194938
AAPL,2015-05-01_09-50-47,125.15,194938
AAPL,2015-05-01_09-50-52,125.15,194938
AAPL,2015-05-01_09-50-57,125.15,194938
AAPL,2015-05-01_09-51-02,125.15,194938
AAPL,2015-05-01_09-51-07,125.15,194938
AAPL,2015-05-01_09-51-12,125.15,194938
AAPL,2015-05-01_09-51-17,125.15,194938
AAPL,2015-05-01_09-51-22,125.15,194938
AAPL,2015-05-01_09-51-27,125.15,194938
AAPL,2015-05-01_09-51-32,125.15,194938
AAPL,2015-05-01_09-51-37,125.15,194938
AAPL,2015-05-01_09-51-42,125.15,194938
AAPL,2015-05-01_09-51-47,125.15,194938
AAPL,2015-05-01_09-51-52,125.15,194938
AAPL,2015-05-01_09-51-57,125.15,194938
AAPL,2015-05-01_09-52-02,125.15,194938
AAPL,2015-05-01_09-52-07,125.15,194938
AAPL,2015-05-01_09-52-12,125.15,194938
AAPL,2015-05-01_09-52-17,125.15,194938
AAPL,2015-05-01_09-52-22,125.15,194938
AAPL,2015-05-01_09-52-27,125.15,194938
AAPL,2015-05-01_09-52-32,125.15,194938
AAPL,2015-05-01_09-52-37,125.15,194938
AAPL,2015-05-01_09-52-42,125.15,194938
AAPL,2015-05-01_09-52-47,125.15,194938
AAPL,2015-05-01_09-52-52,125.15,194938
AAPL,2015-05-01_09-52-57,125.15,194938
AAPL,2015-05-01_09-53-02,125.15,194938
AAPL,2015-05-01_09-53-07,125.15,194938
AAPL,2015-05-01_09-53-12,125.15,194938
AAPL,2015-05-01_09-53-17,125.15,194938
AAPL,2015-05-01_09-53-22,125.15,194938
AAPL,2015-05-01_09-53-27,125.15,194938
AAPL,2015-05-01_09-53-32,125.15,194938
AAPL,2015-05-01_09-53-37,125.15,194938
AAPL,2015-05-01_09-53-42,125.15,194938
AAPL,2015-05-01_09-53-47,125.15,194938
AAPL,2015-05-01_09-53-52,125.15,194938
AAPL,2015-05-01_09-53-57,125.15,194938
AAPL,2015-05-01_09-54-02,125.15,194938
AAPL,2015-05-01_09-54-07,125.15,194938
AAPL,2015-05-01_09-54-12,125.15,194938
AAPL,2015-05-01_09-54-17,125.15,194938
AAPL,2015-05-01_09-54-22,125.15,194938
AAPL,2015-05-01_09-54-27,125.15,194938
AAPL,2015-05-01_09-54-32,125.15,194938
AAPL,2015-05-01_09-54-37,125.15,194938
AAPL,2015-05-01_09-54-42,125.15,194938
AAPL,2015-05-01_09-54-47,125.15,194938
AAPL,2015-05-01_09-54-52,125.15,194938
AAPL,2015-05-01_09-54-57,125.15,194938
AAPL,2015-05-01_09-55-02,125.15,194938
AAPL,2015-05-01_09-55-07,125.15,194938
AAPL,2015-05-01_09-55-12,125.15,194938
AAPL,2015-05-01_09-55-17,125.15,194938
AAPL,2015-05-01_09-55-22,125.15,194938
AAPL,2015-05-01_09-55-27,125.15,194938
AAPL,2015-05-01_09-55-32,125.15,194938
AAPL,2015-05-01_09-55-37,125.15,194938
AAPL,2015-05-01_09-55-42,125.15,194938
AAPL,2015-05-01_09-55-47,125.15,194938
AAPL,2015-05-01_09-55-52,125.15,194938
AAPL,2015-05-01_09-55-57,125.15,194938
AAPL,2015-05-01_09-56-02,125.15,194938
AAPL,2015-05-01_09-56-07,125.15,194938
AAPL,2015-05-01_09-56-12,125.15,194938
AAPL,2015-05-01_09-56-17,125.15,194938
AAPL,2015-05-01_09-56-22,125.15,194938
AAPL,2015-05-01_09-56-27,125.15,194938
AAPL,2015-05-01_09-56-32,125.15,194938
AAPL,2015-05-01_09-56-37,125.15,194938
AAPL,2015-05-01_09-56-42,125.15,194938
AAPL,2015-05-01_09-56-47,125.15,194938
AAPL,2015-05-01_09-56-52,125.15,194938
AAPL,2015-05-01_09-56-57,125.15,194938
AAPL,2015-05-01_09-57-02,125.15,194938
AAPL,2015-05-01_09-57-07,125.15,194938
AAPL,2015-05-01_09-57-12,125.15,194938
AAPL,2015-05-01_09-57-17,125.15,194938
AAPL,2015-05-01_09-57-22,125.15,194938
AAPL,2015-05-01_09-57-27,125.15,194938
AAPL,2015-05-01_09-57-32,125.15,194938
AAPL,2015-05-01_09-57-37,125.15,194938
AAPL,2015-05-01_09-57-42,125.15,194938
AAPL,2015-05-01_09-57-47,125.15,194938
AAPL,2015-05-01_09-57-52,125.15,194938
AAPL,2015-05-01_09-57-57,125.15,194938
AAPL,2015-05-01_09-58-02,125.15,194938
AAPL,2015-05-01_09-58-07,125.15,194938
AAPL,2015-05-01_09-58-12,125.15,194938
AAPL,2015-05-01_09-58-17,125.15,194938
AAPL,2015-05-01_09-58-22,125.15,194938
AAPL,2015-05-01_09-58-27,125.15,194938
AAPL,2015-05-01_09-58-32,125.15,194938
AAPL,2015-05-01_09-58-37,125.15,194938
AAPL,2015-05-01_09-58-42,125.15,194938
AAPL,2015-05-01_09-58-47,125.15,194938
AAPL,2015-05-01_09-58-52,125.15,194938
AAPL,2015-05-01_09-58-57,125.15,194938
AAPL,2015-05-01_09-59-02,125.15,194938
AAPL,2015-05-01_09-59-07,125.15,194938
AAPL,2015-05-01_09-59-12,125.15,194938
AAPL,2015-05-01_09-59-17,125.15,194938
AAPL,2015-05-01_09-59-22,125.15,194938
AAPL,2015-05-01_09-59-27,125.15,194938
AAPL,2015-05-01_09-59-32,125.15,194938
AAPL,2015-05-01_09-59-37,125.15,194938
AAPL,2015-05-01_09-59-42,125.15,194938
AAPL,2015-05-01_09-59-47,125.15,194938
AAPL,2015-05-01_09-59-52,125.15,194938
AAPL,2015-05-01_09-59-57,125.15,194938
AAPL,2015-05-01_10-00-02,125.15,194938
AAPL,2015-05-01_10-00-07,125.15,194938
AAPL,2015-05-01_10-00-12,125.15,194938
AAPL,2015-05-01_10-00-17,125.15,194938
AAPL,2015-05-01_10-00-22,125.15,194938
AAPL,2015-05-01_10-00-27,125.15,194938
AAPL,2015-05-01_10-00-32,125.15,194938
AAPL,2015-05-01_10-00-37,125.15,194938
AAPL,2015-05-01_10-00-42,125.15,194938
AAPL,2015-05-01_10-00-47,125.15,194938
AAPL,2015-05-01_10-00-52,125.15,194938
AAPL,2015-05-01_10-00-57,125.15,194938
AAPL,2015-05-01_10-01-02,125.15,194938
AAPL,2015-05-01_10-01-07,125.15,194938
AAPL,2015-05-01_10-01-12,125.15,194938
AAPL,2015-05-01_10-01-17,125.15,194938
AAPL,2015-05-01_10-01-22,125.15,194938
AAPL,2015-05-01_10-01-27,125.15,194938
AAPL,2015-05-01_10-01-32,125.15,194938
AAPL,2015-05-01_10-01-37,125.15,194938
AAPL,2015-05-01_10-01-42,125.15,194938
AAPL,2015-05-01_10-01-47,125.15,194938
AAPL,2015-05-01_10-01-52,125.15,194938
AAPL,2015-05-01_10-01-57,125.15,194938
AAPL,2015-05-01_10-02-02,125.15,194938
AAPL,2015-05-01_10-02-07,125.15,194938
AAPL,2015-05-01_10-02-12,125.15,194938
AAPL,2015-05-01_10-02-17,125.15,194938
AAPL,2015-05-01_10-02-22,125.15,194938
AAPL,2015-05-01_10-02-27,125.15,194938
AAPL,2015-05-01_10-02-32,125.15,194938
AAPL,2015-05-01_10-02-37,125.15,194938
AAPL,2015-05-01_10-02-42,125.15,194938
AAPL,2015-05-01_10-02-47,125.15,194938
AAPL,2015-05-01_10-02-52,125.15,194938
AAPL,2015-05-01_10-02-57,125.15,194938
AAPL,2015-05-01_10-03-02,125.15,194938
AAPL,2015-05-01_10-03-07,125.15,194938
AAPL,2015-05-01_10-03-12,125.15,194938
AAPL,2015-05-01_10-03-17,125.15,194938
AAPL,2015-05-01_10-03-22,125.15,194938
AAPL,2015-05-01_10-03-27,125.15,194938
AAPL,2015-05-01_10-03-32,125.15,194938
AAPL,2015-05-01_10-03-37,125.15,194938
AAPL,2015-05-01_10-03-42,125.15,194938
AAPL,2015-05-01_10-03-47,125.15,194938
AAPL,2015-05-01_10-03-52,125.15,194938
AAPL,2015-05-01_10-03-57,125.15,194938
AAPL,2015-05-01_10-04-02,125.15,194938
AAPL,2015-05-01_10-04-07,125.15,194938
AAPL,2015-05-01_10-04-12,125.15,194938
AAPL,2015-05-01_10-04-17,125.15,194938
AAPL,2015-05-01_10-04-22,125.15,194938
AAPL,2015-05-01_10-04-27,125.15,194938
AAPL,2015-05-01_10-04-32,125.15,194938
AAPL,2015-05-01_10-04-37,125.15,194938
AAPL,2015-05-01_10-04-42,125.15,194938
AAPL,2015-05-01_10-04-47,125.15,194938
AAPL,2015-05-01_10-04-52,125.15,194938
AAPL,2015-05-01_10-04-57,125.15,194938
AAPL,2015-05-01_10-05-02,125.15,194938
AAPL,2015-05-01_10-05-07,125.15,194938
AAPL,2015-05-01_10-05-12,125.15,194938
AAPL,2015-05-01_10-05-17,125.15,194938
AAPL,2015-05-01_10-05-22,125.15,194938
AAPL,2015-05-01_10-05-27,125.15,194938
AAPL,2015-05-01_10-05-32,125.15,194938
AAPL,2015-05-01_10-05-37,125.15,194938
AAPL,2015-05-01_10-05-42,125.15,194938
AAPL,2015-05-01_10-05-47,125.15,194938
AAPL,2015-05-01_10-05-52,125.15,194938
AAPL,2015-05-01_10-05-57,125.15,194938
AAPL,2015-05-01_10-06-02,125.15,194938
AAPL,2015-05-01_10-06-07,125.15,194938
AAPL,2015-05-01_10-06-12,125.15,194938
AAPL,2015-05-01_10-06-17,125.15,194938
AAPL,2015-05-01_10-06-22,125.15,194938
AAPL,2015-05-01_10-06-27,125.15,194938
AAPL,2015-05-01_10-06-32,125.15,194938
AAPL,2015-05-01_10-06-37,125.15,194938
AAPL,2015-05-01_10-06-42,125.15,194938
AAPL,2015-05-01_10-06-47,125.15,194938
AAPL,2015-05-01_10-06-52,125.15,194938
AAPL,2015-05-01_10-06-57,125.15,194938
AAPL,2015-05-01_10-07-02,125.15,194938
AAPL,2015-05-01_10-07-07,125.15,194938
AAPL,2015-05-01_10-07-12,125.15,194938
AAPL,2015-05-01_10-07-17,125.15,194938
AAPL,2015-05-01_10-07-22,125.15,194938
AAPL,2015-05-01_10-07-27,125.15,194938
AAPL,2015-05-01_10-07-32,125.15,194938
AAPL,2015-05-01_10-07-37,125.15,194938
AAPL,2015-05-01_10-07-42,125.15,194938
AAPL,2015-05-01_10-07-47,125.15,194938
AAPL,2015-05-01_10-07-52,125.15,194938
AAPL,2015-05-01_10-07-57,125.15,194938
AAPL,2015-05-01_10-08-02,125.15,194938
AAPL,2015-05-01_10-08-07,125.15,194938
AAPL,2015-05-01_10-08-12,125.15,194938
AAPL,2015-05-01_10-08-17,125.15,194938
AAPL,2015-05-01_10-08-22,125.15,194938
AAPL,2015-05-01_10-08-27,125.15,194938
AAPL,2015-05-01_10-08-32,125.15,194938
AAPL,2015-05-01_10-08-37,125.15,194938
AAPL,2015-05-01_10-08-42,125.15,194938
AAPL,2015-05-01_10-08-47,125.15,194938
AAPL,2015-05-01_10-08-52,125.15,194938
AAPL,2015-05-01_10-08-57,125.15,194938
AAPL,2015-05-01_10-09-02,125.15,194938
AAPL,2015-05-01_10-09-07,125.15,194938
AAPL,2015-05-01_10-09-12,125.15,194938
AAPL,2015-05-01_10-09-17,125.15,194938
AAPL,2015-05-01_10-09-22,125.15,194938
AAPL,2015-05-01_10-09-27,125.15,194938
AAPL,2015-05-01_10-09-32,125.15,194938
AAPL,2015-05-01_10-09-37,125.15,194938
AAPL,2015-05-01_10-09-42,125.15,194938
AAPL,2015-05-01_10-09-47,125.15,194938
AAPL,2015-05-01_10-09-52,125.15,194938
AAPL,2015-05-01_10-09-57,125.15,194938
AAPL,2015-05-01_10-10-02,125.15,194938
AAPL,2015-05-01_10-10-07,125.15,194938
AAPL,2015-05-01_10-10-12,125.15,194938
AAPL,2015-05-01_10-10-17,125.15,194938
AAPL,2015-05-01_10-10-22,125.15,194938
AAPL,2015-05-01_10-10-27,125.15,194938
AAPL,2015-05-01_10-10-32,125.15,194938
AAPL,2015-05-01_10-10-37,125.15,194938
AAPL,2015-05-01_10-10-42,125.15,194938
AAPL,2015-05-01_10-10-47,125.15,194938
AAPL,2015-05-01_10-10-52,125.15,194938
AAPL,2015-05-01_10-10-57,125.15,194938
AAPL,2015-05-01_10-11-02,125.15,194938
AAPL,2015-05-01_10-11-07,125.15,194938
AAPL,2015-05-01_10-11-12,125.15,194938
AAPL,2015-05-01_10-11-17,125.15,194938
AAPL,2015-05-01_10-11-22,125.15,194938
AAPL,2015-05-01_10-11-27,125.15,194938
AAPL,2015-05-01_10-11-32,125.15,194938
AAPL,2015-05-01_10-11-37,125.15,194938
AAPL,2015-05-01_10-11-42,125.15,194938
AAPL,2015-05-01_10-11-47,125.15,194938
AAPL,2015-05-01_10-11-52,125.15,194938
AAPL,2015-05-01_10-11-57,125.15,194938
AAPL,2015-05-01_10-12-02,125.15,194938
AAPL,2015-05-01_10-12-07,125.15,194938
AAPL,2015-05-01_10-12-12,125.15,194938
AAPL,2015-05-01_10-12-17,125.15,194938
AAPL,2015-05-01_10-12-22,125.15,194938
AAPL,2015-05-01_10-12-27,125.15,194938
AAPL,2015-05-01_10-12-32,125.15,194938
AAPL,2015-05-01_10-12-37,125.15,194938
AAPL,2015-05-01_10-12-42,125.15,194938
AAPL,2015-05-01_10-12-47,125.15,194938
AAPL,2015-05-01_10-12-52,125.15,194938
AAPL,2015-05-01_10-12-57,125.15,194938
AAPL,2015-05-01_10-13-02,125.15,194938
AAPL,2015-05-01_10-13-07,125.15,194938
AAPL,2015-05-01_10-13-12,125.15,194938
AAPL,2015-05-01_10-13-17,125.15,194938
AAPL,2015-05-01_10-13-22,125.15,194938
AAPL,2015-05-01_10-13-27,125.15,194938
AAPL,2015-05-01_10-13-32,125.15,194938
AAPL,2015-05-01_10-13-37,125.15,194938
AAPL,2015-05-01_10-13-42,125.15,194938
AAPL,2015-05-01_10-13-47,125.15,194938
AAPL,2015-05-01_10-13-52,125.15,194938
AAPL,2015-05-01_10-13-57,125.15,194938
AAPL,2015-05-01_10-14-02,125.15,194938
AAPL,2015-05-01_10-14-07,125.15,194938
AAPL,2015-05-01_10-14-12,125.15,194938
AAPL,2015-05-01_10-14-17,125.15,194938
AAPL,2015-05-01_10-14-22,125.15,194938
AAPL,2015-05-01_10-14-27,125.15,194938
AAPL,2015-05-01_10-14-32,125.15,194938
AAPL,2015-05-01_10-14-37,125.15,194938
AAPL,2015-05-01_10-14-42,125.15,194938
AAPL,2015-05-01_10-14-47,125.15,194938
AAPL,2015-05-01_10-14-52,125.15,194938
AAPL,2015-05-01_10-14-57,125.15,194938
AAPL,2015-05-01_10-15-02,125.15,194938
AAPL,2015-05-01_10-15-07,125.15,194938
AAPL,2015-05-01_10-15-12,125.15,194938
AAPL,2015-05-01_10-15-17,125.15,194938
AAPL,2015-05-01_10-15-22,125.15,194938
AAPL,2015-05-01_10-15-27,125.15,194938
AAPL,2015-05-01_10-15-32,125.15,194938
AAPL,2015-05-01_10-15-37,125.15,194938
AAPL,2015-05-01_10-15-42,125.15,194938
AAPL,2015-05-01_10-15-47,125.15,194938
AAPL,2015-05-01_10-15-52,125.15,194938
AAPL,2015-05-01_10-15-57,125.15,194938
AAPL,2015-05-01_10-16-02,125.15,194938
AAPL,2015-05-01_10-16-07,125.15,194938
AAPL,2015-05-01_10-16-12,125.15,194938
AAPL,2015-05-01_10-16-17,125.15,194938
AAPL,2015-05-01_10-16-22,125.15,194938
AAPL,2015-05-01_10-16-27,125.15,194938
AAPL,2015-05-01_10-16-32,125.15,194938
AAPL,2015-05-01_10-16-37,125.15,194938
AAPL,2015-05-01_10-16-42,125.15,194938
AAPL,2015-05-01_10-16-47,125.15,194938
AAPL,2015-05-01_10-16-52,125.15,194938
AAPL,2015-05-01_10-16-57,125.15,194938
AAPL,2015-05-01_10-17-02,125.15,194938
AAPL,2015-05-01_10-17-07,125.15,194938
AAPL,2015-05-01_10-17-12,125.15,194938
AAPL,2015-05-01_10-17-17,125.15,194938
AAPL,2015-05-01_10-17-22,125.15,194938
AAPL,2015-05-01_10-17-27,125.15,194938
AAPL,2015-05-01_10-17-32,125.15,194938
AAPL,2015-05-01_10-17-37,125.15,194938
AAPL,2015-05-01_10-17-42,125.15,194938
AAPL,2015-05-01_10-17-47,125.15,194938
AAPL,2015-05-01_10-17-52,125.15,194938
AAPL,2015-05-01_10-17-57,125.15,194938
AAPL,2015-05-01_10-18-02,125.15,194938
AAPL,2015-05-01_10-18-07,125.15,194938
AAPL,2015-05-01_10-18-12,125.15,194938
AAPL,2015-05-01_10-18-17,125.15,194938
AAPL,2015-05-01_10-18-22,125.15,194938
AAPL,2015-05-01_10-18-27,125.15,194938
AAPL,2015-05-01_10-18-32,125.15,194938
AAPL,2015-05-01_10-18-37,125.15,194938
AAPL,2015-05-01_10-18-42,125.15,194938
AAPL,2015-05-01_10-18-47,125.15,194938
AAPL,2015-05-01_10-18-52,125.15,194938
AAPL,2015-05-01_10-18-57,125.15,194938
AAPL,2015-05-01_10-19-02,125.15,194938
AAPL,2015-05-01_10-19-07,125.15,194938
AAPL,2015-05-01_10-19-12,125.15,194938
AAPL,2015-05-01_10-19-17,125.15,194938
AAPL,2015-05-01_10-19-22,125.15,194938
AAPL,2015-05-01_10-19-27,125.15,194938
AAPL,2015-05-01_10-19-32,125.15,194938
AAPL,2015-05-01_10-19-37,125.15,194938
AAPL,2015-05-01_10-19-42,125.15,194938
AAPL,2015-05-01_10-19-47,125.15,194938
AAPL,2015-05-01_10-19-52,125.15,194938
AAPL,2015-05-01_10-19-57,125.15,194938
AAPL,2015-05-01_10-20-02,125.15,194938
AAPL,2015-05-01_10-20-07,125.15,194938
AAPL,2015-05-01_10-20-12,125.15,194938
AAPL,2015-05-01_10-20-17,125.15,194938
AAPL,2015-05-01_10-20-22,125.15,194938
AAPL,2015-05-01_10-20-27,125.15,194938
AAPL,2015-05-01_10-20-32,125.15,194938
AAPL,2015-05-01_10-20-37,125.15,194938
AAPL,2015-05-01_10-20-42,125.15,194938
AAPL,2015-05-01_10-20-47,125.15,194938
AAPL,2015-05-01_10-20-52,125.15,194938
AAPL,2015-05-01_10-20-57,125.15,194938
AAPL,2015-05-01_10-21-02,125.15,194938
AAPL,2015-05-01_10-21-07,125.15,194938
AAPL,2015-05-01_10-21-12,125.15,194938
AAPL,2015-05-01_10-21-17,125.15,194938
AAPL,2015-05-01_10-21-22,125.15,194938
AAPL,2015-05-01_10-21-27,125.15,194938
AAPL,2015-05-01_10-21-32,125.15,194938
AAPL,2015-05-01_10-21-37,125.15,194938
AAPL,2015-05-01_10-21-42,125.15,194938
AAPL,2015-05-01_10-21-47,125.15,194938
AAPL,2015-05-01_10-21-52,125.15,194938
AAPL,2015-05-01_10-21-57,125.15,194938
AAPL,2015-05-01_10-22-02,125.15,194938
AAPL,2015-05-01_10-22-07,125.15,194938
AAPL,2015-05-01_10-22-12,125.15,194938
AAPL,2015-05-01_10-22-17,125.15,194938
AAPL,2015-05-01_10-22-22,125.15,194938
AAPL,2015-05-01_10-22-27,125.15,194938
AAPL,2015-05-01_10-22-32,125.15,194938
AAPL,2015-05-01_10-22-37,125.15,194938
AAPL,2015-05-01_10-22-42,125.15,194938
AAPL,2015-05-01_10-22-47,125.15,194938
AAPL,2015-05-01_10-22-52,125.15,194938
AAPL,2015-05-01_10-22-57,125.15,194938
AAPL,2015-05-01_10-23-02,125.15,194938
AAPL,2015-05-01_10-23-07,125.15,194938
AAPL,2015-05-01_10-23-12,125.15,194938
AAPL,2015-05-01_10-23-17,125.15,194938
AAPL,2015-05-01_10-23-22,125.15,194938
AAPL,2015-05-01_10-23-27,125.15,194938
AAPL,2015-05-01_10-23-32,125.15,194938
AAPL,2015-05-01_10-23-37,125.15,194938
AAPL,2015-05-01_10-23-42,125.15,194938
AAPL,2015-05-01_10-23-47,125.15,194938
AAPL,2015-05-01_10-23-52,125.15,194938
AAPL,2015-05-01_10-23-57,125.15,194938
AAPL,2015-05-01_10-24-02,125.15,194938
AAPL,2015-05-01_10-24-07,125.15,194938
AAPL,2015-05-01_10-24-12,125.15,194938
AAPL,2015-05-01_10-24-17,125.15,194938
AAPL,2015-05-01_10-24-22,125.15,194938
AAPL,2015-05-01_10-24-27,125.15,194938
AAPL,2015-05-01_10-24-32,125.15,194938
AAPL,2015-05-01_10-24-37,125.15,194938
AAPL,2015-05-01_10-24-42,125.15,194938
AAPL,2015-05-01_10-24-47,125.15,194938
AAPL,2015-05-01_10-24-52,125.15,194938
AAPL,2015-05-01_10-24-57,125.15,194938
AAPL,2015-05-01_10-25-02,125.15,194938
AAPL,2015-05-01_10-25-07,125.15,194938
AAPL,2015-05-01_10-25-12,125.15,194938
AAPL,2015-05-01_10-25-17,125.15,194938
AAPL,2015-05-01_10-25-22,125.15,194938
AAPL,2015-05-01_10-25-27,125.15,194938
AAPL,2015-05-01_10-25-32,125.15,194938
AAPL,2015-05-01_10-25-37,125.15,194938
AAPL,2015-05-01_10-25-42,125.15,194938
AAPL,2015-05-01_10-25-47,125.15,194938
AAPL,2015-05-01_10-25-52,125.15,194938
AAPL,2015-05-01_10-25-57,125.15,194938
AAPL,2015-05-01_10-26-02,125.15,194938
AAPL,2015-05-01_10-26-07,125.15,194938
AAPL,2015-05-01_10-26-12,125.15,194938
AAPL,2015-05-01_10-26-17,125.15,194938
AAPL,2015-05-01_10-26-22,125.15,194938
AAPL,2015-05-01_10-26-27,125.15,194938
AAPL,2015-05-01_10-26-32,125.15,194938
AAPL,2015-05-01_10-26-37,125.15,194938
AAPL,2015-05-01_10-26-42,125.15,194938
AAPL,2015-05-01_10-26-47,125.15,194938
AAPL,2015-05-01_10-26-52,125.15,194938
AAPL,2015-05-01_10-26-57,125.15,194938
AAPL,2015-05-01_10-27-02,125.15,194938
AAPL,2015-05-01_10-27-07,125.15,194938
AAPL,2015-05-01_10-27-12,125.15,194938
AAPL,2015-05-01_10-27-17,125.15,194938
AAPL,2015-05-01_10-27-22,125.15,194938
AAPL,2015-05-01_10-27-27,125.15,194938
AAPL,2015-05-01_10-27-32,125.15,194938
AAPL,2015-05-01_10-27-37,125.15,194938
AAPL,2015-05-01_10-27-42,125.15,194938
AAPL,2015-05-01_10-27-47,125.15,194938
AAPL,2015-05-01_10-27-52,125.15,194938
AAPL,2015-05-01_10-27-57,125.15,194938
AAPL,2015-05-01_10-28-02,125.15,194938
AAPL,2015-05-01_10-28-07,125.15,194938
AAPL,2015-05-01_10-28-12,125.15,194938
AAPL,2015-05-01_10-28-17,125.15,194938
AAPL,2015-05-01_10-28-22,125.15,194938
AAPL,2015-05-01_10-28-27,125.15,194938
AAPL,2015-05-01_10-28-32,125.15,194938
AAPL,2015-05-01_10-28-37,125.15,194938
AAPL,2015-05-01_10-28-42,125.15,194938
AAPL,2015-05-01_10-28-47,125.15,194938
AAPL,2015-05-01_10-28-52,125.15,194938
AAPL,2015-05-01_10-28-57,125.15,194938
AAPL,2015-05-01_10-29-02,125.15,194938
AAPL,2015-05-01_10-29-07,125.15,194938
AAPL,2015-05-01_10-29-12,125.15,194938
AAPL,2015-05-01_10-29-17,125.15,194938
AAPL,2015-05-01_10-29-22,125.15,194938
AAPL,2015-05-01_10-29-27,125.15,194938
AAPL,2015-05-01_10-29-32,125.15,194938
AAPL,2015-05-01_10-29-37,125.15,194938
AAPL,2015-05-01_10-29-42,125.15,194938
AAPL,2015-05-01_10-29-47,125.15,194938
AAPL,2015-05-01_10-29-52,125.15,194938
AAPL,2015-05-01_10-29-57,125.15,194938
AAPL,2015-05-01_10-30-02,125.15,194938
AAPL,2015-05-01_10-30-07,125.15,194938
AAPL,2015-05-01_10-30-12,125.15,194938
AAPL,2015-05-01_10-30-17,125.15,194938
AAPL,2015-05-01_10-30-22,125.15,194938
AAPL,2015-05-01_10-30-27,125.15,194938
AAPL,2015-05-01_10-30-32,125.15,194938
AAPL,2015-05-01_10-30-37,125.15,194938
AAPL,2015-05-01_10-30-42,125.15,194938
AAPL,2015-05-01_10-30-47,125.15,194938
AAPL,2015-05-01_10-30-52,125.15,194938
AAPL,2015-05-01_10-30-57,125.15,194938
AAPL,2015-05-01_10-31-02,125.15,194938
AAPL,2015-05-01_10-31-07,125.15,194938
AAPL,2015-05-01_10-31-12,125.15,194938
AAPL,2015-05-01_10-31-17,125.15,194938
AAPL,2015-05-01_10-31-22,125.15,194938
AAPL,2015-05-01_10-31-27,125.15,194938
AAPL,2015-05-01_10-31-32,125.15,194938
AAPL,2015-05-01_10-31-37,125.15,194938
AAPL,2015-05-01_10-31-42,125.15,194938
AAPL,2015-05-01_10-31-47,125.15,194938
AAPL,2015-05-01_10-31-52,125.15,194938
AAPL,2015-05-01_10-31-57,125.15,194938
AAPL,2015-05-01_10-32-02,125.15,194938
AAPL,2015-05-01_10-32-07,125.15,194938
AAPL,2015-05-01_10-32-12,125.15,194938
AAPL,2015-05-01_10-32-17,125.15,194938
AAPL,2015-05-01_10-32-22,125.15,194938
AAPL,2015-05-01_10-32-27,125.15,194938
AAPL,2015-05-01_10-32-32,125.15,194938
AAPL,2015-05-01_10-32-37,125.15,194938
AAPL,2015-05-01_10-32-42,125.15,194938
AAPL,2015-05-01_10-32-47,125.15,194938
AAPL,2015-05-01_10-32-52,125.15,194938
AAPL,2015-05-01_10-32-57,125.15,194938
AAPL,2015-05-01_10-33-02,125.15,194938
AAPL,2015-05-01_10-33-07,125.15,194938
AAPL,2015-05-01_10-33-12,125.15,194938
AAPL,2015-05-01_10-33-17,125.15,194938
AAPL,2015-05-01_10-33-22,125.15,194938
AAPL,2015-05-01_10-33-27,125.15,194938
AAPL,2015-05-01_10-33-32,125.15,194938
AAPL,2015-05-01_10-33-37,125.15,194938
AAPL,2015-05-01_10-33-42,125.15,194938
AAPL,2015-05-01_10-33-47,125.15,194938
AAPL,2015-05-01_10-33-52,125.15,194938
AAPL,2015-05-01_10-33-57,125.15,194938
AAPL,2015-05-01_10-34-02,125.15,194938
AAPL,2015-05-01_10-34-07,125.15,194938
AAPL,2015-05-01_10-34-12,125.15,194938
AAPL,2015-05-01_10-34-17,125.15,194938
AAPL,2015-05-01_10-34-22,125.15,194938
AAPL,2015-05-01_10-34-27,125.15,194938
AAPL,2015-05-01_10-34-32,125.15,194938
AAPL,2015-05-01_10-34-37,125.15,194938
AAPL,2015-05-01_10-34-42,125.15,194938
AAPL,2015-05-01_10-34-47,125.15,194938
AAPL,2015-05-01_10-34-52,125.15,194938
AAPL,2015-05-01_10-34-57,125.15,194938
AAPL,2015-05-01_10-35-02,125.15,194938
AAPL,2015-05-01_10-35-07,125.15,194938
AAPL,2015-05-01_10-35-12,125.15,194938
AAPL,2015-05-01_10-35-17,125.15,194938
AAPL,2015-05-01_10-35-22,125.15,194938
AAPL,2015-05-01_10-35-27,125.15,194938
AAPL,2015-05-01_10-35-32,125.15,194938
AAPL,2015-05-01_10-35-37,125.15,194938
AAPL,2015-05-01_10-35-42,125.15,194938
AAPL,2015-05-01_10-35-47,125.15,194938
AAPL,2015-05-01_10-35-52,125.15,194938
AAPL,2015-05-01_10-35-57,125.15,194938
AAPL,2015-05-01_10-36-02,125.15,194938
AAPL,2015-05-01_10-36-07,125.15,194938
AAPL,2015-05-01_10-36-12,125.15,194938
AAPL,2015-05-01_10-36-17,125.15,194938
AAPL,2015-05-01_10-36-22,125.15,194938
AAPL,2015-05-01_10-36-27,125.15,194938
AAPL,2015-05-01_10-36-32,125.15,194938
AAPL,2015-05-01_10-36-37,125.15,194938
AAPL,2015-05-01_10-36-42,125.15,194938
AAPL,2015-05-01_10-36-47,125.15,194938
AAPL,2015-05-01_10-36-52,125.15,194938
AAPL,2015-05-01_10-36-57,125.15,194938
AAPL,2015-05-01_10-37-02,125.15,194938
AAPL,2015-05-01_10-37-07,125.15,194938
AAPL,2015-05-01_10-37-12,125.15,194938
AAPL,2015-05-01_10-37-17,125.15,194938
AAPL,2015-05-01_10-37-22,125.15,194938
AAPL,2015-05-01_10-37-27,125.15,194938
AAPL,2015-05-01_10-37-32,125.15,194938
AAPL,2015-05-01_10-37-37,125.15,194938
AAPL,2015-05-01_10-37-42,125.15,194938
AAPL,2015-05-01_10-37-47,125.15,194938
AAPL,2015-05-01_10-37-52,125.15,194938
AAPL,2015-05-01_10-37-57,125.15,194938
AAPL,2015-05-01_10-38-02,125.15,194938
AAPL,2015-05-01_10-38-07,125.15,194938
AAPL,2015-05-01_10-38-12,125.15,194938
AAPL,2015-05-01_10-38-17,125.15,194938
AAPL,2015-05-01_10-38-22,125.15,194938
AAPL,2015-05-01_10-38-27,125.15,194938
AAPL,2015-05-01_10-38-32,125.15,194938
AAPL,2015-05-01_10-38-37,125.15,194938
AAPL,2015-05-01_10-38-42,125.15,194938
AAPL,2015-05-01_10-38-47,125.15,194938
AAPL,2015-05-01_10-38-52,125.15,194938
AAPL,2015-05-01_10-38-57,125.15,194938
AAPL,2015-05-01_10-39-02,125.15,194938
AAPL,2015-05-01_10-39-07,125.15,194938
AAPL,2015-05-01_10-39-12,125.15,194938
AAPL,2015-05-01_10-39-17,125.15,194938
AAPL,2015-05-01_10-39-22,125.15,194938
AAPL,2015-05-01_10-39-27,125.15,194938
AAPL,2015-05-01_10-39-32,125.15,194938
AAPL,2015-05-01_10-39-37,125.15,194938
AAPL,2015-05-01_10-39-42,125.15,194938
AAPL,2015-05-01_10-39-47,125.15,194938
AAPL,2015-05-01_10-39-52,125.15,194938
AAPL,2015-05-01_10-39-57,125.15,194938
AAPL,2015-05-01_10-40-02,125.15,194938
AAPL,2015-05-01_10-40-07,125.15,194938
AAPL,2015-05-01_10-40-12,125.15,194938
AAPL,2015-05-01_10-40-17,125.15,194938
AAPL,2015-05-01_10-40-22,125.15,194938
AAPL,2015-05-01_10-40-27,125.15,194938
AAPL,2015-05-01_10-40-32,125.15,194938
AAPL,2015-05-01_10-40-37,125.15,194938
AAPL,2015-05-01_10-40-42,125.15,194938
AAPL,2015-05-01_10-40-47,125.15,194938
AAPL,2015-05-01_10-40-52,125.15,194938
AAPL,2015-05-01_10-40-57,125.15,194938
AAPL,2015-05-01_10-41-02,125.15,194938
AAPL,2015-05-01_10-41-07,125.15,194938
AAPL,2015-05-01_10-41-12,125.15,194938
AAPL,2015-05-01_10-41-17,125.15,194938
AAPL,2015-05-01_10-41-22,125.15,194938
AAPL,2015-05-01_10-41-27,125.15,194938
AAPL,2015-05-01_10-41-32,125.15,194938
AAPL,2015-05-01_10-41-37,125.15,194938
AAPL,2015-05-01_10-41-42,125.15,194938
AAPL,2015-05-01_10-41-47,125.15,194938
AAPL,2015-05-01_10-41-52,125.15,194938
AAPL,2015-05-01_10-41-57,125.15,194938
AAPL,2015-05-01_10-42-02,125.15,194938
AAPL,2015-05-01_10-42-07,125.15,194938
AAPL,2015-05-01_10-42-12,125.15,194938
AAPL,2015-05-01_10-42-17,125.15,194938
AAPL,2015-05-01_10-42-22,125.15,194938
AAPL,2015-05-01_10-42-27,125.15,194938
AAPL,2015-05-01_10-42-32,125.15,194938
AAPL,2015-05-01_10-42-37,125.15,194938
AAPL,2015-05-01_10-42-42,125.15,194938
AAPL,2015-05-01_10-42-47,125.15,194938
AAPL,2015-05-01_10-42-52,125.15,194938
AAPL,2015-05-01_10-42-57,125.15,194938
AAPL,2015-05-01_10-43-02,125.15,194938
AAPL,2015-05-01_10-43-07,125.15,194938
AAPL,2015-05-01_10-43-12,125.15,194938
AAPL,2015-05-01_10-43-17,125.15,194938
AAPL,2015-05-01_10-43-22,125.15,194938
AAPL,2015-05-01_10-43-27,125.15,194938
AAPL,2015-05-01_10-43-32,125.15,194938
AAPL,2015-05-01_10-43-37,125.15,194938
AAPL,2015-05-01_10-43-42,125.15,194938
AAPL,2015-05-01_10-43-47,125.15,194938
AAPL,2015-05-01_10-43-52,125.15,194938
AAPL,2015-05-01_10-43-57,125.15,194938
AAPL,2015-05-01_10-44-02,125.15,194938
AAPL,2015-05-01_10-44-07,125.15,194938
AAPL,2015-05-01_10-44-12,125.15,194938
AAPL,2015-05-01_10-44-17,125.15,194938
AAPL,2015-05-01_10-44-22,125.15,194938
AAPL,2015-05-01_10-44-27,125.15,194938
AAPL,2015-05-01_10-44-32,125.15,194938
AAPL,2015-05-01_10-44-37,125.15,194938
AAPL,2015-05-01_10-44-42,125.15,194938
AAPL,2015-05-01_10-44-47,125.15,194938
AAPL,2015-05-01_10-44-52,125.15,194938
AAPL,2015-05-01_10-44-57,125.15,194938
AAPL,2015-05-01_10-45-02,125.15,194938
AAPL,2015-05-01_10-45-07,125.15,194938
AAPL,2015-05-01_10-45-12,125.15,194938
AAPL,2015-05-01_10-45-17,125.15,194938
AAPL,2015-05-01_10-45-22,125.15,194938
AAPL,2015-05-01_10-45-27,125.15,194938
AAPL,2015-05-01_10-45-32,125.15,194938
AAPL,2015-05-01_10-45-37,125.15,194938
AAPL,2015-05-01_10-45-42,125.15,194938
AAPL,2015-05-01_10-45-47,125.15,194938
AAPL,2015-05-01_10-45-52,125.15,194938
AAPL,2015-05-01_10-45-57,125.15,194938
AAPL,2015-05-01_10-46-02,125.15,194938
AAPL,2015-05-01_10-46-07,125.15,194938
AAPL,2015-05-01_10-46-12,125.15,194938
AAPL,2015-05-01_10-46-17,125.15,194938
AAPL,2015-05-01_10-46-22,125.15,194938
AAPL,2015-05-01_10-46-27,125.15,194938
AAPL,2015-05-01_10-46-32,125.15,194938
AAPL,2015-05-01_10-46-37,125.15,194938
AAPL,2015-05-01_10-46-42,125.15,194938
AAPL,2015-05-01_10-46-47,125.15,194938
AAPL,2015-05-01_10-46-52,125.15,194938
AAPL,2015-05-01_10-46-57,125.15,194938
AAPL,2015-05-01_10-47-02,125.15,194938
AAPL,2015-05-01_10-47-07,125.15,194938
AAPL,2015-05-01_10-47-12,125.15,194938
AAPL,2015-05-01_10-47-17,125.15,194938
AAPL,2015-05-01_10-47-22,125.15,194938
AAPL,2015-05-01_10-47-27,125.15,194938
AAPL,2015-05-01_10-47-32,125.15,194938
AAPL,2015-05-01_10-47-37,125.15,194938
AAPL,2015-05-01_10-47-42,125.15,194938
AAPL,2015-05-01_10-47-47,125.15,194938
AAPL,2015-05-01_10-47-52,125.15,194938
AAPL,2015-05-01_10-47-57,125.15,194938
AAPL,2015-05-01_10-48-02,125.15,194938
AAPL,2015-05-01_10-48-07,125.15,194938
AAPL,2015-05-01_10-48-12,125.15,194938
AAPL,2015-05-01_10-48-17,125.15,194938
AAPL,2015-05-01_10-48-22,125.15,194938
AAPL,2015-05-01_10-48-27,125.15,194938
AAPL,2015-05-01_10-48-32,125.15,194938
AAPL,2015-05-01_10-48-37,125.15,194938
AAPL,2015-05-01_10-48-42,125.15,194938
AAPL,2015-05-01_10-48-47,125.15,194938
AAPL,2015-05-01_10-48-52,125.15,194938
AAPL,2015-05-01_10-48-57,125.15,194938
AAPL,2015-05-01_10-49-02,125.15,194938
AAPL,2015-05-01_10-49-07,125.15,194938
AAPL,2015-05-01_10-49-12,125.15,194938
AAPL,2015-05-01_10-49-17,125.15,194938
AAPL,2015-05-01_10-49-22,125.15,194938
AAPL,2015-05-01_10-49-27,125.15,194938
AAPL,2015-05-01_10-49-32,125.15,194938
AAPL,2015-05-01_10-49-37,125.15,194938
AAPL,2015-05-01_10-49-42,125.15,194938
AAPL,2015-05-01_10-49-47,125.15,194938
AAPL,2015-05-01_10-49-52,125.15,194938
AAPL,2015-05-01_10-49-57,125.15,194938
AAPL,2015-05-01_10-50-02,125.15,194938
AAPL,2015-05-01_10-50-07,125.15,194938
AAPL,2015-05-01_10-50-12,125.15,194938
AAPL,2015-05-01_10-50-17,125.15,194938
AAPL,2015-05-01_10-50-22,125.15,194938
AAPL,2015-05-01_10-50-27,125.15,194938
AAPL,2015-05-01_10-50-32,125.15,194938
AAPL,2015-05-01_10-50-37,125.15,194938
AAPL,2015-05-01_10-50-42,125.15,194938
AAPL,2015-05-01_10-50-47,125.15,194938
AAPL,2015-05-01_10-50-52,125.15,194938
AAPL,2015-05-01_10-50-57,125.15,194938
AAPL,2015-05-01_10-51-02,125.15,194938
AAPL,2015-05-01_10-51-07,125.15,194938
AAPL,2015-05-01_10-51-12,125.15,194938
AAPL,2015-05-01_10-51-17,125.15,194938
AAPL,2015-05-01_10-51-22,125.15,194938
AAPL,2015-05-01_10-51-27,125.15,194938
AAPL,2015-05-01_10-51-32,125.15,194938
AAPL,2015-05-01_10-51-37,125.15,194938
AAPL,2015-05-01_10-51-42,125.15,194938
AAPL,2015-05-01_10-51-47,125.15,194938
AAPL,2015-05-01_10-51-52,125.15,194938
AAPL,2015-05-01_10-51-57,125.15,194938
AAPL,2015-05-01_10-52-02,125.15,194938
AAPL,2015-05-01_10-52-07,125.15,194938
AAPL,2015-05-01_10-52-12,125.15,194938
AAPL,2015-05-01_10-52-17,125.15,194938
AAPL,2015-05-01_10-52-22,125.15,194938
AAPL,2015-05-01_10-52-27,125.15,194938
AAPL,2015-05-01_10-52-32,125.15,194938
AAPL,2015-05-01_10-52-37,125.15,194938
AAPL,2015-05-01_10-52-42,125.15,194938
AAPL,2015-05-01_10-52-47,125.15,194938
AAPL,2015-05-01_10-52-52,125.15,194938
AAPL,2015-05-01_10-52-57,125.15,194938
AAPL,2015-05-01_10-53-02,125.15,194938
AAPL,2015-05-01_10-53-07,125.15,194938
AAPL,2015-05-01_10-53-12,125.15,194938
AAPL,2015-05-01_10-53-17,125.15,194938
AAPL,2015-05-01_10-53-22,125.15,194938
AAPL,2015-05-01_10-53-27,125.15,194938
AAPL,2015-05-01_10-53-32,125.15,194938
AAPL,2015-05-01_10-53-37,125.15,194938
AAPL,2015-05-01_10-53-42,125.15,194938
AAPL,2015-05-01_10-53-47,125.15,194938
AAPL,2015-05-01_10-53-52,125.15,194938
AAPL,2015-05-01_10-53-57,125.15,194938
AAPL,2015-05-01_10-54-02,125.15,194938
AAPL,2015-05-01_10-54-07,125.15,194938
AAPL,2015-05-01_10-54-12,125.15,194938
AAPL,2015-05-01_10-54-17,125.15,194938
AAPL,2015-05-01_10-54-22,125.15,194938
AAPL,2015-05-01_10-54-27,125.15,194938
AAPL,2015-05-01_10-54-32,125.15,194938
AAPL,2015-05-01_10-54-37,125.15,194938
AAPL,2015-05-01_10-54-42,125.15,194938
AAPL,2015-05-01_10-54-47,125.15,194938
AAPL,2015-05-01_10-54-52,125.15,194938
AAPL,2015-05-01_10-54-57,125.15,194938
AAPL,2015-05-01_10-55-02,125.15,194938
AAPL,2015-05-01_10-55-07,125.15,194938
AAPL,2015-05-01_10-55-12,125.15,194938
AAPL,2015-05-01_10-55-17,125.15,194938
AAPL,2015-05-01_10-55-22,125.15,194938
AAPL,2015-05-01_10-55-27,125.15,194938
AAPL,2015-05-01_10-55-32,125.15,194938
AAPL,2015-05-01_10-55-37,125.15,194938
AAPL,2015-05-01_10-55-42,125.15,194938
AAPL,2015-05-01_10-55-47,125.15,194938
AAPL,2015-05-01_10-55-52,125.15,194938
AAPL,2015-05-01_10-55-57,125.15,194938
AAPL,2015-05-01_10-56-02,125.15,194938
AAPL,2015-05-01_10-56-07,125.15,194938
AAPL,2015-05-01_10-56-12,125.15,194938
AAPL,2015-05-01_10-56-17,125.15,194938
AAPL,2015-05-01_10-56-22,125.15,194938
AAPL,2015-05-01_10-56-27,125.15,194938
AAPL,2015-05-01_10-56-32,125.15,194938
AAPL,2015-05-01_10-56-37,125.15,194938
AAPL,2015-05-01_10-56-42,125.15,194938
AAPL,2015-05-01_10-56-47,125.15,194938
AAPL,2015-05-01_10-56-52,125.15,194938
AAPL,2015-05-01_10-56-57,125.15,194938
AAPL,2015-05-01_10-57-02,125.15,194938
AAPL,2015-05-01_10-57-07,125.15,194938
AAPL,2015-05-01_10-57-12,125.15,194938
AAPL,2015-05-01_10-57-17,125.15,194938
AAPL,2015-05-01_10-57-22,125.15,194938
AAPL,2015-05-01_10-57-27,125.15,194938
AAPL,2015-05-01_10-57-32,125.15,194938
AAPL,2015-05-01_10-57-37,125.15,194938
AAPL,2015-05-01_10-57-42,125.15,194938
AAPL,2015-05-01_10-57-47,125.15,194938
AAPL,2015-05-01_10-57-52,125.15,194938
AAPL,2015-05-01_10-57-57,125.15,194938
AAPL,2015-05-01_10-58-02,125.15,194938
AAPL,2015-05-01_10-58-07,125.15,194938
AAPL,2015-05-01_10-58-12,125.15,194938
AAPL,2015-05-01_10-58-17,125.15,194938
AAPL,2015-05-01_10-58-22,125.15,194938
AAPL,2015-05-01_10-58-27,125.15,194938
AAPL,2015-05-01_10-58-32,125.15,194938
AAPL,2015-05-01_10-58-37,125.15,194938
AAPL,2015-05-01_10-58-42,125.15,194938
AAPL,2015-05-01_10-58-47,125.15,194938
AAPL,2015-05-01_10-58-52,125.15,194938
AAPL,2015-05-01_10-58-57,125.15,194938
AAPL,2015-05-01_10-59-02,125.15,194938
AAPL,2015-05-01_10-59-07,125.15,194938
AAPL,2015-05-01_10-59-12,125.15,194938
AAPL,2015-05-01_10-59-17,125.15,194938
AAPL,2015-05-01_10-59-22,125.15,194938
AAPL,2015-05-01_10-59-27,125.15,194938
AAPL,2015-05-01_10-59-32,125.15,194938
AAPL,2015-05-01_10-59-37,125.15,194938
AAPL,2015-05-01_10-59-42,125.15,194938
AAPL,2015-05-01_10-59-47,125.15,194938
AAPL,2015-05-01_10-59-52,125.15,194938
AAPL,2015-05-01_10-59-57,125.15,194938
AAPL,2015-05-01_11-00-02,125.15,194938
AAPL,2015-05-01_11-00-07,125.15,194938
AAPL,2015-05-01_11-00-12,125.15,194938
AAPL,2015-05-01_11-00-17,125.15,194938
AAPL,2015-05-01_11-00-22,125.15,194938
AAPL,2015-05-01_11-00-27,125.15,194938
AAPL,2015-05-01_11-00-32,125.15,194938
AAPL,2015-05-01_11-00-37,125.15,194938
AAPL,2015-05-01_11-00-42,125.15,194938
AAPL,2015-05-01_11-00-47,125.15,194938
AAPL,2015-05-01_11-00-52,125.15,194938
AAPL,2015-05-01_11-00-57,125.15,194938
AAPL,2015-05-01_11-01-02,125.15,194938
AAPL,2015-05-01_11-01-07,125.15,194938
AAPL,2015-05-01_11-01-12,125.15,194938
AAPL,2015-05-01_11-01-17,125.15,194938
AAPL,2015-05-01_11-01-22,125.15,194938
AAPL,2015-05-01_11-01-27,125.15,194938
AAPL,2015-05-01_11-01-32,125.15,194938
AAPL,2015-05-01_11-01-37,125.15,194938
AAPL,2015-05-01_11-01-42,125.15,194938
AAPL,2015-05-01_11-01-47,125.15,194938
AAPL,2015-05-01_11-01-52,125.15,194938
AAPL,2015-05-01_11-01-57,125.15,194938
AAPL,2015-05-01_11-02-02,125.15,194938
AAPL,2015-05-01_11-02-07,125.15,194938
AAPL,2015-05-01_11-02-12,125.15,194938
AAPL,2015-05-01_11-02-17,125.15,194938
AAPL,2015-05-01_11-02-22,125.15,194938
AAPL,2015-05-01_11-02-27,125.15,194938
AAPL,2015-05-01_11-02-32,125.15,194938
AAPL,2015-05-01_11-02-37,125.15,194938
AAPL,2015-05-01_11-02-42,125.15,194938
AAPL,2015-05-01_11-02-47,125.15,194938
AAPL,2015-05-01_11-02-52,125.15,194938
AAPL,2015-05-01_11-02-57,125.15,194938
AAPL,2015-05-01_11-03-02,125.15,194938
AAPL,2015-05-01_11-03-07,125.15,194938
AAPL,2015-05-01_11-03-12,125.15,194938
AAPL,2015-05-01_11-03-17,125.15,194938
AAPL,2015-05-01_11-03-22,125.15,194938
AAPL,2015-05-01_11-03-27,125.15,194938
AAPL,2015-05-01_11-03-32,125.15,194938
AAPL,2015-05-01_11-03-37,125.15,194938
AAPL,2015-05-01_11-03-42,125.15,194938
AAPL,2015-05-01_11-03-47,125.15,194938
AAPL,2015-05-01_11-03-52,125.15,194938
AAPL,2015-05-01_11-03-57,125.15,194938
AAPL,2015-05-01_11-04-02,125.15,194938
AAPL,2015-05-01_11-04-07,125.15,194938
AAPL,2015-05-01_11-04-12,125.15,194938
AAPL,2015-05-01_11-04-17,125.15,194938
AAPL,2015-05-01_11-04-22,125.15,194938
AAPL,2015-05-01_11-04-27,125.15,194938
AAPL,2015-05-01_11-04-32,125.15,194938
AAPL,2015-05-01_11-04-37,125.15,194938
AAPL,2015-05-01_11-04-42,125.15,194938
AAPL,2015-05-01_11-04-47,125.15,194938
AAPL,2015-05-01_11-04-52,125.15,194938
AAPL,2015-05-01_11-04-57,125.15,194938
AAPL,2015-05-01_11-05-02,125.15,194938
AAPL,2015-05-01_11-05-07,125.15,194938
AAPL,2015-05-01_11-05-12,125.15,194938
AAPL,2015-05-01_11-05-17,125.15,194938
AAPL,2015-05-01_11-05-22,125.15,194938
AAPL,2015-05-01_11-05-27,125.15,194938
AAPL,2015-05-01_11-05-32,125.15,194938
AAPL,2015-05-01_11-05-37,125.15,194938
AAPL,2015-05-01_11-05-42,125.15,194938
AAPL,2015-05-01_11-05-47,125.15,194938
AAPL,2015-05-01_11-05-52,125.15,194938
AAPL,2015-05-01_11-05-57,125.15,194938
AAPL,2015-05-01_11-06-02,125.15,194938
AAPL,2015-05-01_11-06-07,125.15,194938
AAPL,2015-05-01_11-06-12,125.15,194938
AAPL,2015-05-01_11-06-17,125.15,194938
AAPL,2015-05-01_11-06-22,125.15,194938
AAPL,2015-05-01_11-06-27,125.15,194938
AAPL,2015-05-01_11-06-32,125.15,194938
AAPL,2015-05-01_11-06-37,125.15,194938
AAPL,2015-05-01_11-06-42,125.15,194938
AAPL,2015-05-01_11-06-47,125.15,194938
AAPL,2015-05-01_11-06-52,125.15,194938
AAPL,2015-05-01_11-06-57,125.15,194938
AAPL,2015-05-01_11-07-02,125.15,194938
AAPL,2015-05-01_11-07-07,125.15,194938
AAPL,2015-05-01_11-07-12,125.15,194938
AAPL,2015-05-01_11-07-17,125.15,194938
AAPL,2015-05-01_11-07-22,125.15,194938
AAPL,2015-05-01_11-07-27,125.15,194938
AAPL,2015-05-01_11-07-32,125.15,194938
AAPL,2015-05-01_11-07-37,125.15,194938
AAPL,2015-05-01_11-07-42,125.15,194938
AAPL,2015-05-01_11-07-47,125.15,194938
AAPL,2015-05-01_11-07-52,125.15,194938
AAPL,2015-05-01_11-07-57,125.15,194938
AAPL,2015-05-01_11-08-02,125.15,194938
AAPL,2015-05-01_11-08-07,125.15,194938
AAPL,2015-05-01_11-08-12,125.15,194938
AAPL,2015-05-01_11-08-17,125.15,194938
AAPL,2015-05-01_11-08-22,125.15,194938
AAPL,2015-05-01_11-08-27,125.15,194938
AAPL,2015-05-01_11-08-32,125.15,194938
AAPL,2015-05-01_11-08-37,125.15,194938
AAPL,2015-05-01_11-08-42,125.15,194938
AAPL,2015-05-01_11-08-47,125.15,194938
AAPL,2015-05-01_11-08-52,125.15,194938
AAPL,2015-05-01_11-08-57,125.15,194938
AAPL,2015-05-01_11-09-02,125.15,194938
AAPL,2015-05-01_11-09-07,125.15,194938
AAPL,2015-05-01_11-09-12,125.15,194938
AAPL,2015-05-01_11-09-17,125.15,194938
AAPL,2015-05-01_11-09-22,125.15,194938
AAPL,2015-05-01_11-09-27,125.15,194938
AAPL,2015-05-01_11-09-32,125.15,194938
AAPL,2015-05-01_11-09-37,125.15,194938
AAPL,2015-05-01_11-09-42,125.15,194938
AAPL,2015-05-01_11-09-47,125.15,194938
AAPL,2015-05-01_11-09-52,125.15,194938
AAPL,2015-05-01_11-09-57,125.15,194938
AAPL,2015-05-01_11-10-02,125.15,194938
AAPL,2015-05-01_11-10-07,125.15,194938
AAPL,2015-05-01_11-10-12,125.15,194938
AAPL,2015-05-01_11-10-17,125.15,194938
AAPL,2015-05-01_11-10-22,125.15,194938
AAPL,2015-05-01_11-10-27,125.15,194938
AAPL,2015-05-01_11-10-32,125.15,194938
AAPL,2015-05-01_11-10-37,125.15,194938
AAPL,2015-05-01_11-10-42,125.15,194938
AAPL,2015-05-01_11-10-47,125.15,194938
AAPL,2015-05-01_11-10-52,125.15,194938
AAPL,2015-05-01_11-10-57,125.15,194938
AAPL,2015-05-01_11-11-02,125.15,194938
AAPL,2015-05-01_11-11-07,125.15,194938
AAPL,2015-05-01_11-11-12,125.15,194938
AAPL,2015-05-01_11-11-17,125.15,194938
AAPL,2015-05-01_11-11-22,125.15,194938
AAPL,2015-05-01_11-11-27,125.15,194938
AAPL,2015-05-01_11-11-32,125.15,194938
AAPL,2015-05-01_11-11-37,125.15,194938
AAPL,2015-05-01_11-11-42,125.15,194938
AAPL,2015-05-01_11-11-47,125.15,194938
AAPL,2015-05-01_11-11-52,125.15,194938
AAPL,2015-05-01_11-11-57,125.15,194938
AAPL,2015-05-01_11-12-02,125.15,194938
AAPL,2015-05-01_11-12-07,125.15,194938
AAPL,2015-05-01_11-12-12,125.15,194938
AAPL,2015-05-01_11-12-17,125.15,194938
AAPL,2015-05-01_11-12-22,125.15,194938
AAPL,2015-05-01_11-12-27,125.15,194938
AAPL,2015-05-01_11-12-32,125.15,194938
AAPL,2015-05-01_11-12-37,125.15,194938
AAPL,2015-05-01_11-12-43,125.15,194938
AAPL,2015-05-01_11-12-48,125.15,194938
AAPL,2015-05-01_11-12-53,125.15,194938
AAPL,2015-05-01_11-12-58,125.15,194938
AAPL,2015-05-01_11-13-03,125.15,194938
AAPL,2015-05-01_11-13-08,125.15,194938
AAPL,2015-05-01_11-13-13,125.15,194938
AAPL,2015-05-01_11-13-18,125.15,194938
AAPL,2015-05-01_11-13-23,125.15,194938
AAPL,2015-05-01_11-13-28,125.15,194938
AAPL,2015-05-01_11-13-33,125.15,194938
AAPL,2015-05-01_11-13-38,125.15,194938
AAPL,2015-05-01_11-13-43,125.15,194938
AAPL,2015-05-01_11-13-48,125.15,194938
AAPL,2015-05-01_11-13-53,125.15,194938
AAPL,2015-05-01_11-13-58,125.15,194938
AAPL,2015-05-01_11-14-03,125.15,194938
AAPL,2015-05-01_11-14-08,125.15,194938
AAPL,2015-05-01_11-14-13,125.15,194938
AAPL,2015-05-01_11-14-18,125.15,194938
AAPL,2015-05-01_11-14-23,125.15,194938
AAPL,2015-05-01_11-14-28,125.15,194938
AAPL,2015-05-01_11-14-33,125.15,194938
AAPL,2015-05-01_11-14-38,125.15,194938
AAPL,2015-05-01_11-14-43,125.15,194938
AAPL,2015-05-01_11-14-48,125.15,194938
AAPL,2015-05-01_11-14-53,125.15,194938
AAPL,2015-05-01_11-14-58,125.15,194938
AAPL,2015-05-01_11-15-03,125.15,194938
AAPL,2015-05-01_11-15-08,125.15,194938
AAPL,2015-05-01_11-15-13,125.15,194938
AAPL,2015-05-01_11-15-18,125.15,194938
AAPL,2015-05-01_11-15-23,125.15,194938
AAPL,2015-05-01_11-15-28,125.15,194938
AAPL,2015-05-01_11-15-33,125.15,194938
AAPL,2015-05-01_11-15-38,125.15,194938
AAPL,2015-05-01_11-15-43,125.15,194938
AAPL,2015-05-01_11-15-48,125.15,194938
AAPL,2015-05-01_11-15-53,125.15,194938
AAPL,2015-05-01_11-15-58,125.15,194938
AAPL,2015-05-01_11-16-03,125.15,194938
AAPL,2015-05-01_11-16-08,125.15,194938
AAPL,2015-05-01_11-16-13,125.15,194938
AAPL,2015-05-01_11-16-18,125.15,194938
AAPL,2015-05-01_11-16-23,125.15,194938
AAPL,2015-05-01_11-16-28,125.15,194938
AAPL,2015-05-01_11-16-33,125.15,194938
AAPL,2015-05-01_11-16-38,125.15,194938
AAPL,2015-05-01_11-16-43,125.15,194938
AAPL,2015-05-01_11-16-48,125.15,194938
AAPL,2015-05-01_11-16-53,125.15,194938
AAPL,2015-05-01_11-16-58,125.15,194938
AAPL,2015-05-01_11-17-03,125.15,194938
AAPL,2015-05-01_11-17-08,125.15,194938
AAPL,2015-05-01_11-17-13,125.15,194938
AAPL,2015-05-01_11-17-18,125.15,194938
AAPL,2015-05-01_11-17-23,125.15,194938
AAPL,2015-05-01_11-17-28,125.15,194938
AAPL,2015-05-01_11-17-33,125.15,194938
AAPL,2015-05-01_11-17-38,125.15,194938
AAPL,2015-05-01_11-17-43,125.15,194938
AAPL,2015-05-01_11-17-48,125.15,194938
AAPL,2015-05-01_11-17-53,125.15,194938
AAPL,2015-05-01_11-17-58,125.15,194938
AAPL,2015-05-01_11-18-03,125.15,194938
AAPL,2015-05-01_11-18-08,125.15,194938
AAPL,2015-05-01_11-18-13,125.15,194938
AAPL,2015-05-01_11-18-18,125.15,194938
AAPL,2015-05-01_11-18-23,125.15,194938
AAPL,2015-05-01_11-18-28,125.15,194938
AAPL,2015-05-01_11-18-33,125.15,194938
AAPL,2015-05-01_11-18-38,125.15,194938
AAPL,2015-05-01_11-18-43,125.15,194938
AAPL,2015-05-01_11-18-48,125.15,194938
AAPL,2015-05-01_11-18-53,125.15,194938
AAPL,2015-05-01_11-18-58,125.15,194938
AAPL,2015-05-01_11-19-03,125.15,194938
AAPL,2015-05-01_11-19-08,125.15,194938
AAPL,2015-05-01_11-19-13,125.15,194938
AAPL,2015-05-01_11-19-18,125.15,194938
AAPL,2015-05-01_11-19-23,125.15,194938
AAPL,2015-05-01_11-19-28,125.15,194938
AAPL,2015-05-01_11-19-33,125.15,194938
AAPL,2015-05-01_11-19-38,125.15,194938
AAPL,2015-05-01_11-19-43,125.15,194938
AAPL,2015-05-01_11-19-48,125.15,194938
AAPL,2015-05-01_11-19-53,125.15,194938
AAPL,2015-05-01_11-19-58,125.15,194938
AAPL,2015-05-01_11-20-03,125.15,194938
AAPL,2015-05-01_11-20-08,125.15,194938
AAPL,2015-05-01_11-20-13,125.15,194938
AAPL,2015-05-01_11-20-18,125.15,194938
AAPL,2015-05-01_11-20-23,125.15,194938
AAPL,2015-05-01_11-20-28,125.15,194938
AAPL,2015-05-01_11-20-33,125.15,194938
AAPL,2015-05-01_11-20-38,125.15,194938
AAPL,2015-05-01_11-20-43,125.15,194938
AAPL,2015-05-01_11-20-48,125.15,194938
AAPL,2015-05-01_11-20-53,125.15,194938
AAPL,2015-05-01_11-20-58,125.15,194938
AAPL,2015-05-01_11-21-03,125.15,194938
AAPL,2015-05-01_11-21-08,125.15,194938
AAPL,2015-05-01_11-21-13,125.15,194938
AAPL,2015-05-01_11-21-18,125.15,194938
AAPL,2015-05-01_11-21-23,125.15,194938
AAPL,2015-05-01_11-21-28,125.15,194938
AAPL,2015-05-01_11-21-33,125.15,194938
AAPL,2015-05-01_11-21-38,125.15,194938
AAPL,2015-05-01_11-21-43,125.15,194938
AAPL,2015-05-01_11-21-48,125.15,194938
AAPL,2015-05-01_11-21-53,125.15,194938
AAPL,2015-05-01_11-21-58,125.15,194938
AAPL,2015-05-01_11-22-03,125.15,194938
AAPL,2015-05-01_11-22-08,125.15,194938
AAPL,2015-05-01_11-22-13,125.15,194938
AAPL,2015-05-01_11-22-18,125.15,194938
AAPL,2015-05-01_11-22-23,125.15,194938
AAPL,2015-05-01_11-22-28,125.15,194938
AAPL,2015-05-01_11-22-33,125.15,194938
AAPL,2015-05-01_11-22-38,125.15,194938
AAPL,2015-05-01_11-22-43,125.15,194938
AAPL,2015-05-01_11-22-48,125.15,194938
AAPL,2015-05-01_11-22-53,125.15,194938
AAPL,2015-05-01_11-22-58,125.15,194938
AAPL,2015-05-01_11-23-03,125.15,194938
AAPL,2015-05-01_11-23-08,125.15,194938
AAPL,2015-05-01_11-23-13,125.15,194938
AAPL,2015-05-01_11-23-18,125.15,194938
AAPL,2015-05-01_11-23-23,125.15,194938
AAPL,2015-05-01_11-23-28,125.15,194938
AAPL,2015-05-01_11-23-33,125.15,194938
AAPL,2015-05-01_11-23-38,125.15,194938
AAPL,2015-05-01_11-23-43,125.15,194938
AAPL,2015-05-01_11-23-48,125.15,194938
AAPL,2015-05-01_11-23-53,125.15,194938
AAPL,2015-05-01_11-23-58,125.15,194938
AAPL,2015-05-01_11-24-03,125.15,194938
AAPL,2015-05-01_11-24-08,125.15,194938
AAPL,2015-05-01_11-24-13,125.15,194938
AAPL,2015-05-01_11-24-18,125.15,194938
AAPL,2015-05-01_11-24-23,125.15,194938
AAPL,2015-05-01_11-24-28,125.15,194938
AAPL,2015-05-01_11-24-33,125.15,194938
AAPL,2015-05-01_11-24-38,125.15,194938
AAPL,2015-05-01_11-24-43,125.15,194938
AAPL,2015-05-01_11-24-48,125.15,194938
AAPL,2015-05-01_11-24-53,125.15,194938
AAPL,2015-05-01_11-24-58,125.15,194938
