GOOG,2015-05-01_09-40-49,537.34,648
GOOG,2015-05-01_09-40-54,537.34,648
GOOG,2015-05-01_09-40-59,537.34,648
GOOG,2015-05-01_09-41-04,537.34,648
GOOG,2015-05-01_09-41-09,537.34,648
GOOG,2015-05-01_09-41-14,537.34,648
GOOG,2015-05-01_09-41-19,537.34,648
GOOG,2015-05-01_09-41-24,537.34,648
GOOG,2015-05-01_09-41-29,537.34,648
GOOG,2015-05-01_09-41-34,537.34,648
GOOG,2015-05-01_09-41-39,537.34,648
GOOG,2015-05-01_09-41-44,537.34,648
GOOG,2015-05-01_09-41-49,537.34,648
GOOG,2015-05-01_09-41-54,537.34,648
GOOG,2015-05-01_09-41-59,537.34,648
GOOG,2015-05-01_09-42-04,537.34,648
GOOG,2015-05-01_09-42-09,537.34,648
GOOG,2015-05-01_09-42-14,537.34,648
GOOG,2015-05-01_09-42-19,537.34,648
GOOG,2015-05-01_09-42-24,537.34,648
GOOG,2015-05-01_09-42-29,537.34,648
GOOG,2015-05-01_09-42-34,537.34,648
GOOG,2015-05-01_09-42-39,537.34,648
GOOG,2015-05-01_09-42-44,537.34,648
GOOG,2015-05-01_09-42-49,537.34,648
GOOG,2015-05-01_09-42-54,537.34,648
GOOG,2015-05-01_09-42-59,537.34,648
GOOG,2015-05-01_09-43-04,537.34,648
GOOG,2015-05-01_09-43-09,537.34,648
GOOG,2015-05-01_09-43-14,537.34,648
GOOG,2015-05-01_09-43-19,537.34,648
GOOG,2015-05-01_09-43-24,537.34,648
GOOG,2015-05-01_09-43-29,537.34,648
GOOG,2015-05-01_09-43-34,537.34,648
GOOG,2015-05-01_09-43-39,537.34,648
GOOG,2015-05-01_09-43-44,537.34,648
GOOG,2015-05-01_09-43-49,537.34,648
GOOG,2015-05-01_09-43-54,537.34,648
GOOG,2015-05-01_09-43-59,537.34,648
GOOG,2015-05-01_09-44-07,537.34,648
GOOG,2015-05-01_09-44-12,537.34,648
GOOG,2015-05-01_09-44-17,537.34,648
GOOG,2015-05-01_09-44-22,537.34,648
GOOG,2015-05-01_09-44-27,537.34,648
GOOG,2015-05-01_09-44-32,537.34,648
GOOG,2015-05-01_09-44-37,537.34,648
GOOG,2015-05-01_09-44-42,537.34,648
GOOG,2015-05-01_09-44-47,537.34,648
GOOG,2015-05-01_09-44-52,537.34,648
GOOG,2015-05-01_09-44-57,537.34,648
GOOG,2015-05-01_09-45-02,537.34,648
GOOG,2015-05-01_09-45-07,537.34,648
GOOG,2015-05-01_09-45-12,537.34,648
GOOG,2015-05-01_09-45-17,537.34,648
GOOG,2015-05-01_09-45-22,537.34,648
GOOG,2015-05-01_09-45-27,537.34,648
GOOG,2015-05-01_09-45-32,537.34,648
GOOG,2015-05-01_09-45-37,537.34,648
GOOG,2015-05-01_09-45-42,537.34,648
GOOG,2015-05-01_09-45-47,537.34,648
GOOG,2015-05-01_09-45-52,537.34,648
GOOG,2015-05-01_09-45-57,537.34,648
GOOG,2015-05-01_09-46-02,537.34,648
GOOG,2015-05-01_09-46-07,537.34,648
GOOG,2015-05-01_09-46-12,537.34,648
GOOG,2015-05-01_09-46-17,537.34,648
GOOG,2015-05-01_09-46-22,537.34,648
GOOG,2015-05-01_09-46-27,537.34,648
GOOG,2015-05-01_09-46-32,537.34,648
GOOG,2015-05-01_09-46-37,537.34,648
GOOG,2015-05-01_09-46-42,537.34,648
GOOG,2015-05-01_09-46-47,537.34,648
GOOG,2015-05-01_09-46-52,537.34,648
GOOG,2015-05-01_09-46-57,537.34,648
GOOG,2015-05-01_09-47-02,537.34,648
GOOG,2015-05-01_09-47-07,537.34,648
GOOG,2015-05-01_09-47-12,537.34,648
GOOG,2015-05-01_09-47-17,537.34,648
GOOG,2015-05-01_09-47-22,537.34,648
GOOG,2015-05-01_09-47-27,537.34,648
GOOG,2015-05-01_09-47-32,537.34,648
GOOG,2015-05-01_09-47-37,537.34,648
GOOG,2015-05-01_09-47-42,537.34,648
GOOG,2015-05-01_09-47-47,537.34,648
GOOG,2015-05-01_09-47-52,537.34,648
GOOG,2015-05-01_09-47-57,537.34,648
GOOG,2015-05-01_09-48-02,537.34,648
GOOG,2015-05-01_09-48-07,537.34,648
GOOG,2015-05-01_09-48-12,537.34,648
GOOG,2015-05-01_09-48-17,537.34,648
GOOG,2015-05-01_09-48-22,537.34,648
GOOG,2015-05-01_09-48-27,537.34,648
GOOG,2015-05-01_09-48-32,537.34,648
GOOG,2015-05-01_09-48-37,537.34,648
GOOG,2015-05-01_09-48-42,537.34,648
GOOG,2015-05-01_09-48-47,537.34,648
GOOG,2015-05-01_09-48-52,537.34,648
GOOG,2015-05-01_09-48-57,537.34,648
GOOG,2015-05-01_09-49-02,537.34,648
GOOG,2015-05-01_09-49-07,537.34,648
GOOG,2015-05-01_09-49-12,537.34,648
GOOG,2015-05-01_09-49-17,537.34,648
GOOG,2015-05-01_09-49-22,537.34,648
GOOG,2015-05-01_09-49-27,537.34,648
GOOG,2015-05-01_09-49-32,537.34,648
GOOG,2015-05-01_09-49-37,537.34,648
GOOG,2015-05-01_09-49-42,537.34,648
GOOG,2015-05-01_09-49-47,537.34,648
GOOG,2015-05-01_09-49-52,537.34,648
GOOG,2015-05-01_09-49-57,537.34,648
GOOG,2015-05-01_09-50-02,537.34,648
GOOG,2015-05-01_09-50-07,537.34,648
GOOG,2015-05-01_09-50-12,537.34,648
GOOG,2015-05-01_09-50-17,537.34,648
GOOG,2015-05-01_09-50-22,537.34,648
GOOG,2015-05-01_09-50-27,537.34,648
GOOG,2015-05-01_09-50-32,537.34,648
GOOG,2015-05-01_09-50-37,537.34,648
GOOG,2015-05-01_09-50-42,537.34,648
GOOG,2015-05-01_09-50-47,537.34,648
GOOG,2015-05-01_09-50-52,537.34,648
GOOG,2015-05-01_09-50-57,537.34,648
GOOG,2015-05-01_09-51-02,537.34,648
GOOG,2015-05-01_09-51-07,537.34,648
GOOG,2015-05-01_09-51-12,537.34,648
GOOG,2015-05-01_09-51-17,537.34,648
GOOG,2015-05-01_09-51-22,537.34,648
GOOG,2015-05-01_09-51-27,537.34,648
GOOG,2015-05-01_09-51-32,537.34,648
GOOG,2015-05-01_09-51-37,537.34,648
GOOG,2015-05-01_09-51-42,537.34,648
GOOG,2015-05-01_09-51-47,537.34,648
GOOG,2015-05-01_09-51-52,537.34,648
GOOG,2015-05-01_09-51-57,537.34,648
GOOG,2015-05-01_09-52-02,537.34,648
GOOG,2015-05-01_09-52-07,537.34,648
GOOG,2015-05-01_09-52-12,537.34,648
GOOG,2015-05-01_09-52-17,537.34,648
GOOG,2015-05-01_09-52-22,537.34,648
GOOG,2015-05-01_09-52-27,537.34,648
GOOG,2015-05-01_09-52-32,537.34,648
GOOG,2015-05-01_09-52-37,537.34,648
GOOG,2015-05-01_09-52-42,537.34,648
GOOG,2015-05-01_09-52-47,537.34,648
GOOG,2015-05-01_09-52-52,537.34,648
GOOG,2015-05-01_09-52-57,537.34,648
GOOG,2015-05-01_09-53-02,537.34,648
GOOG,2015-05-01_09-53-07,537.34,648
GOOG,2015-05-01_09-53-12,537.34,648
GOOG,2015-05-01_09-53-17,537.34,648
GOOG,2015-05-01_09-53-22,537.34,648
GOOG,2015-05-01_09-53-27,537.34,648
GOOG,2015-05-01_09-53-32,537.34,648
GOOG,2015-05-01_09-53-37,537.34,648
GOOG,2015-05-01_09-53-42,537.34,648
GOOG,2015-05-01_09-53-47,537.34,648
GOOG,2015-05-01_09-53-52,537.34,648
GOOG,2015-05-01_09-53-57,537.34,648
GOOG,2015-05-01_09-54-02,537.34,648
GOOG,2015-05-01_09-54-07,537.34,648
GOOG,2015-05-01_09-54-12,537.34,648
GOOG,2015-05-01_09-54-17,537.34,648
GOOG,2015-05-01_09-54-22,537.34,648
GOOG,2015-05-01_09-54-27,537.34,648
GOOG,2015-05-01_09-54-32,537.34,648
GOOG,2015-05-01_09-54-37,537.34,648
GOOG,2015-05-01_09-54-42,537.34,648
GOOG,2015-05-01_09-54-47,537.34,648
GOOG,2015-05-01_09-54-52,537.34,648
GOOG,2015-05-01_09-54-57,537.34,648
GOOG,2015-05-01_09-55-02,537.34,648
GOOG,2015-05-01_09-55-07,537.34,648
GOOG,2015-05-01_09-55-12,537.34,648
GOOG,2015-05-01_09-55-17,537.34,648
GOOG,2015-05-01_09-55-22,537.34,648
GOOG,2015-05-01_09-55-27,537.34,648
GOOG,2015-05-01_09-55-32,537.34,648
GOOG,2015-05-01_09-55-37,537.34,648
GOOG,2015-05-01_09-55-42,537.34,648
GOOG,2015-05-01_09-55-47,537.34,648
GOOG,2015-05-01_09-55-52,537.34,648
GOOG,2015-05-01_09-55-57,537.34,648
GOOG,2015-05-01_09-56-02,537.34,648
GOOG,2015-05-01_09-56-07,537.34,648
GOOG,2015-05-01_09-56-12,537.34,648
GOOG,2015-05-01_09-56-17,537.34,648
GOOG,2015-05-01_09-56-22,537.34,648
GOOG,2015-05-01_09-56-27,537.34,648
GOOG,2015-05-01_09-56-32,537.34,648
GOOG,2015-05-01_09-56-37,537.34,648
GOOG,2015-05-01_09-56-42,537.34,648
GOOG,2015-05-01_09-56-47,537.34,648
GOOG,2015-05-01_09-56-52,537.34,648
GOOG,2015-05-01_09-56-57,537.34,648
GOOG,2015-05-01_09-57-02,537.34,648
GOOG,2015-05-01_09-57-07,537.34,648
GOOG,2015-05-01_09-57-12,537.34,648
GOOG,2015-05-01_09-57-17,537.34,648
GOOG,2015-05-01_09-57-22,537.34,648
GOOG,2015-05-01_09-57-27,537.34,648
GOOG,2015-05-01_09-57-32,537.34,648
GOOG,2015-05-01_09-57-37,537.34,648
GOOG,2015-05-01_09-57-42,537.34,648
GOOG,2015-05-01_09-57-47,537.34,648
GOOG,2015-05-01_09-57-52,537.34,648
GOOG,2015-05-01_09-57-57,537.34,648
GOOG,2015-05-01_09-58-02,537.34,648
GOOG,2015-05-01_09-58-07,537.34,648
GOOG,2015-05-01_09-58-12,537.34,648
GOOG,2015-05-01_09-58-17,537.34,648
GOOG,2015-05-01_09-58-22,537.34,648
GOOG,2015-05-01_09-58-27,537.34,648
GOOG,2015-05-01_09-58-32,537.34,648
GOOG,2015-05-01_09-58-37,537.34,648
GOOG,2015-05-01_09-58-42,537.34,648
GOOG,2015-05-01_09-58-47,537.34,648
GOOG,2015-05-01_09-58-52,537.34,648
GOOG,2015-05-01_09-58-57,537.34,648
GOOG,2015-05-01_09-59-02,537.34,648
GOOG,2015-05-01_09-59-07,537.34,648
GOOG,2015-05-01_09-59-12,537.34,648
GOOG,2015-05-01_09-59-17,537.34,648
GOOG,2015-05-01_09-59-22,537.34,648
GOOG,2015-05-01_09-59-27,537.34,648
GOOG,2015-05-01_09-59-32,537.34,648
GOOG,2015-05-01_09-59-37,537.34,648
GOOG,2015-05-01_09-59-42,537.34,648
GOOG,2015-05-01_09-59-47,537.34,648
GOOG,2015-05-01_09-59-52,537.34,648
GOOG,2015-05-01_09-59-57,537.34,648
GOOG,2015-05-01_10-00-02,537.34,648
GOOG,2015-05-01_10-00-07,537.34,648
GOOG,2015-05-01_10-00-12,537.34,648
GOOG,2015-05-01_10-00-17,537.34,648
GOOG,2015-05-01_10-00-22,537.34,648
GOOG,2015-05-01_10-00-27,537.34,648
GOOG,2015-05-01_10-00-32,537.34,648
GOOG,2015-05-01_10-00-37,537.34,648
GOOG,2015-05-01_10-00-42,537.34,648
GOOG,2015-05-01_10-00-47,537.34,648
GOOG,2015-05-01_10-00-52,537.34,648
GOOG,2015-05-01_10-00-57,537.34,648
GOOG,2015-05-01_10-01-02,537.34,648
GOOG,2015-05-01_10-01-07,537.34,648
GOOG,2015-05-01_10-01-12,537.34,648
GOOG,2015-05-01_10-01-17,537.34,648
GOOG,2015-05-01_10-01-22,537.34,648
GOOG,2015-05-01_10-01-27,537.34,648
GOOG,2015-05-01_10-01-32,537.34,648
GOOG,2015-05-01_10-01-37,537.34,648
GOOG,2015-05-01_10-01-42,537.34,648
GOOG,2015-05-01_10-01-47,537.34,648
GOOG,2015-05-01_10-01-52,537.34,648
GOOG,2015-05-01_10-01-57,537.34,648
GOOG,2015-05-01_10-02-02,537.34,648
GOOG,2015-05-01_10-02-07,537.34,648
GOOG,2015-05-01_10-02-12,537.34,648
GOOG,2015-05-01_10-02-17,537.34,648
GOOG,2015-05-01_10-02-22,537.34,648
GOOG,2015-05-01_10-02-27,537.34,648
GOOG,2015-05-01_10-02-32,537.34,648
GOOG,2015-05-01_10-02-37,537.34,648
GOOG,2015-05-01_10-02-42,537.34,648
GOOG,2015-05-01_10-02-47,537.34,648
GOOG,2015-05-01_10-02-52,537.34,648
GOOG,2015-05-01_10-02-57,537.34,648
GOOG,2015-05-01_10-03-02,537.34,648
GOOG,2015-05-01_10-03-07,537.34,648
GOOG,2015-05-01_10-03-12,537.34,648
GOOG,2015-05-01_10-03-17,537.34,648
GOOG,2015-05-01_10-03-22,537.34,648
GOOG,2015-05-01_10-03-27,537.34,648
GOOG,2015-05-01_10-03-32,537.34,648
GOOG,2015-05-01_10-03-37,537.34,648
GOOG,2015-05-01_10-03-42,537.34,648
GOOG,2015-05-01_10-03-47,537.34,648
GOOG,2015-05-01_10-03-52,537.34,648
GOOG,2015-05-01_10-03-57,537.34,648
GOOG,2015-05-01_10-04-02,537.34,648
GOOG,2015-05-01_10-04-07,537.34,648
GOOG,2015-05-01_10-04-12,537.34,648
GOOG,2015-05-01_10-04-17,537.34,648
GOOG,2015-05-01_10-04-22,537.34,648
GOOG,2015-05-01_10-04-27,537.34,648
GOOG,2015-05-01_10-04-32,537.34,648
GOOG,2015-05-01_10-04-37,537.34,648
GOOG,2015-05-01_10-04-42,537.34,648
GOOG,2015-05-01_10-04-47,537.34,648
GOOG,2015-05-01_10-04-52,537.34,648
GOOG,2015-05-01_10-04-57,537.34,648
GOOG,2015-05-01_10-05-02,537.34,648
GOOG,2015-05-01_10-05-07,537.34,648
GOOG,2015-05-01_10-05-12,537.34,648
GOOG,2015-05-01_10-05-17,537.34,648
GOOG,2015-05-01_10-05-22,537.34,648
GOOG,2015-05-01_10-05-27,537.34,648
GOOG,2015-05-01_10-05-32,537.34,648
GOOG,2015-05-01_10-05-37,537.34,648
GOOG,2015-05-01_10-05-42,537.34,648
GOOG,2015-05-01_10-05-47,537.34,648
GOOG,2015-05-01_10-05-52,537.34,648
GOOG,2015-05-01_10-05-57,537.34,648
GOOG,2015-05-01_10-06-02,537.34,648
GOOG,2015-05-01_10-06-07,537.34,648
GOOG,2015-05-01_10-06-12,537.34,648
GOOG,2015-05-01_10-06-17,537.34,648
GOOG,2015-05-01_10-06-22,537.34,648
GOOG,2015-05-01_10-06-27,537.34,648
GOOG,2015-05-01_10-06-32,537.34,648
GOOG,2015-05-01_10-06-37,537.34,648
GOOG,2015-05-01_10-06-42,537.34,648
GOOG,2015-05-01_10-06-47,537.34,648
GOOG,2015-05-01_10-06-52,537.34,648
GOOG,2015-05-01_10-06-57,537.34,648
GOOG,2015-05-01_10-07-02,537.34,648
GOOG,2015-05-01_10-07-07,537.34,648
GOOG,2015-05-01_10-07-12,537.34,648
GOOG,2015-05-01_10-07-17,537.34,648
GOOG,2015-05-01_10-07-22,537.34,648
GOOG,2015-05-01_10-07-27,537.34,648
GOOG,2015-05-01_10-07-32,537.34,648
GOOG,2015-05-01_10-07-37,537.34,648
GOOG,2015-05-01_10-07-42,537.34,648
GOOG,2015-05-01_10-07-47,537.34,648
GOOG,2015-05-01_10-07-52,537.34,648
GOOG,2015-05-01_10-07-57,537.34,648
GOOG,2015-05-01_10-08-02,537.34,648
GOOG,2015-05-01_10-08-07,537.34,648
GOOG,2015-05-01_10-08-12,537.34,648
GOOG,2015-05-01_10-08-17,537.34,648
GOOG,2015-05-01_10-08-22,537.34,648
GOOG,2015-05-01_10-08-27,537.34,648
GOOG,2015-05-01_10-08-32,537.34,648
GOOG,2015-05-01_10-08-37,537.34,648
GOOG,2015-05-01_10-08-42,537.34,648
GOOG,2015-05-01_10-08-47,537.34,648
GOOG,2015-05-01_10-08-52,537.34,648
GOOG,2015-05-01_10-08-57,537.34,648
GOOG,2015-05-01_10-09-02,537.34,648
GOOG,2015-05-01_10-09-07,537.34,648
GOOG,2015-05-01_10-09-12,537.34,648
GOOG,2015-05-01_10-09-17,537.34,648
GOOG,2015-05-01_10-09-22,537.34,648
GOOG,2015-05-01_10-09-27,537.34,648
GOOG,2015-05-01_10-09-32,537.34,648
GOOG,2015-05-01_10-09-37,537.34,648
GOOG,2015-05-01_10-09-42,537.34,648
GOOG,2015-05-01_10-09-47,537.34,648
GOOG,2015-05-01_10-09-52,537.34,648
GOOG,2015-05-01_10-09-57,537.34,648
GOOG,2015-05-01_10-10-02,537.34,648
GOOG,2015-05-01_10-10-07,537.34,648
GOOG,2015-05-01_10-10-12,537.34,648
GOOG,2015-05-01_10-10-17,537.34,648
GOOG,2015-05-01_10-10-22,537.34,648
GOOG,2015-05-01_10-10-27,537.34,648
GOOG,2015-05-01_10-10-32,537.34,648
GOOG,2015-05-01_10-10-37,537.34,648
GOOG,2015-05-01_10-10-42,537.34,648
GOOG,2015-05-01_10-10-47,537.34,648
GOOG,2015-05-01_10-10-52,537.34,648
GOOG,2015-05-01_10-10-57,537.34,648
GOOG,2015-05-01_10-11-02,537.34,648
GOOG,2015-05-01_10-11-07,537.34,648
GOOG,2015-05-01_10-11-12,537.34,648
GOOG,2015-05-01_10-11-17,537.34,648
GOOG,2015-05-01_10-11-22,537.34,648
GOOG,2015-05-01_10-11-27,537.34,648
GOOG,2015-05-01_10-11-32,537.34,648
GOOG,2015-05-01_10-11-37,537.34,648
GOOG,2015-05-01_10-11-42,537.34,648
GOOG,2015-05-01_10-11-47,537.34,648
GOOG,2015-05-01_10-11-52,537.34,648
GOOG,2015-05-01_10-11-57,537.34,648
GOOG,2015-05-01_10-12-02,537.34,648
GOOG,2015-05-01_10-12-07,537.34,648
GOOG,2015-05-01_10-12-12,537.34,648
GOOG,2015-05-01_10-12-17,537.34,648
GOOG,2015-05-01_10-12-22,537.34,648
GOOG,2015-05-01_10-12-27,537.34,648
GOOG,2015-05-01_10-12-32,537.34,648
GOOG,2015-05-01_10-12-37,537.34,648
GOOG,2015-05-01_10-12-42,537.34,648
GOOG,2015-05-01_10-12-47,537.34,648
GOOG,2015-05-01_10-12-52,537.34,648
GOOG,2015-05-01_10-12-57,537.34,648
GOOG,2015-05-01_10-13-02,537.34,648
GOOG,2015-05-01_10-13-07,537.34,648
GOOG,2015-05-01_10-13-12,537.34,648
GOOG,2015-05-01_10-13-17,537.34,648
GOOG,2015-05-01_10-13-22,537.34,648
GOOG,2015-05-01_10-13-27,537.34,648
GOOG,2015-05-01_10-13-32,537.34,648
GOOG,2015-05-01_10-13-37,537.34,648
GOOG,2015-05-01_10-13-42,537.34,648
GOOG,2015-05-01_10-13-47,537.34,648
GOOG,2015-05-01_10-13-52,537.34,648
GOOG,2015-05-01_10-13-57,537.34,648
GOOG,2015-05-01_10-14-02,537.34,648
GOOG,2015-05-01_10-14-07,537.34,648
GOOG,2015-05-01_10-14-12,537.34,648
GOOG,2015-05-01_10-14-17,537.34,648
GOOG,2015-05-01_10-14-22,537.34,648
GOOG,2015-05-01_10-14-27,537.34,648
GOOG,2015-05-01_10-14-32,537.34,648
GOOG,2015-05-01_10-14-37,537.34,648
GOOG,2015-05-01_10-14-42,537.34,648
GOOG,2015-05-01_10-14-47,537.34,648
GOOG,2015-05-01_10-14-52,537.34,648
GOOG,2015-05-01_10-14-57,537.34,648
GOOG,2015-05-01_10-15-02,537.34,648
GOOG,2015-05-01_10-15-07,537.34,648
GOOG,2015-05-01_10-15-12,537.34,648
GOOG,2015-05-01_10-15-17,537.34,648
GOOG,2015-05-01_10-15-22,537.34,648
GOOG,2015-05-01_10-15-27,537.34,648
GOOG,2015-05-01_10-15-32,537.34,648
GOOG,2015-05-01_10-15-37,537.34,648
GOOG,2015-05-01_10-15-42,537.34,648
GOOG,2015-05-01_10-15-47,537.34,648
GOOG,2015-05-01_10-15-52,537.34,648
GOOG,2015-05-01_10-15-57,537.34,648
GOOG,2015-05-01_10-16-02,537.34,648
GOOG,2015-05-01_10-16-07,537.34,648
GOOG,2015-05-01_10-16-12,537.34,648
GOOG,2015-05-01_10-16-17,537.34,648
GOOG,2015-05-01_10-16-22,537.34,648
GOOG,2015-05-01_10-16-27,537.34,648
GOOG,2015-05-01_10-16-32,537.34,648
GOOG,2015-05-01_10-16-37,537.34,648
GOOG,2015-05-01_10-16-42,537.34,648
GOOG,2015-05-01_10-16-47,537.34,648
GOOG,2015-05-01_10-16-52,537.34,648
GOOG,2015-05-01_10-16-57,537.34,648
GOOG,2015-05-01_10-17-02,537.34,648
GOOG,2015-05-01_10-17-07,537.34,648
GOOG,2015-05-01_10-17-12,537.34,648
GOOG,2015-05-01_10-17-17,537.34,648
GOOG,2015-05-01_10-17-22,537.34,648
GOOG,2015-05-01_10-17-27,537.34,648
GOOG,2015-05-01_10-17-32,537.34,648
GOOG,2015-05-01_10-17-37,537.34,648
GOOG,2015-05-01_10-17-42,537.34,648
GOOG,2015-05-01_10-17-47,537.34,648
GOOG,2015-05-01_10-17-52,537.34,648
GOOG,2015-05-01_10-17-57,537.34,648
GOOG,2015-05-01_10-18-02,537.34,648
GOOG,2015-05-01_10-18-07,537.34,648
GOOG,2015-05-01_10-18-12,537.34,648
GOOG,2015-05-01_10-18-17,537.34,648
GOOG,2015-05-01_10-18-22,537.34,648
GOOG,2015-05-01_10-18-27,537.34,648
GOOG,2015-05-01_10-18-32,537.34,648
GOOG,2015-05-01_10-18-37,537.34,648
GOOG,2015-05-01_10-18-42,537.34,648
GOOG,2015-05-01_10-18-47,537.34,648
GOOG,2015-05-01_10-18-52,537.34,648
GOOG,2015-05-01_10-18-57,537.34,648
GOOG,2015-05-01_10-19-02,537.34,648
GOOG,2015-05-01_10-19-07,537.34,648
GOOG,2015-05-01_10-19-12,537.34,648
GOOG,2015-05-01_10-19-17,537.34,648
GOOG,2015-05-01_10-19-22,537.34,648
GOOG,2015-05-01_10-19-27,537.34,648
GOOG,2015-05-01_10-19-32,537.34,648
GOOG,2015-05-01_10-19-37,537.34,648
GOOG,2015-05-01_10-19-42,537.34,648
GOOG,2015-05-01_10-19-47,537.34,648
GOOG,2015-05-01_10-19-52,537.34,648
GOOG,2015-05-01_10-19-57,537.34,648
GOOG,2015-05-01_10-20-02,537.34,648
GOOG,2015-05-01_10-20-07,537.34,648
GOOG,2015-05-01_10-20-12,537.34,648
GOOG,2015-05-01_10-20-17,537.34,648
GOOG,2015-05-01_10-20-22,537.34,648
GOOG,2015-05-01_10-20-27,537.34,648
GOOG,2015-05-01_10-20-32,537.34,648
GOOG,2015-05-01_10-20-37,537.34,648
GOOG,2015-05-01_10-20-42,537.34,648
GOOG,2015-05-01_10-20-47,537.34,648
GOOG,2015-05-01_10-20-52,537.34,648
GOOG,2015-05-01_10-20-57,537.34,648
GOOG,2015-05-01_10-21-02,537.34,648
GOOG,2015-05-01_10-21-07,537.34,648
GOOG,2015-05-01_10-21-12,537.34,648
GOOG,2015-05-01_10-21-17,537.34,648
GOOG,2015-05-01_10-21-22,537.34,648
GOOG,2015-05-01_10-21-27,537.34,648
GOOG,2015-05-01_10-21-32,537.34,648
GOOG,2015-05-01_10-21-37,537.34,648
GOOG,2015-05-01_10-21-42,537.34,648
GOOG,2015-05-01_10-21-47,537.34,648
GOOG,2015-05-01_10-21-52,537.34,648
GOOG,2015-05-01_10-21-57,537.34,648
GOOG,2015-05-01_10-22-02,537.34,648
GOOG,2015-05-01_10-22-07,537.34,648
GOOG,2015-05-01_10-22-12,537.34,648
GOOG,2015-05-01_10-22-17,537.34,648
GOOG,2015-05-01_10-22-22,537.34,648
GOOG,2015-05-01_10-22-27,537.34,648
GOOG,2015-05-01_10-22-32,537.34,648
GOOG,2015-05-01_10-22-37,537.34,648
GOOG,2015-05-01_10-22-42,537.34,648
GOOG,2015-05-01_10-22-47,537.34,648
GOOG,2015-05-01_10-22-52,537.34,648
GOOG,2015-05-01_10-22-57,537.34,648
GOOG,2015-05-01_10-23-02,537.34,648
GOOG,2015-05-01_10-23-07,537.34,648
GOOG,2015-05-01_10-23-12,537.34,648
GOOG,2015-05-01_10-23-17,537.34,648
GOOG,2015-05-01_10-23-22,537.34,648
GOOG,2015-05-01_10-23-27,537.34,648
GOOG,2015-05-01_10-23-32,537.34,648
GOOG,2015-05-01_10-23-37,537.34,648
GOOG,2015-05-01_10-23-42,537.34,648
GOOG,2015-05-01_10-23-47,537.34,648
GOOG,2015-05-01_10-23-52,537.34,648
GOOG,2015-05-01_10-23-57,537.34,648
GOOG,2015-05-01_10-24-02,537.34,648
GOOG,2015-05-01_10-24-07,537.34,648
GOOG,2015-05-01_10-24-12,537.34,648
GOOG,2015-05-01_10-24-17,537.34,648
GOOG,2015-05-01_10-24-22,537.34,648
GOOG,2015-05-01_10-24-27,537.34,648
GOOG,2015-05-01_10-24-32,537.34,648
GOOG,2015-05-01_10-24-37,537.34,648
GOOG,2015-05-01_10-24-42,537.34,648
GOOG,2015-05-01_10-24-47,537.34,648
GOOG,2015-05-01_10-24-52,537.34,648
GOOG,2015-05-01_10-24-57,537.34,648
GOOG,2015-05-01_10-25-02,537.34,648
GOOG,2015-05-01_10-25-07,537.34,648
GOOG,2015-05-01_10-25-12,537.34,648
GOOG,2015-05-01_10-25-17,537.34,648
GOOG,2015-05-01_10-25-22,537.34,648
GOOG,2015-05-01_10-25-27,537.34,648
GOOG,2015-05-01_10-25-32,537.34,648
GOOG,2015-05-01_10-25-37,537.34,648
GOOG,2015-05-01_10-25-42,537.34,648
GOOG,2015-05-01_10-25-47,537.34,648
GOOG,2015-05-01_10-25-52,537.34,648
GOOG,2015-05-01_10-25-57,537.34,648
GOOG,2015-05-01_10-26-02,537.34,648
GOOG,2015-05-01_10-26-07,537.34,648
GOOG,2015-05-01_10-26-12,537.34,648
GOOG,2015-05-01_10-26-17,537.34,648
GOOG,2015-05-01_10-26-22,537.34,648
GOOG,2015-05-01_10-26-27,537.34,648
GOOG,2015-05-01_10-26-32,537.34,648
GOOG,2015-05-01_10-26-37,537.34,648
GOOG,2015-05-01_10-26-42,537.34,648
GOOG,2015-05-01_10-26-47,537.34,648
GOOG,2015-05-01_10-26-52,537.34,648
GOOG,2015-05-01_10-26-57,537.34,648
GOOG,2015-05-01_10-27-02,537.34,648
GOOG,2015-05-01_10-27-07,537.34,648
GOOG,2015-05-01_10-27-12,537.34,648
GOOG,2015-05-01_10-27-17,537.34,648
GOOG,2015-05-01_10-27-22,537.34,648
GOOG,2015-05-01_10-27-27,537.34,648
GOOG,2015-05-01_10-27-32,537.34,648
GOOG,2015-05-01_10-27-37,537.34,648
GOOG,2015-05-01_10-27-42,537.34,648
GOOG,2015-05-01_10-27-47,537.34,648
GOOG,2015-05-01_10-27-52,537.34,648
GOOG,2015-05-01_10-27-57,537.34,648
GOOG,2015-05-01_10-28-02,537.34,648
GOOG,2015-05-01_10-28-07,537.34,648
GOOG,2015-05-01_10-28-12,537.34,648
GOOG,2015-05-01_10-28-17,537.34,648
GOOG,2015-05-01_10-28-22,537.34,648
GOOG,2015-05-01_10-28-27,537.34,648
GOOG,2015-05-01_10-28-32,537.34,648
GOOG,2015-05-01_10-28-37,537.34,648
GOOG,2015-05-01_10-28-42,537.34,648
GOOG,2015-05-01_10-28-47,537.34,648
GOOG,2015-05-01_10-28-52,537.34,648
GOOG,2015-05-01_10-28-57,537.34,648
GOOG,2015-05-01_10-29-02,537.34,648
GOOG,2015-05-01_10-29-07,537.34,648
GOOG,2015-05-01_10-29-12,537.34,648
GOOG,2015-05-01_10-29-17,537.34,648
GOOG,2015-05-01_10-29-22,537.34,648
GOOG,2015-05-01_10-29-27,537.34,648
GOOG,2015-05-01_10-29-32,537.34,648
GOOG,2015-05-01_10-29-37,537.34,648
GOOG,2015-05-01_10-29-42,537.34,648
GOOG,2015-05-01_10-29-47,537.34,648
GOOG,2015-05-01_10-29-52,537.34,648
GOOG,2015-05-01_10-29-57,537.34,648
GOOG,2015-05-01_10-30-02,537.34,648
GOOG,2015-05-01_10-30-07,537.34,648
GOOG,2015-05-01_10-30-12,537.34,648
GOOG,2015-05-01_10-30-17,537.34,648
GOOG,2015-05-01_10-30-22,537.34,648
GOOG,2015-05-01_10-30-27,537.34,648
GOOG,2015-05-01_10-30-32,537.34,648
GOOG,2015-05-01_10-30-37,537.34,648
GOOG,2015-05-01_10-30-42,537.34,648
GOOG,2015-05-01_10-30-47,537.34,648
GOOG,2015-05-01_10-30-52,537.34,648
GOOG,2015-05-01_10-30-57,537.34,648
GOOG,2015-05-01_10-31-02,537.34,648
GOOG,2015-05-01_10-31-07,537.34,648
GOOG,2015-05-01_10-31-12,537.34,648
GOOG,2015-05-01_10-31-17,537.34,648
GOOG,2015-05-01_10-31-22,537.34,648
GOOG,2015-05-01_10-31-27,537.34,648
GOOG,2015-05-01_10-31-32,537.34,648
GOOG,2015-05-01_10-31-37,537.34,648
GOOG,2015-05-01_10-31-42,537.34,648
GOOG,2015-05-01_10-31-47,537.34,648
GOOG,2015-05-01_10-31-52,537.34,648
GOOG,2015-05-01_10-31-57,537.34,648
GOOG,2015-05-01_10-32-02,537.34,648
GOOG,2015-05-01_10-32-07,537.34,648
GOOG,2015-05-01_10-32-12,537.34,648
GOOG,2015-05-01_10-32-17,537.34,648
GOOG,2015-05-01_10-32-22,537.34,648
GOOG,2015-05-01_10-32-27,537.34,648
GOOG,2015-05-01_10-32-32,537.34,648
GOOG,2015-05-01_10-32-37,537.34,648
GOOG,2015-05-01_10-32-42,537.34,648
GOOG,2015-05-01_10-32-47,537.34,648
GOOG,2015-05-01_10-32-52,537.34,648
GOOG,2015-05-01_10-32-57,537.34,648
GOOG,2015-05-01_10-33-02,537.34,648
GOOG,2015-05-01_10-33-07,537.34,648
GOOG,2015-05-01_10-33-12,537.34,648
GOOG,2015-05-01_10-33-17,537.34,648
GOOG,2015-05-01_10-33-22,537.34,648
GOOG,2015-05-01_10-33-27,537.34,648
GOOG,2015-05-01_10-33-32,537.34,648
GOOG,2015-05-01_10-33-37,537.34,648
GOOG,2015-05-01_10-33-42,537.34,648
GOOG,2015-05-01_10-33-47,537.34,648
GOOG,2015-05-01_10-33-52,537.34,648
GOOG,2015-05-01_10-33-57,537.34,648
GOOG,2015-05-01_10-34-02,537.34,648
GOOG,2015-05-01_10-34-07,537.34,648
GOOG,2015-05-01_10-34-12,537.34,648
GOOG,2015-05-01_10-34-17,537.34,648
GOOG,2015-05-01_10-34-22,537.34,648
GOOG,2015-05-01_10-34-27,537.34,648
GOOG,2015-05-01_10-34-32,537.34,648
GOOG,2015-05-01_10-34-37,537.34,648
GOOG,2015-05-01_10-34-42,537.34,648
GOOG,2015-05-01_10-34-47,537.34,648
GOOG,2015-05-01_10-34-52,537.34,648
GOOG,2015-05-01_10-34-57,537.34,648
GOOG,2015-05-01_10-35-02,537.34,648
GOOG,2015-05-01_10-35-07,537.34,648
GOOG,2015-05-01_10-35-12,537.34,648
GOOG,2015-05-01_10-35-17,537.34,648
GOOG,2015-05-01_10-35-22,537.34,648
GOOG,2015-05-01_10-35-27,537.34,648
GOOG,2015-05-01_10-35-32,537.34,648
GOOG,2015-05-01_10-35-37,537.34,648
GOOG,2015-05-01_10-35-42,537.34,648
GOOG,2015-05-01_10-35-47,537.34,648
GOOG,2015-05-01_10-35-52,537.34,648
GOOG,2015-05-01_10-35-57,537.34,648
GOOG,2015-05-01_10-36-02,537.34,648
GOOG,2015-05-01_10-36-07,537.34,648
GOOG,2015-05-01_10-36-12,537.34,648
GOOG,2015-05-01_10-36-17,537.34,648
GOOG,2015-05-01_10-36-22,537.34,648
GOOG,2015-05-01_10-36-27,537.34,648
GOOG,2015-05-01_10-36-32,537.34,648
GOOG,2015-05-01_10-36-37,537.34,648
GOOG,2015-05-01_10-36-42,537.34,648
GOOG,2015-05-01_10-36-47,537.34,648
GOOG,2015-05-01_10-36-52,537.34,648
GOOG,2015-05-01_10-36-57,537.34,648
GOOG,2015-05-01_10-37-02,537.34,648
GOOG,2015-05-01_10-37-07,537.34,648
GOOG,2015-05-01_10-37-12,537.34,648
GOOG,2015-05-01_10-37-17,537.34,648
GOOG,2015-05-01_10-37-22,537.34,648
GOOG,2015-05-01_10-37-27,537.34,648
GOOG,2015-05-01_10-37-32,537.34,648
GOOG,2015-05-01_10-37-37,537.34,648
GOOG,2015-05-01_10-37-42,537.34,648
GOOG,2015-05-01_10-37-47,537.34,648
GOOG,2015-05-01_10-37-52,537.34,648
GOOG,2015-05-01_10-37-57,537.34,648
GOOG,2015-05-01_10-38-02,537.34,648
GOOG,2015-05-01_10-38-07,537.34,648
GOOG,2015-05-01_10-38-12,537.34,648
GOOG,2015-05-01_10-38-17,537.34,648
GOOG,2015-05-01_10-38-22,537.34,648
GOOG,2015-05-01_10-38-27,537.34,648
GOOG,2015-05-01_10-38-32,537.34,648
GOOG,2015-05-01_10-38-37,537.34,648
GOOG,2015-05-01_10-38-42,537.34,648
GOOG,2015-05-01_10-38-47,537.34,648
GOOG,2015-05-01_10-38-52,537.34,648
GOOG,2015-05-01_10-38-57,537.34,648
GOOG,2015-05-01_10-39-02,537.34,648
GOOG,2015-05-01_10-39-07,537.34,648
GOOG,2015-05-01_10-39-12,537.34,648
GOOG,2015-05-01_10-39-17,537.34,648
GOOG,2015-05-01_10-39-22,537.34,648
GOOG,2015-05-01_10-39-27,537.34,648
GOOG,2015-05-01_10-39-32,537.34,648
GOOG,2015-05-01_10-39-37,537.34,648
GOOG,2015-05-01_10-39-42,537.34,648
GOOG,2015-05-01_10-39-47,537.34,648
GOOG,2015-05-01_10-39-52,537.34,648
GOOG,2015-05-01_10-39-57,537.34,648
GOOG,2015-05-01_10-40-02,537.34,648
GOOG,2015-05-01_10-40-07,537.34,648
GOOG,2015-05-01_10-40-12,537.34,648
GOOG,2015-05-01_10-40-17,537.34,648
GOOG,2015-05-01_10-40-22,537.34,648
GOOG,2015-05-01_10-40-27,537.34,648
GOOG,2015-05-01_10-40-32,537.34,648
GOOG,2015-05-01_10-40-37,537.34,648
GOOG,2015-05-01_10-40-42,537.34,648
GOOG,2015-05-01_10-40-47,537.34,648
GOOG,2015-05-01_10-40-52,537.34,648
GOOG,2015-05-01_10-40-57,537.34,648
GOOG,2015-05-01_10-41-02,537.34,648
GOOG,2015-05-01_10-41-07,537.34,648
GOOG,2015-05-01_10-41-12,537.34,648
GOOG,2015-05-01_10-41-17,537.34,648
GOOG,2015-05-01_10-41-22,537.34,648
GOOG,2015-05-01_10-41-27,537.34,648
GOOG,2015-05-01_10-41-32,537.34,648
GOOG,2015-05-01_10-41-37,537.34,648
GOOG,2015-05-01_10-41-42,537.34,648
GOOG,2015-05-01_10-41-47,537.34,648
GOOG,2015-05-01_10-41-52,537.34,648
GOOG,2015-05-01_10-41-57,537.34,648
GOOG,2015-05-01_10-42-02,537.34,648
GOOG,2015-05-01_10-42-07,537.34,648
GOOG,2015-05-01_10-42-12,537.34,648
GOOG,2015-05-01_10-42-17,537.34,648
GOOG,2015-05-01_10-42-22,537.34,648
GOOG,2015-05-01_10-42-27,537.34,648
GOOG,2015-05-01_10-42-32,537.34,648
GOOG,2015-05-01_10-42-37,537.34,648
GOOG,2015-05-01_10-42-42,537.34,648
GOOG,2015-05-01_10-42-47,537.34,648
GOOG,2015-05-01_10-42-52,537.34,648
GOOG,2015-05-01_10-42-57,537.34,648
GOOG,2015-05-01_10-43-02,537.34,648
GOOG,2015-05-01_10-43-07,537.34,648
GOOG,2015-05-01_10-43-12,537.34,648
GOOG,2015-05-01_10-43-17,537.34,648
GOOG,2015-05-01_10-43-22,537.34,648
GOOG,2015-05-01_10-43-27,537.34,648
GOOG,2015-05-01_10-43-32,537.34,648
GOOG,2015-05-01_10-43-37,537.34,648
GOOG,2015-05-01_10-43-42,537.34,648
GOOG,2015-05-01_10-43-47,537.34,648
GOOG,2015-05-01_10-43-52,537.34,648
GOOG,2015-05-01_10-43-57,537.34,648
GOOG,2015-05-01_10-44-02,537.34,648
GOOG,2015-05-01_10-44-07,537.34,648
GOOG,2015-05-01_10-44-12,537.34,648
GOOG,2015-05-01_10-44-17,537.34,648
GOOG,2015-05-01_10-44-22,537.34,648
GOOG,2015-05-01_10-44-27,537.34,648
GOOG,2015-05-01_10-44-32,537.34,648
GOOG,2015-05-01_10-44-37,537.34,648
GOOG,2015-05-01_10-44-42,537.34,648
GOOG,2015-05-01_10-44-47,537.34,648
GOOG,2015-05-01_10-44-52,537.34,648
GOOG,2015-05-01_10-44-57,537.34,648
GOOG,2015-05-01_10-45-02,537.34,648
GOOG,2015-05-01_10-45-07,537.34,648
GOOG,2015-05-01_10-45-12,537.34,648
GOOG,2015-05-01_10-45-17,537.34,648
GOOG,2015-05-01_10-45-22,537.34,648
GOOG,2015-05-01_10-45-27,537.34,648
GOOG,2015-05-01_10-45-32,537.34,648
GOOG,2015-05-01_10-45-37,537.34,648
GOOG,2015-05-01_10-45-42,537.34,648
GOOG,2015-05-01_10-45-47,537.34,648
GOOG,2015-05-01_10-45-52,537.34,648
GOOG,2015-05-01_10-45-57,537.34,648
GOOG,2015-05-01_10-46-02,537.34,648
GOOG,2015-05-01_10-46-07,537.34,648
GOOG,2015-05-01_10-46-12,537.34,648
GOOG,2015-05-01_10-46-17,537.34,648
GOOG,2015-05-01_10-46-22,537.34,648
GOOG,2015-05-01_10-46-27,537.34,648
GOOG,2015-05-01_10-46-32,537.34,648
GOOG,2015-05-01_10-46-37,537.34,648
GOOG,2015-05-01_10-46-42,537.34,648
GOOG,2015-05-01_10-46-47,537.34,648
GOOG,2015-05-01_10-46-52,537.34,648
GOOG,2015-05-01_10-46-57,537.34,648
GOOG,2015-05-01_10-47-02,537.34,648
GOOG,2015-05-01_10-47-07,537.34,648
GOOG,2015-05-01_10-47-12,537.34,648
GOOG,2015-05-01_10-47-17,537.34,648
GOOG,2015-05-01_10-47-22,537.34,648
GOOG,2015-05-01_10-47-27,537.34,648
GOOG,2015-05-01_10-47-32,537.34,648
GOOG,2015-05-01_10-47-37,537.34,648
GOOG,2015-05-01_10-47-42,537.34,648
GOOG,2015-05-01_10-47-47,537.34,648
GOOG,2015-05-01_10-47-52,537.34,648
GOOG,2015-05-01_10-47-57,537.34,648
GOOG,2015-05-01_10-48-02,537.34,648
GOOG,2015-05-01_10-48-07,537.34,648
GOOG,2015-05-01_10-48-12,537.34,648
GOOG,2015-05-01_10-48-17,537.34,648
GOOG,2015-05-01_10-48-22,537.34,648
GOOG,2015-05-01_10-48-27,537.34,648
GOOG,2015-05-01_10-48-32,537.34,648
GOOG,2015-05-01_10-48-37,537.34,648
GOOG,2015-05-01_10-48-42,537.34,648
GOOG,2015-05-01_10-48-47,537.34,648
GOOG,2015-05-01_10-48-52,537.34,648
GOOG,2015-05-01_10-48-57,537.34,648
GOOG,2015-05-01_10-49-02,537.34,648
GOOG,2015-05-01_10-49-07,537.34,648
GOOG,2015-05-01_10-49-12,537.34,648
GOOG,2015-05-01_10-49-17,537.34,648
GOOG,2015-05-01_10-49-22,537.34,648
GOOG,2015-05-01_10-49-27,537.34,648
GOOG,2015-05-01_10-49-32,537.34,648
GOOG,2015-05-01_10-49-37,537.34,648
GOOG,2015-05-01_10-49-42,537.34,648
GOOG,2015-05-01_10-49-47,537.34,648
GOOG,2015-05-01_10-49-52,537.34,648
GOOG,2015-05-01_10-49-57,537.34,648
GOOG,2015-05-01_10-50-02,537.34,648
GOOG,2015-05-01_10-50-07,537.34,648
GOOG,2015-05-01_10-50-12,537.34,648
GOOG,2015-05-01_10-50-17,537.34,648
GOOG,2015-05-01_10-50-22,537.34,648
GOOG,2015-05-01_10-50-27,537.34,648
GOOG,2015-05-01_10-50-32,537.34,648
GOOG,2015-05-01_10-50-37,537.34,648
GOOG,2015-05-01_10-50-42,537.34,648
GOOG,2015-05-01_10-50-47,537.34,648
GOOG,2015-05-01_10-50-52,537.34,648
GOOG,2015-05-01_10-50-57,537.34,648
GOOG,2015-05-01_10-51-02,537.34,648
GOOG,2015-05-01_10-51-07,537.34,648
GOOG,2015-05-01_10-51-12,537.34,648
GOOG,2015-05-01_10-51-17,537.34,648
GOOG,2015-05-01_10-51-22,537.34,648
GOOG,2015-05-01_10-51-27,537.34,648
GOOG,2015-05-01_10-51-32,537.34,648
GOOG,2015-05-01_10-51-37,537.34,648
GOOG,2015-05-01_10-51-42,537.34,648
GOOG,2015-05-01_10-51-47,537.34,648
GOOG,2015-05-01_10-51-52,537.34,648
GOOG,2015-05-01_10-51-57,537.34,648
GOOG,2015-05-01_10-52-02,537.34,648
GOOG,2015-05-01_10-52-07,537.34,648
GOOG,2015-05-01_10-52-12,537.34,648
GOOG,2015-05-01_10-52-17,537.34,648
GOOG,2015-05-01_10-52-22,537.34,648
GOOG,2015-05-01_10-52-27,537.34,648
GOOG,2015-05-01_10-52-32,537.34,648
GOOG,2015-05-01_10-52-37,537.34,648
GOOG,2015-05-01_10-52-42,537.34,648
GOOG,2015-05-01_10-52-47,537.34,648
GOOG,2015-05-01_10-52-52,537.34,648
GOOG,2015-05-01_10-52-57,537.34,648
GOOG,2015-05-01_10-53-02,537.34,648
GOOG,2015-05-01_10-53-07,537.34,648
GOOG,2015-05-01_10-53-12,537.34,648
GOOG,2015-05-01_10-53-17,537.34,648
GOOG,2015-05-01_10-53-22,537.34,648
GOOG,2015-05-01_10-53-27,537.34,648
GOOG,2015-05-01_10-53-32,537.34,648
GOOG,2015-05-01_10-53-37,537.34,648
GOOG,2015-05-01_10-53-42,537.34,648
GOOG,2015-05-01_10-53-47,537.34,648
GOOG,2015-05-01_10-53-52,537.34,648
GOOG,2015-05-01_10-53-57,537.34,648
GOOG,2015-05-01_10-54-02,537.34,648
GOOG,2015-05-01_10-54-07,537.34,648
GOOG,2015-05-01_10-54-12,537.34,648
GOOG,2015-05-01_10-54-17,537.34,648
GOOG,2015-05-01_10-54-22,537.34,648
GOOG,2015-05-01_10-54-27,537.34,648
GOOG,2015-05-01_10-54-32,537.34,648
GOOG,2015-05-01_10-54-37,537.34,648
GOOG,2015-05-01_10-54-42,537.34,648
GOOG,2015-05-01_10-54-47,537.34,648
GOOG,2015-05-01_10-54-52,537.34,648
GOOG,2015-05-01_10-54-57,537.34,648
GOOG,2015-05-01_10-55-02,537.34,648
GOOG,2015-05-01_10-55-07,537.34,648
GOOG,2015-05-01_10-55-12,537.34,648
GOOG,2015-05-01_10-55-17,537.34,648
GOOG,2015-05-01_10-55-22,537.34,648
GOOG,2015-05-01_10-55-27,537.34,648
GOOG,2015-05-01_10-55-32,537.34,648
GOOG,2015-05-01_10-55-37,537.34,648
GOOG,2015-05-01_10-55-42,537.34,648
GOOG,2015-05-01_10-55-47,537.34,648
GOOG,2015-05-01_10-55-52,537.34,648
GOOG,2015-05-01_10-55-57,537.34,648
GOOG,2015-05-01_10-56-02,537.34,648
GOOG,2015-05-01_10-56-07,537.34,648
GOOG,2015-05-01_10-56-12,537.34,648
GOOG,2015-05-01_10-56-17,537.34,648
GOOG,2015-05-01_10-56-22,537.34,648
GOOG,2015-05-01_10-56-27,537.34,648
GOOG,2015-05-01_10-56-32,537.34,648
GOOG,2015-05-01_10-56-37,537.34,648
GOOG,2015-05-01_10-56-42,537.34,648
GOOG,2015-05-01_10-56-47,537.34,648
GOOG,2015-05-01_10-56-52,537.34,648
GOOG,2015-05-01_10-56-57,537.34,648
GOOG,2015-05-01_10-57-02,537.34,648
GOOG,2015-05-01_10-57-07,537.34,648
GOOG,2015-05-01_10-57-12,537.34,648
GOOG,2015-05-01_10-57-17,537.34,648
GOOG,2015-05-01_10-57-22,537.34,648
GOOG,2015-05-01_10-57-27,537.34,648
GOOG,2015-05-01_10-57-32,537.34,648
GOOG,2015-05-01_10-57-37,537.34,648
GOOG,2015-05-01_10-57-42,537.34,648
GOOG,2015-05-01_10-57-47,537.34,648
GOOG,2015-05-01_10-57-52,537.34,648
GOOG,2015-05-01_10-57-57,537.34,648
GOOG,2015-05-01_10-58-02,537.34,648
GOOG,2015-05-01_10-58-07,537.34,648
GOOG,2015-05-01_10-58-12,537.34,648
GOOG,2015-05-01_10-58-17,537.34,648
GOOG,2015-05-01_10-58-22,537.34,648
GOOG,2015-05-01_10-58-27,537.34,648
GOOG,2015-05-01_10-58-32,537.34,648
GOOG,2015-05-01_10-58-37,537.34,648
GOOG,2015-05-01_10-58-42,537.34,648
GOOG,2015-05-01_10-58-47,537.34,648
GOOG,2015-05-01_10-58-52,537.34,648
GOOG,2015-05-01_10-58-57,537.34,648
GOOG,2015-05-01_10-59-02,537.34,648
GOOG,2015-05-01_10-59-07,537.34,648
GOOG,2015-05-01_10-59-12,537.34,648
GOOG,2015-05-01_10-59-17,537.34,648
GOOG,2015-05-01_10-59-22,537.34,648
GOOG,2015-05-01_10-59-27,537.34,648
GOOG,2015-05-01_10-59-32,537.34,648
GOOG,2015-05-01_10-59-37,537.34,648
GOOG,2015-05-01_10-59-42,537.34,648
GOOG,2015-05-01_10-59-47,537.34,648
GOOG,2015-05-01_10-59-52,537.34,648
GOOG,2015-05-01_10-59-57,537.34,648
GOOG,2015-05-01_11-00-02,537.34,648
GOOG,2015-05-01_11-00-07,537.34,648
GOOG,2015-05-01_11-00-12,537.34,648
GOOG,2015-05-01_11-00-17,537.34,648
GOOG,2015-05-01_11-00-22,537.34,648
GOOG,2015-05-01_11-00-27,537.34,648
GOOG,2015-05-01_11-00-32,537.34,648
GOOG,2015-05-01_11-00-37,537.34,648
GOOG,2015-05-01_11-00-42,537.34,648
GOOG,2015-05-01_11-00-47,537.34,648
GOOG,2015-05-01_11-00-52,537.34,648
GOOG,2015-05-01_11-00-57,537.34,648
GOOG,2015-05-01_11-01-02,537.34,648
GOOG,2015-05-01_11-01-07,537.34,648
GOOG,2015-05-01_11-01-12,537.34,648
GOOG,2015-05-01_11-01-17,537.34,648
GOOG,2015-05-01_11-01-22,537.34,648
GOOG,2015-05-01_11-01-27,537.34,648
GOOG,2015-05-01_11-01-32,537.34,648
GOOG,2015-05-01_11-01-37,537.34,648
GOOG,2015-05-01_11-01-42,537.34,648
GOOG,2015-05-01_11-01-47,537.34,648
GOOG,2015-05-01_11-01-52,537.34,648
GOOG,2015-05-01_11-01-57,537.34,648
GOOG,2015-05-01_11-02-02,537.34,648
GOOG,2015-05-01_11-02-07,537.34,648
GOOG,2015-05-01_11-02-12,537.34,648
GOOG,2015-05-01_11-02-17,537.34,648
GOOG,2015-05-01_11-02-22,537.34,648
GOOG,2015-05-01_11-02-27,537.34,648
GOOG,2015-05-01_11-02-32,537.34,648
GOOG,2015-05-01_11-02-37,537.34,648
GOOG,2015-05-01_11-02-42,537.34,648
GOOG,2015-05-01_11-02-47,537.34,648
GOOG,2015-05-01_11-02-52,537.34,648
GOOG,2015-05-01_11-02-57,537.34,648
GOOG,2015-05-01_11-03-02,537.34,648
GOOG,2015-05-01_11-03-07,537.34,648
GOOG,2015-05-01_11-03-12,537.34,648
GOOG,2015-05-01_11-03-17,537.34,648
GOOG,2015-05-01_11-03-22,537.34,648
GOOG,2015-05-01_11-03-27,537.34,648
GOOG,2015-05-01_11-03-32,537.34,648
GOOG,2015-05-01_11-03-37,537.34,648
GOOG,2015-05-01_11-03-42,537.34,648
GOOG,2015-05-01_11-03-47,537.34,648
GOOG,2015-05-01_11-03-52,537.34,648
GOOG,2015-05-01_11-03-57,537.34,648
GOOG,2015-05-01_11-04-02,537.34,648
GOOG,2015-05-01_11-04-07,537.34,648
GOOG,2015-05-01_11-04-12,537.34,648
GOOG,2015-05-01_11-04-17,537.34,648
GOOG,2015-05-01_11-04-22,537.34,648
GOOG,2015-05-01_11-04-27,537.34,648
GOOG,2015-05-01_11-04-32,537.34,648
GOOG,2015-05-01_11-04-37,537.34,648
GOOG,2015-05-01_11-04-42,537.34,648
GOOG,2015-05-01_11-04-47,537.34,648
GOOG,2015-05-01_11-04-52,537.34,648
GOOG,2015-05-01_11-04-57,537.34,648
GOOG,2015-05-01_11-05-02,537.34,648
GOOG,2015-05-01_11-05-07,537.34,648
GOOG,2015-05-01_11-05-12,537.34,648
GOOG,2015-05-01_11-05-17,537.34,648
GOOG,2015-05-01_11-05-22,537.34,648
GOOG,2015-05-01_11-05-27,537.34,648
GOOG,2015-05-01_11-05-32,537.34,648
GOOG,2015-05-01_11-05-37,537.34,648
GOOG,2015-05-01_11-05-42,537.34,648
GOOG,2015-05-01_11-05-47,537.34,648
GOOG,2015-05-01_11-05-52,537.34,648
GOOG,2015-05-01_11-05-57,537.34,648
GOOG,2015-05-01_11-06-02,537.34,648
GOOG,2015-05-01_11-06-07,537.34,648
GOOG,2015-05-01_11-06-12,537.34,648
GOOG,2015-05-01_11-06-17,537.34,648
GOOG,2015-05-01_11-06-22,537.34,648
GOOG,2015-05-01_11-06-27,537.34,648
GOOG,2015-05-01_11-06-32,537.34,648
GOOG,2015-05-01_11-06-37,537.34,648
GOOG,2015-05-01_11-06-42,537.34,648
GOOG,2015-05-01_11-06-47,537.34,648
GOOG,2015-05-01_11-06-52,537.34,648
GOOG,2015-05-01_11-06-57,537.34,648
GOOG,2015-05-01_11-07-02,537.34,648
GOOG,2015-05-01_11-07-07,537.34,648
GOOG,2015-05-01_11-07-12,537.34,648
GOOG,2015-05-01_11-07-17,537.34,648
GOOG,2015-05-01_11-07-22,537.34,648
GOOG,2015-05-01_11-07-27,537.34,648
GOOG,2015-05-01_11-07-32,537.34,648
GOOG,2015-05-01_11-07-37,537.34,648
GOOG,2015-05-01_11-07-42,537.34,648
GOOG,2015-05-01_11-07-47,537.34,648
GOOG,2015-05-01_11-07-52,537.34,648
GOOG,2015-05-01_11-07-57,537.34,648
GOOG,2015-05-01_11-08-02,537.34,648
GOOG,2015-05-01_11-08-07,537.34,648
GOOG,2015-05-01_11-08-12,537.34,648
GOOG,2015-05-01_11-08-17,537.34,648
GOOG,2015-05-01_11-08-22,537.34,648
GOOG,2015-05-01_11-08-27,537.34,648
GOOG,2015-05-01_11-08-32,537.34,648
GOOG,2015-05-01_11-08-37,537.34,648
GOOG,2015-05-01_11-08-42,537.34,648
GOOG,2015-05-01_11-08-47,537.34,648
GOOG,2015-05-01_11-08-52,537.34,648
GOOG,2015-05-01_11-08-57,537.34,648
GOOG,2015-05-01_11-09-02,537.34,648
GOOG,2015-05-01_11-09-07,537.34,648
GOOG,2015-05-01_11-09-12,537.34,648
GOOG,2015-05-01_11-09-17,537.34,648
GOOG,2015-05-01_11-09-22,537.34,648
GOOG,2015-05-01_11-09-27,537.34,648
GOOG,2015-05-01_11-09-32,537.34,648
GOOG,2015-05-01_11-09-37,537.34,648
GOOG,2015-05-01_11-09-42,537.34,648
GOOG,2015-05-01_11-09-47,537.34,648
GOOG,2015-05-01_11-09-52,537.34,648
GOOG,2015-05-01_11-09-57,537.34,648
GOOG,2015-05-01_11-10-02,537.34,648
GOOG,2015-05-01_11-10-07,537.34,648
GOOG,2015-05-01_11-10-12,537.34,648
GOOG,2015-05-01_11-10-17,537.34,648
GOOG,2015-05-01_11-10-22,537.34,648
GOOG,2015-05-01_11-10-27,537.34,648
GOOG,2015-05-01_11-10-32,537.34,648
GOOG,2015-05-01_11-10-37,537.34,648
GOOG,2015-05-01_11-10-42,537.34,648
GOOG,2015-05-01_11-10-47,537.34,648
GOOG,2015-05-01_11-10-52,537.34,648
GOOG,2015-05-01_11-10-57,537.34,648
GOOG,2015-05-01_11-11-02,537.34,648
GOOG,2015-05-01_11-11-07,537.34,648
GOOG,2015-05-01_11-11-12,537.34,648
GOOG,2015-05-01_11-11-17,537.34,648
GOOG,2015-05-01_11-11-22,537.34,648
GOOG,2015-05-01_11-11-27,537.34,648
GOOG,2015-05-01_11-11-32,537.34,648
GOOG,2015-05-01_11-11-37,537.34,648
GOOG,2015-05-01_11-11-42,537.34,648
GOOG,2015-05-01_11-11-47,537.34,648
GOOG,2015-05-01_11-11-52,537.34,648
GOOG,2015-05-01_11-11-57,537.34,648
GOOG,2015-05-01_11-12-02,537.34,648
GOOG,2015-05-01_11-12-07,537.34,648
GOOG,2015-05-01_11-12-12,537.34,648
GOOG,2015-05-01_11-12-17,537.34,648
GOOG,2015-05-01_11-12-22,537.34,648
GOOG,2015-05-01_11-12-27,537.34,648
GOOG,2015-05-01_11-12-32,537.34,648
GOOG,2015-05-01_11-12-37,537.34,648
GOOG,2015-05-01_11-12-43,537.34,648
GOOG,2015-05-01_11-12-48,537.34,648
GOOG,2015-05-01_11-12-53,537.34,648
GOOG,2015-05-01_11-12-58,537.34,648
GOOG,2015-05-01_11-13-03,537.34,648
GOOG,2015-05-01_11-13-08,537.34,648
GOOG,2015-05-01_11-13-13,537.34,648
GOOG,2015-05-01_11-13-18,537.34,648
GOOG,2015-05-01_11-13-23,537.34,648
GOOG,2015-05-01_11-13-28,537.34,648
GOOG,2015-05-01_11-13-33,537.34,648
GOOG,2015-05-01_11-13-38,537.34,648
GOOG,2015-05-01_11-13-43,537.34,648
GOOG,2015-05-01_11-13-48,537.34,648
GOOG,2015-05-01_11-13-53,537.34,648
GOOG,2015-05-01_11-13-58,537.34,648
GOOG,2015-05-01_11-14-03,537.34,648
GOOG,2015-05-01_11-14-08,537.34,648
GOOG,2015-05-01_11-14-13,537.34,648
GOOG,2015-05-01_11-14-18,537.34,648
GOOG,2015-05-01_11-14-23,537.34,648
GOOG,2015-05-01_11-14-28,537.34,648
GOOG,2015-05-01_11-14-33,537.34,648
GOOG,2015-05-01_11-14-38,537.34,648
GOOG,2015-05-01_11-14-43,537.34,648
GOOG,2015-05-01_11-14-48,537.34,648
GOOG,2015-05-01_11-14-53,537.34,648
GOOG,2015-05-01_11-14-58,537.34,648
GOOG,2015-05-01_11-15-03,537.34,648
GOOG,2015-05-01_11-15-08,537.34,648
GOOG,2015-05-01_11-15-13,537.34,648
GOOG,2015-05-01_11-15-18,537.34,648
GOOG,2015-05-01_11-15-23,537.34,648
GOOG,2015-05-01_11-15-28,537.34,648
GOOG,2015-05-01_11-15-33,537.34,648
GOOG,2015-05-01_11-15-38,537.34,648
GOOG,2015-05-01_11-15-43,537.34,648
GOOG,2015-05-01_11-15-48,537.34,648
GOOG,2015-05-01_11-15-53,537.34,648
GOOG,2015-05-01_11-15-58,537.34,648
GOOG,2015-05-01_11-16-03,537.34,648
GOOG,2015-05-01_11-16-08,537.34,648
GOOG,2015-05-01_11-16-13,537.34,648
GOOG,2015-05-01_11-16-18,537.34,648
GOOG,2015-05-01_11-16-23,537.34,648
GOOG,2015-05-01_11-16-28,537.34,648
GOOG,2015-05-01_11-16-33,537.34,648
GOOG,2015-05-01_11-16-38,537.34,648
GOOG,2015-05-01_11-16-43,537.34,648
GOOG,2015-05-01_11-16-48,537.34,648
GOOG,2015-05-01_11-16-53,537.34,648
GOOG,2015-05-01_11-16-58,537.34,648
GOOG,2015-05-01_11-17-03,537.34,648
GOOG,2015-05-01_11-17-08,537.34,648
GOOG,2015-05-01_11-17-13,537.34,648
GOOG,2015-05-01_11-17-18,537.34,648
GOOG,2015-05-01_11-17-23,537.34,648
GOOG,2015-05-01_11-17-28,537.34,648
GOOG,2015-05-01_11-17-33,537.34,648
GOOG,2015-05-01_11-17-38,537.34,648
GOOG,2015-05-01_11-17-43,537.34,648
GOOG,2015-05-01_11-17-48,537.34,648
GOOG,2015-05-01_11-17-53,537.34,648
GOOG,2015-05-01_11-17-58,537.34,648
GOOG,2015-05-01_11-18-03,537.34,648
GOOG,2015-05-01_11-18-08,537.34,648
GOOG,2015-05-01_11-18-13,537.34,648
GOOG,2015-05-01_11-18-18,537.34,648
GOOG,2015-05-01_11-18-23,537.34,648
GOOG,2015-05-01_11-18-28,537.34,648
GOOG,2015-05-01_11-18-33,537.34,648
GOOG,2015-05-01_11-18-38,537.34,648
GOOG,2015-05-01_11-18-43,537.34,648
GOOG,2015-05-01_11-18-48,537.34,648
GOOG,2015-05-01_11-18-53,537.34,648
GOOG,2015-05-01_11-18-58,537.34,648
GOOG,2015-05-01_11-19-03,537.34,648
GOOG,2015-05-01_11-19-08,537.34,648
GOOG,2015-05-01_11-19-13,537.34,648
GOOG,2015-05-01_11-19-18,537.34,648
GOOG,2015-05-01_11-19-23,537.34,648
GOOG,2015-05-01_11-19-28,537.34,648
GOOG,2015-05-01_11-19-33,537.34,648
GOOG,2015-05-01_11-19-38,537.34,648
GOOG,2015-05-01_11-19-43,537.34,648
GOOG,2015-05-01_11-19-48,537.34,648
GOOG,2015-05-01_11-19-53,537.34,648
GOOG,2015-05-01_11-19-58,537.34,648
GOOG,2015-05-01_11-20-03,537.34,648
GOOG,2015-05-01_11-20-08,537.34,648
GOOG,2015-05-01_11-20-13,537.34,648
GOOG,2015-05-01_11-20-18,537.34,648
GOOG,2015-05-01_11-20-23,537.34,648
GOOG,2015-05-01_11-20-28,537.34,648
GOOG,2015-05-01_11-20-33,537.34,648
GOOG,2015-05-01_11-20-38,537.34,648
GOOG,2015-05-01_11-20-43,537.34,648
GOOG,2015-05-01_11-20-48,537.34,648
GOOG,2015-05-01_11-20-53,537.34,648
GOOG,2015-05-01_11-20-58,537.34,648
GOOG,2015-05-01_11-21-03,537.34,648
GOOG,2015-05-01_11-21-08,537.34,648
GOOG,2015-05-01_11-21-13,537.34,648
GOOG,2015-05-01_11-21-18,537.34,648
GOOG,2015-05-01_11-21-23,537.34,648
GOOG,2015-05-01_11-21-28,537.34,648
GOOG,2015-05-01_11-21-33,537.34,648
GOOG,2015-05-01_11-21-38,537.34,648
GOOG,2015-05-01_11-21-43,537.34,648
GOOG,2015-05-01_11-21-48,537.34,648
GOOG,2015-05-01_11-21-53,537.34,648
GOOG,2015-05-01_11-21-58,537.34,648
GOOG,2015-05-01_11-22-03,537.34,648
GOOG,2015-05-01_11-22-08,537.34,648
GOOG,2015-05-01_11-22-13,537.34,648
GOOG,2015-05-01_11-22-18,537.34,648
GOOG,2015-05-01_11-22-23,537.34,648
GOOG,2015-05-01_11-22-28,537.34,648
GOOG,2015-05-01_11-22-33,537.34,648
GOOG,2015-05-01_11-22-38,537.34,648
GOOG,2015-05-01_11-22-43,537.34,648
GOOG,2015-05-01_11-22-48,537.34,648
GOOG,2015-05-01_11-22-53,537.34,648
GOOG,2015-05-01_11-22-58,537.34,648
GOOG,2015-05-01_11-23-03,537.34,648
GOOG,2015-05-01_11-23-08,537.34,648
GOOG,2015-05-01_11-23-13,537.34,648
GOOG,2015-05-01_11-23-18,537.34,648
GOOG,2015-05-01_11-23-23,537.34,648
GOOG,2015-05-01_11-23-28,537.34,648
GOOG,2015-05-01_11-23-33,537.34,648
GOOG,2015-05-01_11-23-38,537.34,648
GOOG,2015-05-01_11-23-43,537.34,648
GOOG,2015-05-01_11-23-48,537.34,648
GOOG,2015-05-01_11-23-53,537.34,648
GOOG,2015-05-01_11-23-58,537.34,648
GOOG,2015-05-01_11-24-03,537.34,648
GOOG,2015-05-01_11-24-08,537.34,648
GOOG,2015-05-01_11-24-13,537.34,648
GOOG,2015-05-01_11-24-18,537.34,648
GOOG,2015-05-01_11-24-23,537.34,648
GOOG,2015-05-01_11-24-28,537.34,648
GOOG,2015-05-01_11-24-33,537.34,648
GOOG,2015-05-01_11-24-38,537.34,648
GOOG,2015-05-01_11-24-43,537.34,648
GOOG,2015-05-01_11-24-48,537.34,648
GOOG,2015-05-01_11-24-53,537.34,648
GOOG,2015-05-01_11-24-58,537.34,648
