GOOG,2014-05-14,518.73,1.5,SELL
GOOG,2014-05-15,526.65,1.28,SELL
GOOG,2014-05-16,526.65,1.16,BUY
GOOG,2014-05-19,526.65,0.42,BUY
GOOG,2014-05-20,526.65,0.59,SELL
GOOG,2014-05-21,526.65,2.28,SELL
GOOG,2014-05-22,528.72,3,SELL
GOOG,2014-05-23,529.92,4.12,SELL
GOOG,2014-05-27,538.94,4.77,SELL
GOOG,2014-05-28,545.06,2.96,SELL
GOOG,2014-05-29,552.7,1.32,SELL
GOOG,2014-05-30,560.08,0.03,SELL
GOOG,2014-06-02,560.58,1.2,BUY
GOOG,2014-06-03,560.58,2.87,BUY
GOOG,2014-06-04,559.39,2.7,BUY
GOOG,2014-06-05,553.93,0.01,BUY
GOOG,2014-06-06,553.32,0.54,SELL
GOOG,2014-06-09,553.32,1.57,SELL
GOOG,2014-06-10,553.9,1.19,SELL
GOOG,2014-06-11,556.33,0.45,SELL
GOOG,2014-06-12,558.84,1.36,SELL
GOOG,2014-06-13,558.84,1.28,BUY
GOOG,2014-06-16,558.84,2.68,BUY
GOOG,2014-06-17,552.16,1.68,BUY
GOOG,2014-06-18,550.96,0.44,BUY
GOOG,2014-06-19,550.96,0.71,SELL
GOOG,2014-06-20,551.76,0.83,SELL
GOOG,2014-06-23,553.37,2.05,SELL
GOOG,2014-06-24,554.9,1.72,SELL
GOOG,2014-06-25,556.36,3.85,SELL
GOOG,2014-06-26,564.18,2.05,SELL
GOOG,2014-06-27,565.39,2.05,SELL
GOOG,2014-06-30,576,0.13,SELL
GOOG,2014-07-01,576.21,1.11,BUY
GOOG,2014-07-02,577.24,0.87,SELL
GOOG,2014-07-03,577.24,1.28,SELL
GOOG,2014-07-07,581.9,0.06,SELL
GOOG,2014-07-08,582.45,1.99,BUY
GOOG,2014-07-09,582.45,1.11,BUY
GOOG,2014-07-10,581.69,1.85,BUY
GOOG,2014-07-11,576.08,0.54,BUY
GOOG,2014-07-14,576.08,1.5,SELL
GOOG,2014-07-15,576.08,1.49,SELL
GOOG,2014-07-16,579.18,0.6,SELL
GOOG,2014-07-17,582.66,1.56,BUY
GOOG,2014-07-18,582.66,2.09,BUY
GOOG,2014-07-21,584.23,0.89,SELL
GOOG,2014-07-22,584.78,1.67,SELL
GOOG,2014-07-23,589.47,1.09,SELL
GOOG,2014-07-24,594.31,0.16,SELL
GOOG,2014-07-25,594.36,0.91,BUY
GOOG,2014-07-28,593.35,0.47,BUY
GOOG,2014-07-29,593.35,1.32,BUY
GOOG,2014-07-30,590.6,0.54,BUY
GOOG,2014-07-31,589.02,3.05,BUY
GOOG,2014-08-01,587.42,3.77,BUY
GOOG,2014-08-04,585.61,2.17,BUY
GOOG,2014-08-05,573.15,1.43,SELL
GOOG,2014-08-06,571.6,0.92,BUY
GOOG,2014-08-07,566.82,0.61,BUY
GOOG,2014-08-08,565.8,0.52,BUY
GOOG,2014-08-11,566.37,0.27,SELL
GOOG,2014-08-12,566.37,0.65,SELL
GOOG,2014-08-13,566.37,1.46,BUY
GOOG,2014-08-14,567.73,1.21,SELL
GOOG,2014-08-15,568.92,0.79,SELL
GOOG,2014-08-18,573.47,1.49,SELL
GOOG,2014-08-19,574.27,2.15,SELL
GOOG,2014-08-20,575.32,1.57,SELL
GOOG,2014-08-21,582.16,0.21,SELL
GOOG,2014-08-22,583.33,0.13,SELL
GOOG,2014-08-25,583.51,0.57,BUY
GOOG,2014-08-26,583.47,0.97,BUY
GOOG,2014-08-27,582.33,1.98,BUY
GOOG,2014-08-28,580.24,1.94,BUY
GOOG,2014-08-29,577.86,1.1,BUY
GOOG,2014-09-02,571.88,0.94,BUY
GOOG,2014-09-03,571.88,1.05,SELL
GOOG,2014-09-04,571.9,1.73,SELL
GOOG,2014-09-05,577.04,1.54,SELL
GOOG,2014-09-08,578.24,1.95,SELL
GOOG,2014-09-09,581.98,0.17,SELL
GOOG,2014-09-10,582.1,0.17,BUY
GOOG,2014-09-11,583.14,0.31,BUY
GOOG,2014-09-12,583.1,1.3,BUY
GOOG,2014-09-15,581.78,1.51,BUY
GOOG,2014-09-16,580.58,0.11,BUY
GOOG,2014-09-17,579.95,0.82,SELL
GOOG,2014-09-18,579.95,1.58,SELL
GOOG,2014-09-19,579.95,2.71,SELL
GOOG,2014-09-22,584.77,0.44,SELL
GOOG,2014-09-23,587.37,1.07,HOLD
GOOG,2014-09-24,587.37,0.11,BUY
GOOG,2014-09-25,588.24,2.29,BUY
GOOG,2014-09-26,587.08,1.73,BUY
GOOG,2014-09-29,581.13,0.83,BUY
GOOG,2014-09-30,577.33,0.01,BUY
GOOG,2014-10-01,576.91,1.52,SELL
GOOG,2014-10-02,576.14,1.06,BUY
GOOG,2014-10-03,576.13,0.15,BUY
GOOG,2014-10-06,575.22,0.37,SELL
GOOG,2014-10-07,575.28,2.05,SELL
GOOG,2014-10-08,570.08,0.42,BUY
GOOG,2014-10-09,572.5,2.07,BUY
GOOG,2014-10-10,572.5,5.14,BUY
GOOG,2014-10-13,563.74,5.73,BUY
GOOG,2014-10-14,560.88,4.26,BUY
GOOG,2014-10-15,544.49,2.73,BUY
GOOG,2014-10-16,537.94,2.56,BUY
GOOG,2014-10-17,533.21,4.31,BUY
GOOG,2014-10-20,530.03,1.76,BUY
GOOG,2014-10-21,524.51,0.39,BUY
GOOG,2014-10-22,524.51,1.54,SELL
GOOG,2014-10-23,524.51,3.58,SELL
GOOG,2014-10-24,526.54,2.45,SELL
GOOG,2014-10-27,532.71,1.49,SELL
GOOG,2014-10-28,539.67,1.68,SELL
GOOG,2014-10-29,540.88,1.54,SELL
GOOG,2014-10-30,543.98,1.15,SELL
GOOG,2014-10-31,548.52,1.89,SELL
GOOG,2014-11-03,549.55,1.02,SELL
GOOG,2014-11-04,550.42,0.67,SELL
GOOG,2014-11-05,554.07,1.49,SELL
GOOG,2014-11-06,554.07,2.22,BUY
GOOG,2014-11-07,554.07,2.41,BUY
GOOG,2014-11-10,545.92,0.29,BUY
GOOG,2014-11-11,545.92,0.79,SELL
GOOG,2014-11-12,545.92,0.25,SELL
GOOG,2014-11-13,546.8,0.26,SELL
GOOG,2014-11-14,546.8,0.44,BUY
GOOG,2014-11-17,546.79,1.92,BUY
GOOG,2014-11-18,545.49,1.96,BUY
GOOG,2014-11-19,544.29,1.36,BUY
GOOG,2014-11-20,537.35,0.47,BUY
GOOG,2014-11-21,536.15,0.25,BUY
GOOG,2014-11-24,536.16,0.58,SELL
GOOG,2014-11-25,536.65,0.82,SELL
GOOG,2014-11-26,537.85,0.47,SELL
GOOG,2014-11-28,539.25,0.48,SELL
GOOG,2014-12-01,540.3,1.22,SELL
GOOG,2014-12-02,540.19,1.21,BUY
GOOG,2014-12-03,540.11,1.65,BUY
GOOG,2014-12-04,534.32,0.56,BUY
GOOG,2014-12-05,534.32,1.73,SELL
GOOG,2014-12-08,533.17,1.18,BUY
GOOG,2014-12-09,531.32,0.38,BUY
GOOG,2014-12-10,531.32,1,SELL
GOOG,2014-12-11,527.12,0.23,BUY
GOOG,2014-12-12,527.12,1.63,SELL
GOOG,2014-12-15,527.12,2.59,BUY
GOOG,2014-12-16,526.06,6.19,BUY
GOOG,2014-12-17,518.66,2.73,BUY
GOOG,2014-12-18,513.8,0.53,BUY
GOOG,2014-12-19,511.1,1.02,SELL
GOOG,2014-12-22,511.1,2.62,SELL
GOOG,2014-12-23,511.1,3.67,SELL
GOOG,2014-12-24,516.35,2.35,SELL
GOOG,2014-12-26,524.87,1.72,SELL
GOOG,2014-12-29,528.77,0.29,SELL
GOOG,2014-12-30,529.86,0.11,SELL
GOOG,2014-12-31,530.46,0.77,BUY
GOOG,2015-01-02,529.81,0.95,BUY
GOOG,2015-01-05,529.78,3.1,BUY
GOOG,2015-01-06,526.4,4.87,BUY
GOOG,2015-01-07,524.81,4.73,BUY
GOOG,2015-01-08,513.87,2.23,BUY
GOOG,2015-01-09,502.92,1.36,BUY
GOOG,2015-01-12,501.89,1.9,BUY
GOOG,2015-01-13,500.93,0.96,BUY
GOOG,2015-01-14,496.78,0.82,BUY
GOOG,2015-01-15,496.78,1,SELL
GOOG,2015-01-16,496.78,2.23,SELL
GOOG,2015-01-20,500.73,1.22,SELL
GOOG,2015-01-21,501.93,3.11,SELL
GOOG,2015-01-22,506.89,5.15,SELL
GOOG,2015-01-23,508.09,5.9,SELL
GOOG,2015-01-26,518.04,3.21,SELL
GOOG,2015-01-27,534.2,3,SELL
GOOG,2015-01-28,534.2,4.75,BUY
GOOG,2015-01-29,534.2,4.61,BUY
GOOG,2015-01-30,518.63,2.97,BUY
GOOG,2015-02-02,518.63,1.86,SELL
GOOG,2015-02-03,518.63,2,SELL
GOOG,2015-02-04,528.26,1.05,SELL
GOOG,2015-02-05,528.26,0.13,BUY
GOOG,2015-02-06,528.41,0.49,BUY
GOOG,2015-02-09,528.41,0.11,SELL
GOOG,2015-02-10,528.25,1.62,BUY
GOOG,2015-02-11,528.3,1.43,SELL
GOOG,2015-02-12,531,2.2,SELL
GOOG,2015-02-13,535.86,2.4,SELL
GOOG,2015-02-17,537.05,1.07,SELL
GOOG,2015-02-18,542.29,0.48,SELL
GOOG,2015-02-19,542.29,0.11,BUY
GOOG,2015-02-20,542.89,0.73,BUY
GOOG,2015-02-23,542.26,1.94,BUY
GOOG,2015-02-24,539.92,0.72,BUY
GOOG,2015-02-25,538.73,0.95,BUY
GOOG,2015-02-26,538.95,2.98,SELL
GOOG,2015-02-27,538.95,3.48,SELL
GOOG,2015-03-02,543.87,4.81,SELL
GOOG,2015-03-03,555.48,3.17,SELL
GOOG,2015-03-04,558.4,2.61,SELL
GOOG,2015-03-05,571.34,0.69,SELL
GOOG,2015-03-06,572.91,0.92,SELL
GOOG,2015-03-09,572.91,0.71,BUY
GOOG,2015-03-10,572.91,3.22,BUY
GOOG,2015-03-11,568.87,3.21,BUY
GOOG,2015-03-12,567.67,2.19,BUY
GOOG,2015-03-13,555.86,1.56,BUY
GOOG,2015-03-16,554.66,0.03,BUY
GOOG,2015-03-17,554.16,0.6,SELL
GOOG,2015-03-18,551.61,1.41,BUY
GOOG,2015-03-19,554.41,0.64,SELL
GOOG,2015-03-20,554.51,1.04,SELL
GOOG,2015-03-23,557.99,0.15,SELL
GOOG,2015-03-24,558.75,2.01,SELL
GOOG,2015-03-25,559.59,0.14,SELL
GOOG,2015-03-26,559.35,0.75,BUY
GOOG,2015-03-27,559.35,2.01,BUY
GOOG,2015-03-30,558.2,1.12,BUY
GOOG,2015-03-31,555.17,1.31,BUY
GOOG,2015-04-01,552.03,1.75,BUY
GOOG,2015-04-02,548.77,2.47,BUY
GOOG,2015-04-06,547.57,2.01,BUY
GOOG,2015-04-07,542.56,1.03,BUY
GOOG,2015-04-08,537.49,0.76,BUY
GOOG,2015-04-09,537.49,0.61,SELL
GOOG,2015-04-10,537.5,0.47,SELL
GOOG,2015-04-13,539.79,0.12,SELL
GOOG,2015-04-14,539.97,1.81,BUY
GOOG,2015-04-15,539.98,1.4,BUY
GOOG,2015-04-16,538.99,0.97,BUY
GOOG,2015-04-17,533.8,1.86,BUY
GOOG,2015-04-20,532.53,0.53,BUY
GOOG,2015-04-21,532.53,0.27,SELL
GOOG,2015-04-22,533.4,1.11,SELL
GOOG,2015-04-23,534.42,2.3,SELL
GOOG,2015-04-24,535.38,5.25,SELL
GOOG,2015-04-27,539.37,2.88,SELL
GOOG,2015-04-28,547,1.21,SELL
GOOG,2015-04-29,553.68,0.84,BUY
GOOG,2015-04-30,553.68,3.04,BUY
GOOG,predict day 1,553.68,0,BUY
GOOG,predict day 2,553.68,0,NULL
YHOO,2014-05-14,34.28,0.31,SELL
YHOO,2014-05-15,34.25,1.34,BUY
YHOO,2014-05-16,34.08,1.99,BUY
YHOO,2014-05-19,33.91,0.05,BUY
YHOO,2014-05-20,34.09,0.65,BUY
YHOO,2014-05-21,34.07,0.85,BUY
YHOO,2014-05-22,34.06,1.83,SELL
YHOO,2014-05-23,34.26,2.18,SELL
YHOO,2014-05-27,34.94,0.51,SELL
YHOO,2014-05-28,34.97,0.53,SELL
YHOO,2014-05-29,34.74,0.46,SELL
YHOO,2014-05-30,34.77,0.36,SELL
YHOO,2014-06-02,34.77,0.27,BUY
YHOO,2014-06-03,34.81,0.45,SELL
YHOO,2014-06-04,34.78,0.13,BUY
YHOO,2014-06-05,34.76,0.52,BUY
YHOO,2014-06-06,34.77,3.21,SELL
YHOO,2014-06-09,34.89,3.19,SELL
YHOO,2014-06-10,35.6,1.96,SELL
YHOO,2014-06-11,36.13,1.37,SELL
YHOO,2014-06-12,36.48,0.82,SELL
YHOO,2014-06-13,36.68,0.69,SELL
YHOO,2014-06-16,36.85,5.85,SELL
YHOO,2014-06-17,36.48,5.94,BUY
YHOO,2014-06-18,35.64,2.01,BUY
YHOO,2014-06-19,35.27,1.7,BUY
YHOO,2014-06-20,34.8,2.19,BUY
YHOO,2014-06-23,34.23,1.76,BUY
YHOO,2014-06-24,33.88,1.21,BUY
YHOO,2014-06-25,33.64,1.17,BUY
YHOO,2014-06-26,33.39,0.81,BUY
YHOO,2014-06-27,33.67,1.69,BUY
YHOO,2014-06-30,34.07,3.02,SELL
YHOO,2014-07-01,34.42,2.64,SELL
YHOO,2014-07-02,34.87,2.81,SELL
YHOO,2014-07-03,35.58,1.54,SELL
YHOO,2014-07-07,35.9,1.06,SELL
YHOO,2014-07-08,35.52,2.87,BUY
YHOO,2014-07-09,35,0.44,BUY
YHOO,2014-07-10,35.25,0.92,BUY
YHOO,2014-07-11,35.34,0.25,BUY
YHOO,2014-07-14,35.43,0.75,BUY
YHOO,2014-07-15,35.33,0.78,SELL
YHOO,2014-07-16,35.4,4.76,SELL
YHOO,2014-07-17,35.1,5.69,BUY
YHOO,2014-07-18,34.63,3.89,BUY
YHOO,2014-07-21,33.81,1.59,BUY
YHOO,2014-07-22,33.5,0.29,BUY
YHOO,2014-07-23,33.51,3.44,SELL
YHOO,2014-07-24,33.85,6.42,SELL
YHOO,2014-07-25,34.48,4.54,SELL
YHOO,2014-07-28,35.22,1.9,SELL
YHOO,2014-07-29,35.54,0.39,SELL
YHOO,2014-07-30,35.76,2.29,BUY
YHOO,2014-07-31,36.38,1.59,SELL
YHOO,2014-08-01,36.09,1.33,BUY
YHOO,2014-08-04,36.04,1.35,BUY
YHOO,2014-08-05,35.96,0.74,SELL
YHOO,2014-08-06,35.83,0.12,BUY
YHOO,2014-08-07,36.28,1.74,BUY
YHOO,2014-08-08,35.73,0.49,BUY
YHOO,2014-08-11,35.79,0.01,SELL
YHOO,2014-08-12,35.79,0.76,SELL
YHOO,2014-08-13,35.69,1.38,BUY
YHOO,2014-08-14,35.72,1.76,SELL
YHOO,2014-08-15,35.87,1.64,SELL
YHOO,2014-08-18,36.37,2.71,SELL
YHOO,2014-08-19,36.78,2.79,SELL
YHOO,2014-08-20,37.69,0.52,SELL
YHOO,2014-08-21,37.43,0.55,SELL
YHOO,2014-08-22,37.48,1.38,SELL
YHOO,2014-08-25,37.86,0.4,SELL
YHOO,2014-08-26,37.84,0.12,BUY
YHOO,2014-08-27,37.91,0.71,BUY
YHOO,2014-08-28,37.85,1.2,SELL
YHOO,2014-08-29,38.04,1.22,SELL
YHOO,2014-09-02,38.42,2.17,SELL
YHOO,2014-09-03,38.8,0.17,SELL
YHOO,2014-09-04,38.83,0.93,SELL
YHOO,2014-09-05,39.06,1.34,SELL
YHOO,2014-09-08,39.35,5.88,SELL
YHOO,2014-09-09,39.69,2.68,SELL
YHOO,2014-09-10,40.17,2.36,SELL
YHOO,2014-09-11,40.53,1.77,SELL
YHOO,2014-09-12,41.02,4.34,SELL
YHOO,2014-09-15,41.82,1.72,SELL
YHOO,2014-09-16,42.15,1.3,SELL
YHOO,2014-09-17,42.28,0.73,SELL
YHOO,2014-09-18,42.46,0.89,SELL
YHOO,2014-09-19,42.26,3.25,BUY
YHOO,2014-09-22,41.94,8.52,BUY
YHOO,2014-09-23,41.82,7.1,BUY
YHOO,2014-09-24,40.09,0.53,BUY
YHOO,2014-09-25,39.95,2.57,BUY
YHOO,2014-09-26,39.29,3.36,BUY
YHOO,2014-09-29,39.6,2.27,SELL
YHOO,2014-09-30,39.87,2.15,SELL
YHOO,2014-10-01,40.52,0.49,SELL
YHOO,2014-10-02,40.35,0.36,BUY
YHOO,2014-10-03,40.51,1.27,BUY
YHOO,2014-10-06,40.67,2.04,SELL
YHOO,2014-10-07,40.98,0.11,SELL
YHOO,2014-10-08,40.79,0.7,SELL
YHOO,2014-10-09,41.04,0.14,SELL
YHOO,2014-10-10,41.15,3.93,BUY
YHOO,2014-10-13,41.1,7.08,BUY
YHOO,2014-10-14,40.12,5.66,BUY
YHOO,2014-10-15,38.71,2.35,BUY
YHOO,2014-10-16,38.34,0.59,BUY
YHOO,2014-10-17,38.37,0.2,BUY
YHOO,2014-10-20,38.34,2.39,SELL
YHOO,2014-10-21,38.7,3.68,SELL
YHOO,2014-10-22,39.29,6.46,SELL
YHOO,2014-10-23,39.72,6.77,SELL
YHOO,2014-10-24,41.26,5.15,SELL
YHOO,2014-10-27,42.19,5.63,SELL
YHOO,2014-10-28,43.13,5.98,SELL
YHOO,2014-10-29,44.04,3.05,SELL
YHOO,2014-10-30,44.69,2.07,SELL
YHOO,2014-10-31,45.27,1.69,SELL
YHOO,2014-11-03,45.79,1.19,SELL
YHOO,2014-11-04,46.19,1.9,SELL
YHOO,2014-11-05,46.53,1.96,SELL
YHOO,2014-11-06,47.24,1.44,SELL
YHOO,2014-11-07,47.63,1.9,SELL
YHOO,2014-11-10,48.28,2.28,SELL
YHOO,2014-11-11,48.79,0.52,SELL
YHOO,2014-11-12,48.72,3.71,SELL
YHOO,2014-11-13,49.04,2.9,SELL
YHOO,2014-11-14,50.16,3.07,SELL
YHOO,2014-11-17,50.74,3.12,SELL
YHOO,2014-11-18,51.49,0.5,SELL
YHOO,2014-11-19,51.59,2,SELL
YHOO,2014-11-20,50.99,0.51,BUY
YHOO,2014-11-21,51.55,0.99,BUY
YHOO,2014-11-24,51.35,0.93,BUY
YHOO,2014-11-25,51.4,0.63,SELL
YHOO,2014-11-26,51.43,0.96,SELL
YHOO,2014-11-28,51.65,0.17,SELL
YHOO,2014-12-01,51.6,3,SELL
YHOO,2014-12-02,51.53,1.7,BUY
YHOO,2014-12-03,51.1,1.64,BUY
YHOO,2014-12-04,50.87,0.92,BUY
YHOO,2014-12-05,50.6,0.77,BUY
YHOO,2014-12-08,50.72,2.21,SELL
YHOO,2014-12-09,50.71,0.39,BUY
YHOO,2014-12-10,50.59,2.8,BUY
YHOO,2014-12-11,50.4,0.93,BUY
YHOO,2014-12-12,49.8,0.88,SELL
YHOO,2014-12-15,49.93,0.23,SELL
YHOO,2014-12-16,50.37,3.12,BUY
YHOO,2014-12-17,49.61,1.01,BUY
YHOO,2014-12-18,50.15,1.49,BUY
YHOO,2014-12-19,49.73,2.26,SELL
YHOO,2014-12-22,50.14,1.97,SELL
YHOO,2014-12-23,50.96,1.88,SELL
YHOO,2014-12-24,50.08,1.13,BUY
YHOO,2014-12-26,50.43,0.85,SELL
YHOO,2014-12-29,50.71,0.35,SELL
YHOO,2014-12-30,50.65,1.12,BUY
YHOO,2014-12-31,50.58,0.14,SELL
YHOO,2015-01-02,50.71,1.07,BUY
YHOO,2015-01-05,50.79,3.39,BUY
YHOO,2015-01-06,50.06,1.73,BUY
YHOO,2015-01-07,49.56,2,BUY
YHOO,2015-01-08,48.94,2.56,BUY
YHOO,2015-01-09,49.71,0.02,SELL
YHOO,2015-01-12,49.75,1.95,BUY
YHOO,2015-01-13,49.24,1.95,BUY
YHOO,2015-01-14,49.03,3.2,BUY
YHOO,2015-01-15,48.78,5.52,BUY
YHOO,2015-01-16,47.72,2.69,BUY
YHOO,2015-01-20,47.15,1.01,BUY
YHOO,2015-01-21,47.57,1.27,SELL
YHOO,2015-01-22,47.66,2.51,SELL
YHOO,2015-01-23,47.99,1.97,SELL
YHOO,2015-01-26,48.4,2.09,SELL
YHOO,2015-01-27,49.17,2.46,SELL
YHOO,2015-01-28,48.39,4.15,BUY
YHOO,2015-01-29,47.96,9.68,BUY
YHOO,2015-01-30,47.35,7.63,BUY
YHOO,2015-02-02,45.8,2.49,BUY
YHOO,2015-02-03,44.98,0.62,BUY
YHOO,2015-02-04,44.48,0.98,SELL
YHOO,2015-02-05,44.18,1.45,BUY
YHOO,2015-02-06,43.82,2.04,BUY
YHOO,2015-02-09,43.61,2.45,BUY
YHOO,2015-02-10,43.01,0.13,BUY
YHOO,2015-02-11,43.25,0.67,BUY
YHOO,2015-02-12,43.11,1.86,BUY
YHOO,2015-02-13,43.31,2.5,SELL
YHOO,2015-02-17,43.88,0.81,SELL
YHOO,2015-02-18,43.58,0.15,BUY
YHOO,2015-02-19,43.5,1.95,SELL
YHOO,2015-02-20,43.98,0.3,SELL
YHOO,2015-02-23,43.68,0.34,SELL
YHOO,2015-02-24,44.03,1.51,BUY
YHOO,2015-02-25,44.01,0.94,BUY
YHOO,2015-02-26,44.1,0.78,SELL
YHOO,2015-02-27,43.69,1.33,SELL
YHOO,2015-03-02,43.83,0.64,SELL
YHOO,2015-03-03,44.19,3.67,BUY
YHOO,2015-03-04,44.25,0.6,BUY
YHOO,2015-03-05,44.26,0.24,BUY
YHOO,2015-03-06,44.15,1.65,SELL
YHOO,2015-03-09,44.12,2.65,BUY
YHOO,2015-03-10,43.88,2.81,BUY
YHOO,2015-03-11,43.7,2.83,BUY
YHOO,2015-03-12,42.64,0.72,BUY
YHOO,2015-03-13,43.04,0.39,BUY
YHOO,2015-03-16,42.97,1.23,BUY
YHOO,2015-03-17,43.03,1.74,SELL
YHOO,2015-03-18,43.5,2.62,SELL
YHOO,2015-03-19,44.09,1.98,SELL
YHOO,2015-03-20,44.74,0.66,SELL
YHOO,2015-03-23,44.7,0.05,SELL
YHOO,2015-03-24,44.67,0.57,SELL
YHOO,2015-03-25,44.5,0.67,BUY
YHOO,2015-03-26,44.34,0.3,BUY
YHOO,2015-03-27,44.52,1.29,BUY
YHOO,2015-03-30,44.77,0.39,SELL
YHOO,2015-03-31,44.67,0.52,SELL
YHOO,2015-04-01,44.34,0.47,SELL
YHOO,2015-04-02,44.48,0.74,BUY
YHOO,2015-04-06,44.56,2.05,BUY
YHOO,2015-04-07,44.05,1.01,BUY
YHOO,2015-04-08,43.67,3.33,BUY
YHOO,2015-04-09,43.92,3.75,SELL
YHOO,2015-04-10,45.06,0.26,SELL
YHOO,2015-04-13,44.85,0.19,SELL
YHOO,2015-04-14,44.92,1.35,BUY
YHOO,2015-04-15,45.48,0.55,SELL
YHOO,2015-04-16,45.41,0.8,SELL
YHOO,2015-04-17,45.43,2.2,SELL
YHOO,2015-04-20,45.43,1.73,BUY
YHOO,2015-04-21,45.5,2.27,BUY
YHOO,2015-04-22,45.11,2.57,BUY
YHOO,2015-04-23,44.2,1.14,BUY
YHOO,2015-04-24,43.78,1.66,BUY
YHOO,2015-04-27,44.26,0.21,SELL
YHOO,2015-04-28,44.11,0.53,SELL
YHOO,2015-04-29,44.17,2.05,SELL
YHOO,2015-04-30,44.19,3.79,BUY
YHOO,predict day 1,43.96,0,BUY
YHOO,predict day 2,44.21,0,NULL
AAPL,2014-05-14,591.98,0.32,SELL
AAPL,2014-05-15,592.7,0.66,SELL
AAPL,2014-05-16,592.7,0.81,BUY
AAPL,2014-05-19,593.45,1.84,SELL
AAPL,2014-05-20,594.42,1.7,SELL
AAPL,2014-05-21,597.51,1.45,SELL
AAPL,2014-05-22,604.05,0.53,SELL
AAPL,2014-05-23,605.24,1.45,SELL
AAPL,2014-05-27,606.19,3.11,SELL
AAPL,2014-05-28,607.39,2.66,SELL
AAPL,2014-05-29,614.13,3.34,SELL
AAPL,2014-05-30,624.01,1.42,SELL
AAPL,2014-06-02,625.63,0.48,SELL
AAPL,2014-06-03,628.65,1.39,BUY
AAPL,2014-06-04,633,1.83,SELL
AAPL,2014-06-05,635.38,1.85,SELL
AAPL,2014-06-06,637.54,1.24,SELL
AAPL,2014-06-09,644.6,587.93,SELL
AAPL,2014-06-10,644.6,583.92,BUY
AAPL,2014-06-11,644.6,586.76,BUY
AAPL,2014-06-12,94.7,2.61,BUY
AAPL,2014-06-13,93.97,2.95,BUY
AAPL,2014-06-16,92.85,0.71,BUY
AAPL,2014-06-17,92.78,0.76,BUY
AAPL,2014-06-18,92.28,0.11,BUY
AAPL,2014-06-19,92.03,0.18,SELL
AAPL,2014-06-20,92.04,1.24,BUY
AAPL,2014-06-23,91.78,1.04,BUY
AAPL,2014-06-24,91.27,1.1,BUY
AAPL,2014-06-25,90.69,0.36,BUY
AAPL,2014-06-26,90.63,0.29,BUY
AAPL,2014-06-27,90.84,1.24,SELL
AAPL,2014-06-30,91.34,1.71,SELL
AAPL,2014-07-01,91.81,1.82,SELL
AAPL,2014-07-02,92.74,0.79,SELL
AAPL,2014-07-03,93.02,1.08,SELL
AAPL,2014-07-07,93.74,2.33,SELL
AAPL,2014-07-08,94.05,1.36,SELL
AAPL,2014-07-09,94.67,0.75,SELL
AAPL,2014-07-10,94.89,0.15,SELL
AAPL,2014-07-11,95.15,0.07,BUY
AAPL,2014-07-14,95.25,1.24,BUY
AAPL,2014-07-15,95.38,0.06,SELL
AAPL,2014-07-16,95.24,0.48,SELL
AAPL,2014-07-17,95.28,2.35,BUY
AAPL,2014-07-18,94.86,0.46,BUY
AAPL,2014-07-21,94.84,0.95,BUY
AAPL,2014-07-22,94.37,0.37,BUY
AAPL,2014-07-23,94.32,2.95,SELL
AAPL,2014-07-24,94.38,2.73,SELL
AAPL,2014-07-25,95.49,2.23,SELL
AAPL,2014-07-28,96.77,2.27,SELL
AAPL,2014-07-29,97.44,0.96,SELL
AAPL,2014-07-30,98.09,0.06,SELL
AAPL,2014-07-31,98.08,2.59,SELL
AAPL,2014-08-01,97.96,1.91,BUY
AAPL,2014-08-04,97.54,2.04,BUY
AAPL,2014-08-05,96.44,1.39,BUY
AAPL,2014-08-06,95.71,0.79,BUY
AAPL,2014-08-07,95.11,0.67,BUY
AAPL,2014-08-08,94.74,0,BUY
AAPL,2014-08-11,94.75,1.3,BUY
AAPL,2014-08-12,95.2,0.8,SELL
AAPL,2014-08-13,95.61,1.68,SELL
AAPL,2014-08-14,95.9,1.64,SELL
AAPL,2014-08-15,96.98,1.02,SELL
AAPL,2014-08-18,97.53,1.64,SELL
AAPL,2014-08-19,98.04,2.47,SELL
AAPL,2014-08-20,98.8,1.76,SELL
AAPL,2014-08-21,99.64,0.93,SELL
AAPL,2014-08-22,100.14,1.17,SELL
AAPL,2014-08-25,100.92,0.62,SELL
AAPL,2014-08-26,101.36,0.47,SELL
AAPL,2014-08-27,100.99,1.12,BUY
AAPL,2014-08-28,101.39,0.84,SELL
AAPL,2014-08-29,101.91,0.57,SELL
AAPL,2014-09-02,102.38,0.89,SELL
AAPL,2014-09-03,102.9,4.01,SELL
AAPL,2014-09-04,102.08,4.03,BUY
AAPL,2014-09-05,101.27,2.32,BUY
AAPL,2014-09-08,99.13,0.78,BUY
AAPL,2014-09-09,98.75,0.78,BUY
AAPL,2014-09-10,98.24,2.73,BUY
AAPL,2014-09-11,98.46,2.93,SELL
AAPL,2014-09-12,99.33,2.29,SELL
AAPL,2014-09-15,100.86,0.76,SELL
AAPL,2014-09-16,101.27,0.41,SELL
AAPL,2014-09-17,101.01,0.56,BUY
AAPL,2014-09-18,101.33,0.45,SELL
AAPL,2014-09-19,101.41,0.45,SELL
AAPL,2014-09-22,101.28,0.22,BUY
AAPL,2014-09-23,101.69,0.92,BUY
AAPL,2014-09-24,101.17,0.57,SELL
AAPL,2014-09-25,101,3.2,SELL
AAPL,2014-09-26,101.37,0.61,BUY
AAPL,2014-09-29,101.21,1.1,BUY
AAPL,2014-09-30,100.86,0.11,BUY
AAPL,2014-10-01,100.49,1.32,SELL
AAPL,2014-10-02,100.02,0.12,BUY
AAPL,2014-10-03,99.91,0.29,BUY
AAPL,2014-10-06,100.14,0.53,BUY
AAPL,2014-10-07,99.47,0.73,SELL
AAPL,2014-10-08,99.27,1.52,BUY
AAPL,2014-10-09,99.35,1.65,SELL
AAPL,2014-10-10,99.85,0.87,SELL
AAPL,2014-10-13,100.53,0.72,SELL
AAPL,2014-10-14,100.46,1.73,BUY
AAPL,2014-10-15,100.05,2.57,BUY
AAPL,2014-10-16,99.44,3.31,BUY
AAPL,2014-10-17,98.45,0.79,BUY
AAPL,2014-10-20,98.11,1.66,BUY
AAPL,2014-10-21,98.24,4.13,SELL
AAPL,2014-10-22,98.47,4.38,SELL
AAPL,2014-10-23,99.93,4.67,SELL
AAPL,2014-10-24,102.17,2.9,SELL
AAPL,2014-10-27,103.44,1.59,SELL
AAPL,2014-10-28,104.53,2.07,SELL
AAPL,2014-10-29,105.17,2.02,SELL
AAPL,2014-10-30,106.2,0.73,SELL
AAPL,2014-10-31,106.46,1.43,SELL
AAPL,2014-11-03,107.2,2.01,SELL
AAPL,2014-11-04,107.95,0.6,SELL
AAPL,2014-11-05,108.22,0.59,SELL
AAPL,2014-11-06,108.54,0.15,SELL
AAPL,2014-11-07,108.62,0.36,SELL
AAPL,2014-11-10,108.82,0.01,SELL
AAPL,2014-11-11,108.88,0.75,BUY
AAPL,2014-11-12,108.91,2.11,SELL
AAPL,2014-11-13,109.34,3.09,SELL
AAPL,2014-11-14,110.82,2.94,SELL
AAPL,2014-11-17,112.29,1.5,SELL
AAPL,2014-11-18,113.11,2.05,SELL
AAPL,2014-11-19,113.92,0.65,SELL
AAPL,2014-11-20,114.31,1.72,SELL
AAPL,2014-11-21,114.91,1.34,SELL
AAPL,2014-11-24,115.87,2.33,SELL
AAPL,2014-11-25,116.31,1.1,SELL
AAPL,2014-11-26,117.01,1.67,SELL
AAPL,2014-11-28,117.7,1.04,SELL
AAPL,2014-12-01,118.42,2.91,SELL
AAPL,2014-12-02,118.27,3.17,BUY
AAPL,2014-12-03,117.39,1.26,BUY
AAPL,2014-12-04,115.98,0.43,BUY
AAPL,2014-12-05,115.53,0.46,BUY
AAPL,2014-12-08,115.16,2.46,BUY
AAPL,2014-12-09,115.01,0.78,BUY
AAPL,2014-12-10,114.91,2.64,BUY
AAPL,2014-12-11,114.23,2.34,BUY
AAPL,2014-12-12,112.48,2.51,BUY
AAPL,2014-12-15,111.87,3.36,BUY
AAPL,2014-12-16,111.08,4.05,BUY
AAPL,2014-12-17,109.62,0.19,BUY
AAPL,2014-12-18,109.15,3.11,SELL
AAPL,2014-12-19,109.16,2.34,SELL
AAPL,2014-12-22,109.53,3.02,SELL
AAPL,2014-12-23,111.63,0.81,SELL
AAPL,2014-12-24,112.19,0.16,SELL
AAPL,2014-12-26,112.24,1.53,BUY
AAPL,2014-12-29,112.33,1.39,SELL
AAPL,2014-12-30,113.14,0.55,SELL
AAPL,2014-12-31,113.27,2.61,BUY
AAPL,2015-01-02,112.7,3.08,BUY
AAPL,2015-01-05,112.11,5.51,BUY
AAPL,2015-01-06,110.38,3.87,BUY
AAPL,2015-01-07,109.16,1.31,BUY
AAPL,2015-01-08,107.77,3.68,BUY
AAPL,2015-01-09,107.73,3.82,SELL
AAPL,2015-01-12,107.74,1.38,SELL
AAPL,2015-01-13,109.24,0.89,SELL
AAPL,2015-01-14,110.33,0.48,BUY
AAPL,2015-01-15,110.53,3.47,BUY
AAPL,2015-01-16,109.75,3.55,BUY
AAPL,2015-01-20,108.91,0.18,BUY
AAPL,2015-01-21,108.75,0.73,BUY
AAPL,2015-01-22,108.57,3.4,SELL
AAPL,2015-01-23,108.57,3.9,SELL
AAPL,2015-01-26,109.79,2.93,SELL
AAPL,2015-01-27,112.15,2.75,SELL
AAPL,2015-01-28,112.08,2.8,BUY
AAPL,2015-01-29,112.83,5.11,SELL
AAPL,2015-01-30,113.7,2.95,SELL
AAPL,2015-02-02,115.31,2.8,SELL
AAPL,2015-02-03,117.16,1.26,SELL
AAPL,2015-02-04,118.04,1.27,SELL
AAPL,2015-02-05,118.81,0.94,SELL
AAPL,2015-02-06,119.4,0.39,SELL
AAPL,2015-02-09,119.02,0.58,BUY
AAPL,2015-02-10,119.32,2.21,SELL
AAPL,2015-02-11,119.92,3.97,SELL
AAPL,2015-02-12,120.75,4.52,SELL
AAPL,2015-02-13,122.86,3.32,SELL
AAPL,2015-02-17,125.1,2.14,SELL
AAPL,2015-02-18,126.22,1.94,SELL
AAPL,2015-02-19,127.48,0.76,SELL
AAPL,2015-02-20,127.96,1.19,SELL
AAPL,2015-02-23,128.56,3.34,SELL
AAPL,2015-02-24,128.82,2.54,SELL
AAPL,2015-02-25,130,0.94,SELL
AAPL,2015-02-26,129.78,0.49,BUY
AAPL,2015-02-27,130.42,1.53,BUY
AAPL,2015-03-02,130.42,1.03,BUY
AAPL,2015-03-03,129.49,0.1,BUY
AAPL,2015-03-04,129.22,0.53,SELL
AAPL,2015-03-05,129.1,2.13,BUY
AAPL,2015-03-06,128.63,1.6,BUY
AAPL,2015-03-09,127.93,0.62,BUY
AAPL,2015-03-10,127.54,2.43,BUY
AAPL,2015-03-11,126.69,3.64,BUY
AAPL,2015-03-12,125.62,0.94,BUY
AAPL,2015-03-13,124.98,1.12,BUY
AAPL,2015-03-16,124.1,0.68,BUY
AAPL,2015-03-17,124.13,2.29,SELL
AAPL,2015-03-18,124.36,3.2,SELL
AAPL,2015-03-19,125.38,1.66,SELL
AAPL,2015-03-20,126.68,0.62,SELL
AAPL,2015-03-23,126.68,0.42,BUY
AAPL,2015-03-24,127.23,0.43,BUY
AAPL,2015-03-25,127,2.93,BUY
AAPL,2015-03-26,126.65,1.94,BUY
AAPL,2015-03-27,125.72,2,BUY
AAPL,2015-03-30,124.28,1.65,BUY
AAPL,2015-03-31,124.35,0.07,SELL
AAPL,2015-04-01,124.13,0.1,SELL
AAPL,2015-04-02,124.3,0.81,BUY
AAPL,2015-04-06,124.77,2.03,SELL
AAPL,2015-04-07,125.15,0.68,SELL
AAPL,2015-04-08,125.24,0.29,SELL
AAPL,2015-04-09,125.67,0.71,BUY
AAPL,2015-04-10,126.4,0.55,SELL
AAPL,2015-04-13,126.44,0.32,SELL
AAPL,2015-04-14,126.51,0.17,SELL
AAPL,2015-04-15,126.62,0.12,BUY
AAPL,2015-04-16,126.86,0.55,BUY
AAPL,2015-04-17,126.83,1.66,BUY
AAPL,2015-04-20,126.32,1,BUY
AAPL,2015-04-21,126.47,0.35,SELL
AAPL,2015-04-22,126.68,1.51,SELL
AAPL,2015-04-23,127.33,1.81,SELL
AAPL,2015-04-24,128.05,1.71,SELL
AAPL,2015-04-27,128.99,2.76,SELL
AAPL,2015-04-28,129.51,0.81,SELL
AAPL,2015-04-29,130.11,1.14,SELL
AAPL,2015-04-30,130.07,3.93,BUY
AAPL,predict day 1,129.68,0,BUY
AAPL,predict day 2,129.68,0,NULL
FB,2014-05-14,58.13,1.86,SELL
FB,2014-05-15,58.81,1.54,SELL
FB,2014-05-16,58.67,1.12,BUY
FB,2014-05-19,58.6,1.04,BUY
FB,2014-05-20,59.23,1.14,BUY
FB,2014-05-21,58.58,3.16,BUY
FB,2014-05-22,58.37,3.56,SELL
FB,2014-05-23,59.85,2.44,SELL
FB,2014-05-27,60.56,4.6,SELL
FB,2014-05-28,61,3.94,SELL
FB,2014-05-29,61.96,2.93,SELL
FB,2014-05-30,63.08,0.34,SELL
FB,2014-06-02,63.23,0.23,SELL
FB,2014-06-03,63.2,0.53,BUY
FB,2014-06-04,63.01,0.52,BUY
FB,2014-06-05,63.24,0.08,SELL
FB,2014-06-06,63.21,1.14,BUY
FB,2014-06-09,62.95,0.11,BUY
FB,2014-06-10,63.2,3.91,BUY
FB,2014-06-11,63.03,4.18,SELL
FB,2014-06-12,63.96,0.51,SELL
FB,2014-06-13,64.2,0.46,SELL
FB,2014-06-16,64.88,1.07,BUY
FB,2014-06-17,64.6,0.31,BUY
FB,2014-06-18,64.62,1.49,BUY
FB,2014-06-19,64.9,0.88,SELL
FB,2014-06-20,64.7,0.31,BUY
FB,2014-06-23,64.65,1.09,BUY
FB,2014-06-24,64.35,2.08,SELL
FB,2014-06-25,64.77,3.96,SELL
FB,2014-06-26,65.51,2.41,SELL
FB,2014-06-27,66.38,1.8,SELL
FB,2014-06-30,66.92,0.54,SELL
FB,2014-07-01,67.19,1.28,SELL
FB,2014-07-02,67.77,1.98,SELL
FB,2014-07-03,67.73,2.17,BUY
FB,2014-07-07,66.68,2.13,BUY
FB,2014-07-08,66.16,5.41,BUY
FB,2014-07-09,65.44,0.73,BUY
FB,2014-07-10,65.4,0.82,BUY
FB,2014-07-11,65.04,1.96,BUY
FB,2014-07-14,65.24,3.91,SELL
FB,2014-07-15,65.55,2.41,SELL
FB,2014-07-16,66.37,1.91,SELL
FB,2014-07-17,67.1,1.04,SELL
FB,2014-07-18,66.9,2.22,BUY
FB,2014-07-21,67.21,3.16,SELL
FB,2014-07-22,67.96,1.89,SELL
FB,2014-07-23,68.55,3.84,SELL
FB,2014-07-24,69.39,7.45,SELL
FB,2014-07-25,70.03,6.86,SELL
FB,2014-07-28,71.46,4.62,SELL
FB,2014-07-29,74.3,0.81,SELL
FB,2014-07-30,74.41,0.37,BUY
FB,2014-07-31,74.64,2.74,SELL
FB,2014-08-01,74.55,3.03,BUY
FB,2014-08-04,73.5,0.01,BUY
FB,2014-08-05,73.04,0.48,SELL
FB,2014-08-06,72.92,0.62,BUY
FB,2014-08-07,72.93,0.33,BUY
FB,2014-08-08,72.82,0.33,SELL
FB,2014-08-11,72.69,1.02,SELL
FB,2014-08-12,73.1,0.37,SELL
FB,2014-08-13,72.87,1.21,BUY
FB,2014-08-14,73.02,1.73,SELL
FB,2014-08-15,73.61,0.02,SELL
FB,2014-08-18,73.65,1.26,BUY
FB,2014-08-19,74.19,1.46,SELL
FB,2014-08-20,74.59,0.3,SELL
FB,2014-08-21,74.83,0.35,BUY
FB,2014-08-22,74.82,0.33,BUY
FB,2014-08-25,74.74,0.38,BUY
FB,2014-08-26,74.87,1.44,SELL
FB,2014-08-27,74.91,0.38,SELL
FB,2014-08-28,74.61,1.02,SELL
FB,2014-08-29,74.58,0.32,BUY
FB,2014-09-02,75.02,2.16,BUY
FB,2014-09-03,74.8,1.36,SELL
FB,2014-09-04,74.44,1.99,SELL
FB,2014-09-05,75.48,2.31,SELL
FB,2014-09-08,76.42,1.89,SELL
FB,2014-09-09,77.21,0.71,SELL
FB,2014-09-10,76.75,0.88,BUY
FB,2014-09-11,77.25,0.86,SELL
FB,2014-09-12,77.57,0.11,SELL
FB,2014-09-15,77.42,3.81,SELL
FB,2014-09-16,77.47,1.83,BUY
FB,2014-09-17,77.17,0.97,BUY
FB,2014-09-18,76.73,0.35,BUY
FB,2014-09-19,76.46,1.86,SELL
FB,2014-09-22,76.46,0.45,SELL
FB,2014-09-23,76.72,2,SELL
FB,2014-09-24,77.11,1.82,SELL
FB,2014-09-25,78.03,1.04,SELL
FB,2014-09-26,78.22,0.73,BUY
FB,2014-09-29,78.2,1.01,SELL
FB,2014-09-30,77.99,1.33,SELL
FB,2014-10-01,78.87,3.03,SELL
FB,2014-10-02,78.69,2.09,BUY
FB,2014-10-03,78.46,1.31,BUY
FB,2014-10-06,78,0.57,BUY
FB,2014-10-07,77.29,1.31,SELL
FB,2014-10-08,76.71,1.04,BUY
FB,2014-10-09,77.1,1.56,SELL
FB,2014-10-10,77.43,6.19,BUY
FB,2014-10-13,76.47,4.77,BUY
FB,2014-10-14,74.95,1.85,BUY
FB,2014-10-15,73.9,0.94,BUY
FB,2014-10-16,73.41,1.08,BUY
FB,2014-10-17,72.8,4.15,BUY
FB,2014-10-20,73.23,4.83,SELL
FB,2014-10-21,74.04,5.91,SELL
FB,2014-10-22,76.35,2.57,SELL
FB,2014-10-23,77.44,3.25,SELL
FB,2014-10-24,78.15,3.12,SELL
FB,2014-10-27,79.24,1.29,SELL
FB,2014-10-28,79.8,1.2,SELL
FB,2014-10-29,80.3,5.85,SELL
FB,2014-10-30,80.2,8.22,BUY
FB,2014-10-31,79.6,6.15,BUY
FB,2014-11-03,75.74,2.52,BUY
FB,2014-11-04,74.86,1.19,BUY
FB,2014-11-05,74.99,0.21,SELL
FB,2014-11-06,75.23,0.04,BUY
FB,2014-11-07,74.93,0.88,SELL
FB,2014-11-10,75.27,0.36,SELL
FB,2014-11-11,75.41,1.07,BUY
FB,2014-11-12,74.89,0.22,BUY
FB,2014-11-13,74.9,0.88,BUY
FB,2014-11-14,74.53,0.46,BUY
FB,2014-11-17,74.77,0.71,SELL
FB,2014-11-18,74.64,0.41,BUY
FB,2014-11-19,74.46,1.54,BUY
FB,2014-11-20,74.29,0.94,BUY
FB,2014-11-21,73.5,0.34,SELL
FB,2014-11-24,73.83,0.25,BUY
FB,2014-11-25,73.8,2.42,SELL
FB,2014-11-26,73.96,4.71,SELL
FB,2014-11-28,74.82,3.7,SELL
FB,2014-12-01,76.61,2.01,SELL
FB,2014-12-02,75.95,0.65,BUY
FB,2014-12-03,75.92,1.39,BUY
FB,2014-12-04,75.74,0.67,BUY
FB,2014-12-05,75.5,1.12,BUY
FB,2014-12-08,75.93,0.77,SELL
FB,2014-12-09,76.14,0.91,SELL
FB,2014-12-10,76.39,0.28,SELL
FB,2014-12-11,76,2.22,SELL
FB,2014-12-12,76.83,1.29,SELL
FB,2014-12-15,77.57,0.75,SELL
FB,2014-12-16,77.38,3.6,BUY
FB,2014-12-17,76.95,1.1,BUY
FB,2014-12-18,77.03,1.75,BUY
FB,2014-12-19,77.29,3.24,SELL
FB,2014-12-22,77.2,5.21,SELL
FB,2014-12-23,78.58,2.52,SELL
FB,2014-12-24,79.69,1.34,SELL
FB,2014-12-26,80.44,0.42,SELL
FB,2014-12-29,80.67,0.82,SELL
FB,2014-12-30,80.39,1.48,BUY
FB,2014-12-31,80.06,2.61,BUY
FB,2015-01-02,79.5,1.34,BUY
FB,2015-01-05,79.08,2.45,BUY
FB,2015-01-06,78.33,2.87,BUY
FB,2015-01-07,77.23,1.42,BUY
FB,2015-01-08,76.68,1.92,BUY
FB,2015-01-09,77.36,0.49,SELL
FB,2015-01-12,77.17,0.59,SELL
FB,2015-01-13,76.61,0.21,SELL
FB,2015-01-14,77.09,1.07,BUY
FB,2015-01-15,77.29,4.38,BUY
FB,2015-01-16,76.49,1.74,BUY
FB,2015-01-20,75.82,0.55,BUY
FB,2015-01-21,75.94,1.05,SELL
FB,2015-01-22,76.14,1.95,SELL
FB,2015-01-23,76.42,1.81,SELL
FB,2015-01-26,77.24,0.34,SELL
FB,2015-01-27,77.19,1.87,SELL
FB,2015-01-28,76.92,0.89,BUY
FB,2015-01-29,76.79,1.55,BUY
FB,2015-01-30,77.55,2.15,SELL
FB,2015-02-02,76.48,1.98,BUY
FB,2015-02-03,76.18,1.03,BUY
FB,2015-02-04,76.05,0.55,BUY
FB,2015-02-05,75.53,0.1,SELL
FB,2015-02-06,75.46,1.33,SELL
FB,2015-02-09,75.19,1,BUY
FB,2015-02-10,74.84,0.47,BUY
FB,2015-02-11,75.29,1.6,BUY
FB,2015-02-12,75.27,1.26,SELL
FB,2015-02-13,75.27,0.62,SELL
FB,2015-02-17,75.28,0.42,SELL
FB,2015-02-18,75.7,1.32,BUY
FB,2015-02-19,76.41,3.79,SELL
FB,2015-02-20,76.36,4.43,SELL
FB,2015-02-23,77.06,2.25,SELL
FB,2015-02-24,78.68,0.29,SELL
FB,2015-02-25,78.98,0.73,BUY
FB,2015-02-26,79.35,1.32,SELL
FB,2015-02-27,79.7,0.92,SELL
FB,2015-03-02,78.91,1.06,SELL
FB,2015-03-03,79.62,0.02,SELL
FB,2015-03-04,79.73,1.44,BUY
FB,2015-03-05,79.43,2.19,SELL
FB,2015-03-06,80.31,0.37,SELL
FB,2015-03-09,79.92,0.61,SELL
FB,2015-03-10,79.8,2.9,BUY
FB,2015-03-11,80.02,3.16,BUY
FB,2015-03-12,78.57,0.46,BUY
FB,2015-03-13,78.81,0.98,SELL
FB,2015-03-16,78.25,0.23,BUY
FB,2015-03-17,78.2,1.46,BUY
FB,2015-03-18,78.27,3.27,SELL
FB,2015-03-19,78.85,4.72,SELL
FB,2015-03-20,79.83,4.74,SELL
FB,2015-03-23,81.39,3.61,SELL
FB,2015-03-24,82.89,2.84,SELL
FB,2015-03-25,83.92,1.21,SELL
FB,2015-03-26,83.53,0.63,BUY
FB,2015-03-27,83.62,0.38,BUY
FB,2015-03-30,83.59,0.47,BUY
FB,2015-03-31,83.48,1.53,BUY
FB,2015-04-01,82.48,0.99,BUY
FB,2015-04-02,82.23,0.82,BUY
FB,2015-04-06,81.93,0.62,BUY
FB,2015-04-07,82.5,0.22,BUY
FB,2015-04-08,82.3,0.03,SELL
FB,2015-04-09,82.08,0.11,SELL
FB,2015-04-10,82.13,0.11,SELL
FB,2015-04-13,82.15,1.03,BUY
FB,2015-04-14,82.19,1.6,SELL
FB,2015-04-15,82.63,0.1,SELL
FB,2015-04-16,82.42,0.13,SELL
FB,2015-04-17,82.6,2.26,BUY
FB,2015-04-20,82.39,0.84,BUY
FB,2015-04-21,83.16,0.54,BUY
FB,2015-04-22,82.98,1.95,SELL
FB,2015-04-23,83.18,0.94,SELL
FB,2015-04-24,82.77,1.52,BUY
FB,2015-04-27,82.83,1.12,BUY
FB,2015-04-28,82.77,2.59,BUY
FB,2015-04-29,81.86,1.73,BUY
FB,2015-04-30,80.99,2.82,BUY
FB,predict day 1,80.6,0,BUY
FB,predict day 2,80.72,0,NULL
MSFT,2014-05-14,39.97,0.67,SELL
MSFT,2014-05-15,40.21,1.54,SELL
MSFT,2014-05-16,39.89,0.15,BUY
MSFT,2014-05-19,40.13,0.95,BUY
MSFT,2014-05-20,40.01,0.84,BUY
MSFT,2014-05-21,39.79,1.39,BUY
MSFT,2014-05-22,39.78,0.8,SELL
MSFT,2014-05-23,39.96,0.39,SELL
MSFT,2014-05-27,40.08,0.27,SELL
MSFT,2014-05-28,39.97,0.1,SELL
MSFT,2014-05-29,40.14,0.49,BUY
MSFT,2014-05-30,40.14,1.96,SELL
MSFT,2014-06-02,40.27,1.29,SELL
MSFT,2014-06-03,40.6,0.76,SELL
MSFT,2014-06-04,40.3,0.04,BUY
MSFT,2014-06-05,40.54,1.63,BUY
MSFT,2014-06-06,40.79,1.65,SELL
MSFT,2014-06-09,40.62,1.57,SELL
MSFT,2014-06-10,40.97,0.35,SELL
MSFT,2014-06-11,41.09,0.57,SELL
MSFT,2014-06-12,41,1.04,BUY
MSFT,2014-06-13,40.83,0.96,BUY
MSFT,2014-06-16,41.11,0.93,SELL
MSFT,2014-06-17,41.27,1,SELL
MSFT,2014-06-18,41.31,0.82,SELL
MSFT,2014-06-19,41.34,0.4,SELL
MSFT,2014-06-20,41.46,0.53,SELL
MSFT,2014-06-23,41.59,0.95,SELL
MSFT,2014-06-24,41.78,0.07,SELL
MSFT,2014-06-25,41.73,0.71,SELL
MSFT,2014-06-26,41.9,0.43,SELL
MSFT,2014-06-27,41.87,0.9,BUY
MSFT,2014-06-30,41.78,0.19,SELL
MSFT,2014-07-01,42.04,0.42,BUY
MSFT,2014-07-02,41.82,0.18,SELL
MSFT,2014-07-03,41.94,0.34,BUY
MSFT,2014-07-07,41.91,0.2,BUY
MSFT,2014-07-08,41.85,0.17,SELL
MSFT,2014-07-09,41.89,0.52,BUY
MSFT,2014-07-10,41.84,0.36,BUY
MSFT,2014-07-11,41.77,0.76,BUY
MSFT,2014-07-14,41.87,0.65,SELL
MSFT,2014-07-15,41.86,1.38,SELL
MSFT,2014-07-16,42.06,4.57,SELL
MSFT,2014-07-17,42.59,4.35,SELL
MSFT,2014-07-18,43.65,2.32,SELL
MSFT,2014-07-21,44.15,1.54,SELL
MSFT,2014-07-22,44.53,0.66,SELL
MSFT,2014-07-23,44.69,0.4,SELL
MSFT,2014-07-24,44.77,0.83,SELL
MSFT,2014-07-25,44.71,0.46,BUY
MSFT,2014-07-28,44.6,1.44,BUY
MSFT,2014-07-29,44.37,1.09,BUY
MSFT,2014-07-30,43.91,0.77,BUY
MSFT,2014-07-31,43.63,1.09,BUY
MSFT,2014-08-01,43.15,0.69,SELL
MSFT,2014-08-04,42.88,1.12,BUY
MSFT,2014-08-05,43.36,0.65,SELL
MSFT,2014-08-06,43.18,1.04,BUY
MSFT,2014-08-07,42.89,0.78,BUY
MSFT,2014-08-08,43.04,0.37,SELL
MSFT,2014-08-11,42.92,0.64,SELL
MSFT,2014-08-12,43.13,0.9,SELL
MSFT,2014-08-13,43.22,1.96,SELL
MSFT,2014-08-14,43.56,1.61,SELL
MSFT,2014-08-15,44.23,1.25,SELL
MSFT,2014-08-18,44.78,0.74,SELL
MSFT,2014-08-19,44.97,0.79,SELL
MSFT,2014-08-20,45.19,0.54,SELL
MSFT,2014-08-21,44.91,0.68,SELL
MSFT,2014-08-22,45.09,0.13,SELL
MSFT,2014-08-25,45.14,0.06,SELL
MSFT,2014-08-26,45.1,0.21,SELL
MSFT,2014-08-27,45.13,0.57,BUY
MSFT,2014-08-28,45.06,0.4,BUY
MSFT,2014-08-29,44.99,0.97,BUY
MSFT,2014-09-02,45.08,0.02,SELL
MSFT,2014-09-03,44.97,0.02,SELL
MSFT,2014-09-04,44.95,0.68,SELL
MSFT,2014-09-05,45.15,1.65,SELL
MSFT,2014-09-08,45.11,2.93,SELL
MSFT,2014-09-09,45.6,2.48,SELL
MSFT,2014-09-10,46.6,0.52,SELL
MSFT,2014-09-11,46.63,0.79,SELL
MSFT,2014-09-12,46.86,0.34,SELL
MSFT,2014-09-15,46.76,1.11,BUY
MSFT,2014-09-16,46.42,0.73,BUY
MSFT,2014-09-17,46.69,0.36,SELL
MSFT,2014-09-18,46.71,0.06,BUY
MSFT,2014-09-19,46.66,1.81,SELL
MSFT,2014-09-22,46.57,1.04,SELL
MSFT,2014-09-23,47.01,0.98,SELL
MSFT,2014-09-24,46.69,0.83,BUY
MSFT,2014-09-25,46.98,2.03,SELL
MSFT,2014-09-26,46.89,1.04,BUY
MSFT,2014-09-29,46.78,0.74,BUY
MSFT,2014-09-30,46.27,0.19,SELL
MSFT,2014-10-01,46.57,1.47,BUY
MSFT,2014-10-02,46.26,1.09,BUY
MSFT,2014-10-03,46.03,0.14,BUY
MSFT,2014-10-06,46.05,0.09,SELL
MSFT,2014-10-07,46.01,1.06,SELL
MSFT,2014-10-08,45.81,2.07,BUY
MSFT,2014-10-09,45.94,0.19,SELL
MSFT,2014-10-10,46.04,4.56,BUY
MSFT,2014-10-13,45.99,5.35,BUY
MSFT,2014-10-14,44.7,2.21,BUY
MSFT,2014-10-15,44.06,1.95,BUY
MSFT,2014-10-16,43.67,2.17,BUY
MSFT,2014-10-17,42.93,1.61,BUY
MSFT,2014-10-20,43.44,1.45,SELL
MSFT,2014-10-21,43.75,2.52,SELL
MSFT,2014-10-22,44.17,0.48,SELL
MSFT,2014-10-23,43.99,2.28,SELL
MSFT,2014-10-24,44.7,3.1,SELL
MSFT,2014-10-27,45.23,1.49,SELL
MSFT,2014-10-28,45.63,1.85,SELL
MSFT,2014-10-29,46.11,1.1,SELL
MSFT,2014-10-30,46.31,0.57,SELL
MSFT,2014-10-31,46.26,1.48,BUY
MSFT,2014-11-03,46.32,2.36,SELL
MSFT,2014-11-04,46.9,1.4,SELL
MSFT,2014-11-05,47.43,0.91,SELL
MSFT,2014-11-06,47.8,1.84,SELL
MSFT,2014-11-07,48.4,0.57,SELL
MSFT,2014-11-10,48.47,0.86,SELL
MSFT,2014-11-11,48.65,0.45,SELL
MSFT,2014-11-12,48.68,0.21,SELL
MSFT,2014-11-13,48.79,1.65,BUY
MSFT,2014-11-14,48.87,1.43,SELL
MSFT,2014-11-17,49.43,0.05,SELL
MSFT,2014-11-18,49.46,1.48,BUY
MSFT,2014-11-19,49.22,2.07,BUY
MSFT,2014-11-20,48.91,0.43,BUY
MSFT,2014-11-21,49.14,2.43,BUY
MSFT,2014-11-24,48.44,1.79,BUY
MSFT,2014-11-25,47.85,0.81,BUY
MSFT,2014-11-26,47.57,0.38,BUY
MSFT,2014-11-28,47.62,0.39,SELL
MSFT,2014-12-01,47.71,1.88,SELL
MSFT,2014-12-02,48,0.96,SELL
MSFT,2014-12-03,48.23,0.3,SELL
MSFT,2014-12-04,48.09,1.54,BUY
MSFT,2014-12-05,48.45,0.07,SELL
MSFT,2014-12-08,48.45,1.57,BUY
MSFT,2014-12-09,48.55,2.01,BUY
MSFT,2014-12-10,47.98,2.31,BUY
MSFT,2014-12-11,47.25,0.18,BUY
MSFT,2014-12-12,47.32,0.79,BUY
MSFT,2014-12-15,47.15,1.03,BUY
MSFT,2014-12-16,46.79,3.6,BUY
MSFT,2014-12-17,46.42,1.48,BUY
MSFT,2014-12-18,46.08,3.02,BUY
MSFT,2014-12-19,46.79,1.82,SELL
MSFT,2014-12-22,46.98,2.09,SELL
MSFT,2014-12-23,47.15,2.69,SELL
MSFT,2014-12-24,47.93,0.44,SELL
MSFT,2014-12-26,48.07,0.4,SELL
MSFT,2014-12-29,47.95,1.06,BUY
MSFT,2014-12-30,47.55,1.12,BUY
MSFT,2014-12-31,47.36,1.95,BUY
MSFT,2015-01-02,46.86,0.21,BUY
MSFT,2015-01-05,46.87,1.17,BUY
MSFT,2015-01-06,46.54,1.94,BUY
MSFT,2015-01-07,46.01,0.47,BUY
MSFT,2015-01-08,46.05,3.23,SELL
MSFT,2015-01-09,46.47,1.52,SELL
MSFT,2015-01-12,46.6,0,SELL
MSFT,2015-01-13,46.3,0.14,SELL
MSFT,2015-01-14,46.7,1.61,BUY
MSFT,2015-01-15,46.73,2.74,BUY
MSFT,2015-01-16,45.92,0.69,BUY
MSFT,2015-01-20,46.21,0.38,SELL
MSFT,2015-01-21,46.3,0.82,SELL
MSFT,2015-01-22,46.07,2.24,BUY
MSFT,2015-01-23,46.14,2.21,SELL
MSFT,2015-01-26,46.85,0.33,SELL
MSFT,2015-01-27,47.29,10.86,BUY
MSFT,2015-01-28,46.87,13.8,BUY
MSFT,2015-01-29,46.17,9.91,BUY
MSFT,2015-01-30,42.33,4.78,BUY
MSFT,2015-02-02,41.7,1.02,BUY
MSFT,2015-02-03,41.5,0.25,BUY
MSFT,2015-02-04,41.37,1.12,SELL
MSFT,2015-02-05,41.53,2.17,SELL
MSFT,2015-02-06,42.03,0.91,SELL
MSFT,2015-02-09,42.19,0.39,SELL
MSFT,2015-02-10,42.18,0.98,SELL
MSFT,2015-02-11,42.45,0.17,SELL
MSFT,2015-02-12,42.48,1.41,BUY
MSFT,2015-02-13,42.44,3.27,SELL
MSFT,2015-02-17,43.08,1.16,SELL
MSFT,2015-02-18,43.37,0.36,SELL
MSFT,2015-02-19,43.41,0.2,SELL
MSFT,2015-02-20,43.47,0.88,SELL
MSFT,2015-02-23,43.7,1.02,SELL
MSFT,2015-02-24,43.82,0.6,SELL
MSFT,2015-02-25,43.91,0.19,SELL
MSFT,2015-02-26,43.92,0.31,SELL
MSFT,2015-02-27,44,0.33,SELL
MSFT,2015-03-02,43.96,0.18,BUY
MSFT,2015-03-03,43.96,1.56,BUY
MSFT,2015-03-04,43.83,1.8,BUY
MSFT,2015-03-05,43.39,0.64,BUY
MSFT,2015-03-06,43.13,1.82,BUY
MSFT,2015-03-09,42.77,0.18,BUY
MSFT,2015-03-10,42.75,1.72,SELL
MSFT,2015-03-11,42.65,1.59,BUY
MSFT,2015-03-12,42.05,2.5,BUY
MSFT,2015-03-13,41.58,0.49,BUY
MSFT,2015-03-16,41.34,0.52,SELL
MSFT,2015-03-17,41.6,0.24,BUY
MSFT,2015-03-18,41.56,2.21,SELL
MSFT,2015-03-19,41.87,0.98,SELL
MSFT,2015-03-20,42.11,1.8,SELL
MSFT,2015-03-23,42.52,0.8,SELL
MSFT,2015-03-24,42.77,0.31,SELL
MSFT,2015-03-25,42.87,3.41,SELL
MSFT,2015-03-26,42.65,3.48,BUY
MSFT,2015-03-27,41.92,2.31,BUY
MSFT,2015-03-30,41.39,1.04,BUY
MSFT,2015-03-31,41.17,1.25,BUY
MSFT,2015-04-01,40.77,0.11,BUY
MSFT,2015-04-02,40.77,1.18,BUY
MSFT,2015-04-06,40.56,2.38,BUY
MSFT,2015-04-07,40.72,1.96,SELL
MSFT,2015-04-08,41.13,0.69,SELL
MSFT,2015-04-09,41.15,0.8,SELL
MSFT,2015-04-10,41.34,0.91,SELL
MSFT,2015-04-13,41.61,0.35,SELL
MSFT,2015-04-14,41.66,0.01,SELL
MSFT,2015-04-15,41.67,1.4,BUY
MSFT,2015-04-16,41.79,0.87,SELL
MSFT,2015-04-17,42.07,1.07,SELL
MSFT,2015-04-20,41.84,2.49,BUY
MSFT,2015-04-21,42.1,1.27,SELL
MSFT,2015-04-22,42.26,1.69,SELL
MSFT,2015-04-23,42.9,1.02,SELL
MSFT,2015-04-24,43.15,9.87,SELL
MSFT,2015-04-27,43.19,10.07,SELL
MSFT,2015-04-28,44.06,10.37,SELL
MSFT,2015-04-29,47.95,2.26,SELL
MSFT,2015-04-30,48.38,0.53,SELL
MSFT,predict day 1,48.54,0,SELL
MSFT,predict day 2,48.53,0,NULL
AMZN,2014-05-14,293.08,1.53,SELL
AMZN,2014-05-15,297.62,0.82,HOLD
AMZN,2014-05-16,297.62,0.03,BUY
AMZN,2014-05-19,298.26,0.51,BUY
AMZN,2014-05-20,297.33,1.28,BUY
AMZN,2014-05-21,297.33,2.52,SELL
AMZN,2014-05-22,297.83,2.32,SELL
AMZN,2014-05-23,301.19,3.54,SELL
AMZN,2014-05-27,304.36,2.08,SELL
AMZN,2014-05-28,305.56,1.48,SELL
AMZN,2014-05-29,309.89,1.24,SELL
AMZN,2014-05-30,311.09,0.47,SELL
AMZN,2014-06-02,311.85,0.97,SELL
AMZN,2014-06-03,311.09,1.27,BUY
AMZN,2014-06-04,310.16,1.1,BUY
AMZN,2014-06-05,308.82,4.56,BUY
AMZN,2014-06-06,308.83,6.32,SELL
AMZN,2014-06-09,308.84,5.7,SELL
AMZN,2014-06-10,323.58,2.66,SELL
AMZN,2014-06-11,327.5,2.3,SELL
AMZN,2014-06-12,329.67,1.15,SELL
AMZN,2014-06-13,329.67,1.04,BUY
AMZN,2014-06-16,327.5,0.04,BUY
AMZN,2014-06-17,327.62,0.61,HOLD
AMZN,2014-06-18,326.65,2.31,BUY
AMZN,2014-06-19,326.65,0.11,SELL
AMZN,2014-06-20,326.95,0.85,SELL
AMZN,2014-06-23,326.71,0.16,BUY
AMZN,2014-06-24,326.41,0.69,SELL
AMZN,2014-06-25,326.66,0.24,BUY
AMZN,2014-06-26,326.46,0.24,SELL
AMZN,2014-06-27,326.23,0.51,BUY
AMZN,2014-06-30,325.69,0.28,BUY
AMZN,2014-07-01,324.99,2.23,BUY
AMZN,2014-07-02,325.85,2.1,SELL
AMZN,2014-07-03,325.86,3.45,SELL
AMZN,2014-07-07,332.06,0.45,SELL
AMZN,2014-07-08,332.97,2.83,SELL
AMZN,2014-07-09,332.96,0.91,BUY
AMZN,2014-07-10,332.6,1.43,BUY
AMZN,2014-07-11,329.97,4.69,BUY
AMZN,2014-07-14,329.97,7.13,SELL
AMZN,2014-07-15,329.97,6.9,SELL
AMZN,2014-07-16,346.2,2.73,SELL
AMZN,2014-07-17,354.28,0.52,SELL
AMZN,2014-07-18,354.28,1.22,BUY
AMZN,2014-07-21,355.19,1.27,SELL
AMZN,2014-07-22,355.9,1.37,SELL
AMZN,2014-07-23,358.61,0.13,SELL
AMZN,2014-07-24,358.89,0.08,BUY
AMZN,2014-07-25,359.06,10.82,BUY
AMZN,2014-07-28,358.9,12.01,BUY
AMZN,2014-07-29,357.82,11.82,BUY
AMZN,2014-07-30,323.93,0.44,BUY
AMZN,2014-07-31,322.51,3.04,SELL
AMZN,2014-08-01,320.81,4.48,BUY
AMZN,2014-08-04,319.61,1.9,BUY
AMZN,2014-08-05,313.92,0.51,BUY
AMZN,2014-08-06,312.99,0.29,BUY
AMZN,2014-08-07,312.92,0.47,SELL
AMZN,2014-08-08,312.49,1.36,BUY
AMZN,2014-08-11,313.25,1.59,SELL
AMZN,2014-08-12,313.89,1.7,SELL
AMZN,2014-08-13,316.8,2.91,SELL
AMZN,2014-08-14,318.23,4.5,SELL
AMZN,2014-08-15,319.43,4.26,SELL
AMZN,2014-08-18,326.28,2.47,SELL
AMZN,2014-08-19,332.82,0.69,SELL
AMZN,2014-08-20,333.82,0.58,SELL
AMZN,2014-08-21,335.04,0.64,SELL
AMZN,2014-08-22,334.38,0.84,BUY
AMZN,2014-08-25,334.16,0.04,BUY
AMZN,2014-08-26,334.02,2.29,SELL
AMZN,2014-08-27,334.07,2.65,SELL
AMZN,2014-08-28,334.13,1.73,SELL
AMZN,2014-08-29,340.02,0.29,BUY
AMZN,2014-09-02,340.13,0.66,BUY
AMZN,2014-09-03,341.51,0.74,SELL
AMZN,2014-09-04,340.13,1.68,BUY
AMZN,2014-09-05,340.13,1.8,SELL
AMZN,2014-09-08,342.38,0.01,SELL
AMZN,2014-09-09,342.96,4.01,BUY
AMZN,2014-09-10,342.34,3.32,BUY
AMZN,2014-09-11,342.34,3.58,BUY
AMZN,2014-09-12,331.53,0.1,BUY
AMZN,2014-09-15,330.98,2.19,SELL
AMZN,2014-09-16,330.4,0.8,BUY
AMZN,2014-09-17,330.25,1.93,BUY
AMZN,2014-09-18,327.76,0.85,BUY
AMZN,2014-09-19,325.1,1.88,BUY
AMZN,2014-09-22,325.1,0.18,SELL
AMZN,2014-09-23,325.35,0.53,BUY
AMZN,2014-09-24,324.6,1.1,BUY
AMZN,2014-09-25,325.35,1.06,SELL
AMZN,2014-09-26,324.66,0.45,BUY
AMZN,2014-09-29,323.83,0.62,BUY
AMZN,2014-09-30,322.89,0.14,BUY
AMZN,2014-10-01,322.65,1.63,BUY
AMZN,2014-10-02,322.1,1.16,BUY
AMZN,2014-10-03,321.53,0.38,BUY
AMZN,2014-10-06,321.53,0.21,SELL
AMZN,2014-10-07,321.69,1.49,SELL
AMZN,2014-10-08,318.54,1.29,BUY
AMZN,2014-10-09,321.79,2.04,SELL
AMZN,2014-10-10,321.78,3.34,BUY
AMZN,2014-10-13,316.98,3.44,BUY
AMZN,2014-10-14,315.37,2.29,BUY
AMZN,2014-10-15,311.39,1.77,BUY
AMZN,2014-10-16,308.31,1.8,BUY
AMZN,2014-10-17,306.81,1.04,BUY
AMZN,2014-10-20,305.6,0.2,BUY
AMZN,2014-10-21,305.5,3.12,SELL
AMZN,2014-10-22,305.49,2.39,SELL
AMZN,2014-10-23,306.21,2.22,SELL
AMZN,2014-10-24,312.48,8.85,SELL
AMZN,2014-10-27,312.48,7.76,BUY
AMZN,2014-10-28,312.48,5.71,BUY
AMZN,2014-10-29,295.59,0.5,HOLD
AMZN,2014-10-30,294.12,1.66,HOLD
AMZN,2014-10-31,294.12,3.71,SELL
AMZN,2014-11-03,295.59,3.31,SELL
AMZN,2014-11-04,299.07,1.24,SELL
AMZN,2014-11-05,302.81,2.12,HOLD
AMZN,2014-11-06,302.81,2.08,BUY
AMZN,2014-11-07,302.81,0.98,BUY
AMZN,2014-11-10,299.86,1.72,BUY
AMZN,2014-11-11,299.86,3.89,SELL
AMZN,2014-11-12,299.86,3.74,SELL
AMZN,2014-11-13,305.11,3.59,SELL
AMZN,2014-11-14,311.16,5.08,SELL
AMZN,2014-11-17,312.36,3.31,SELL
AMZN,2014-11-18,316.48,2.6,SELL
AMZN,2014-11-19,323.05,1.07,SELL
AMZN,2014-11-20,324.93,1.7,SELL
AMZN,2014-11-21,326.54,1.83,SELL
AMZN,2014-11-24,326.54,2.71,SELL
AMZN,2014-11-25,330.54,1.34,SELL
AMZN,2014-11-26,332.63,0.28,SELL
AMZN,2014-11-28,333.7,1.46,BUY
AMZN,2014-12-01,334.74,2.68,SELL
AMZN,2014-12-02,334.74,2.58,BUY
AMZN,2014-12-03,333.55,5.39,BUY
AMZN,2014-12-04,326.76,3.1,BUY
AMZN,2014-12-05,325.56,4.13,BUY
AMZN,2014-12-08,317.32,3.48,BUY
AMZN,2014-12-09,316.12,1.16,BUY
AMZN,2014-12-10,313.17,2.4,BUY
AMZN,2014-12-11,311.96,1.5,BUY
AMZN,2014-12-12,307.6,0.09,BUY
AMZN,2014-12-15,307.07,0.33,SELL
AMZN,2014-12-16,306.9,4.01,BUY
AMZN,2014-12-17,306.4,2.52,BUY
AMZN,2014-12-18,306.07,2.8,BUY
AMZN,2014-12-19,298.9,0.33,BUY
AMZN,2014-12-22,298.82,2.52,SELL
AMZN,2014-12-23,298.82,2.44,SELL
AMZN,2014-12-24,299.99,1,SELL
AMZN,2014-12-26,303.03,1.96,HOLD
AMZN,2014-12-29,305.82,1.99,SELL
AMZN,2014-12-30,307.02,1.06,SELL
AMZN,2014-12-31,309.09,0.41,SELL
AMZN,2015-01-02,309.88,0.44,SELL
AMZN,2015-01-05,309.86,2.54,BUY
AMZN,2015-01-06,309.73,4.89,BUY
AMZN,2015-01-07,308.54,3.39,BUY
AMZN,2015-01-08,302.17,0.57,BUY
AMZN,2015-01-09,300.46,1.19,BUY
AMZN,2015-01-12,298.42,2.41,BUY
AMZN,2015-01-13,296.93,0.74,BUY
AMZN,2015-01-14,296.93,1.25,BUY
AMZN,2015-01-15,294.74,2.71,BUY
AMZN,2015-01-16,293.27,0.87,BUY
AMZN,2015-01-20,291.68,0.77,BUY
AMZN,2015-01-21,290.74,2.19,BUY
AMZN,2015-01-22,290.74,6.31,SELL
AMZN,2015-01-23,290.74,6.93,SELL
AMZN,2015-01-26,297.25,4.01,SELL
AMZN,2015-01-27,309.39,0.86,SELL
AMZN,2015-01-28,309.39,1.8,BUY
AMZN,2015-01-29,309.39,0.77,BUY
AMZN,2015-01-30,309.66,12.66,SELL
AMZN,2015-02-02,309.66,15.04,SELL
AMZN,2015-02-03,311.78,14.24,SELL
AMZN,2015-02-04,354.53,2.8,SELL
AMZN,2015-02-05,363.41,2.8,SELL
AMZN,2015-02-06,364.22,2.69,SELL
AMZN,2015-02-09,365.21,1.44,SELL
AMZN,2015-02-10,370.56,0.65,HOLD
AMZN,2015-02-11,372.85,0.61,SELL
AMZN,2015-02-12,373.69,0.92,SELL
AMZN,2015-02-13,374.11,2.02,SELL
AMZN,2015-02-17,375.14,0.08,SELL
AMZN,2015-02-18,375.88,0.67,BUY
AMZN,2015-02-19,375.88,0.82,BUY
AMZN,2015-02-20,377.17,1.69,SELL
AMZN,2015-02-23,378.98,0.31,SELL
AMZN,2015-02-24,378.98,0.1,SELL
AMZN,2015-02-25,379.28,1.58,BUY
AMZN,2015-02-26,380.17,1.2,SELL
AMZN,2015-02-27,383.63,0.91,SELL
AMZN,2015-03-02,380.75,1.27,BUY
AMZN,2015-03-03,384.48,0.03,SELL
AMZN,2015-03-04,384.84,0.55,BUY
AMZN,2015-03-05,384.21,0.93,BUY
AMZN,2015-03-06,384.49,1.16,SELL
AMZN,2015-03-09,384.51,1.57,BUY
AMZN,2015-03-10,382.72,3.58,BUY
AMZN,2015-03-11,380.09,3.74,BUY
AMZN,2015-03-12,378.56,1.15,BUY
AMZN,2015-03-13,374.24,0.99,BUY
AMZN,2015-03-16,370.65,0.72,BUY
AMZN,2015-03-17,370.65,0.34,SELL
AMZN,2015-03-18,371.92,0.86,SELL
AMZN,2015-03-19,373.19,0.01,SELL
AMZN,2015-03-20,372.96,1.46,SELL
AMZN,2015-03-23,373.89,0.33,SELL
AMZN,2015-03-24,374.46,0.1,SELL
AMZN,2015-03-25,374.7,1.01,BUY
AMZN,2015-03-26,374.17,1.86,BUY
AMZN,2015-03-27,374,0.93,BUY
AMZN,2015-03-30,371.36,0.86,BUY
AMZN,2015-03-31,371.36,0.2,SELL
AMZN,2015-04-01,371.24,0.26,SELL
AMZN,2015-04-02,371.01,0.33,BUY
AMZN,2015-04-06,371.64,1.43,SELL
AMZN,2015-04-07,372.77,0.44,SELL
AMZN,2015-04-08,372.77,2.21,SELL
AMZN,2015-04-09,374.41,2.38,SELL
AMZN,2015-04-10,377.04,1.47,SELL
AMZN,2015-04-13,381.2,0.3,SELL
AMZN,2015-04-14,382.04,0.8,SELL
AMZN,2015-04-15,382.91,0.14,SELL
AMZN,2015-04-16,383.32,0.71,SELL
AMZN,2015-04-17,383.62,2.14,SELL
AMZN,2015-04-20,383.51,1.54,BUY
AMZN,2015-04-21,385,1.58,SELL
AMZN,2015-04-22,386.12,0.95,SELL
AMZN,2015-04-23,389.06,0.24,SELL
AMZN,2015-04-24,389.75,12.44,SELL
AMZN,2015-04-27,390.42,10.98,SELL
AMZN,2015-04-28,391.19,8.88,SELL
AMZN,2015-04-29,429.31,0.01,HOLD
AMZN,2015-04-30,429.94,1.93,BUY
AMZN,predict day 1,429.94,0,BUY
AMZN,predict day 2,429.94,0,NULL
SNE,2014-05-14,17.51,6.14,SELL
SNE,2014-05-15,17.49,6.72,BUY
SNE,2014-05-16,17.08,4.28,BUY
SNE,2014-05-19,16.47,0.89,BUY
SNE,2014-05-20,16.41,2.52,BUY
SNE,2014-05-21,16.1,0.29,BUY
SNE,2014-05-22,16.1,0.51,BUY
SNE,2014-05-23,16.09,0.13,SELL
SNE,2014-05-27,16.08,3.35,SELL
SNE,2014-05-28,16.22,0.69,SELL
SNE,2014-05-29,16.21,0.01,SELL
SNE,2014-05-30,16.29,0.69,BUY
SNE,2014-06-02,16.19,0.63,BUY
SNE,2014-06-03,16.35,1.69,BUY
SNE,2014-06-04,16.18,0.36,BUY
SNE,2014-06-05,16.18,0.39,SELL
SNE,2014-06-06,16.18,0.49,SELL
SNE,2014-06-09,16.18,0.76,BUY
SNE,2014-06-10,16.18,0.02,SELL
SNE,2014-06-11,16.2,1.31,BUY
SNE,2014-06-12,16.18,0.57,BUY
SNE,2014-06-13,16.14,0.52,BUY
SNE,2014-06-16,16.13,0.79,SELL
SNE,2014-06-17,16.13,0.07,SELL
SNE,2014-06-18,16.11,1.14,SELL
SNE,2014-06-19,16.2,3.79,SELL
SNE,2014-06-20,16.28,4.04,SELL
SNE,2014-06-23,16.66,0.7,SELL
SNE,2014-06-24,16.74,0.6,SELL
SNE,2014-06-25,16.75,0.97,BUY
SNE,2014-06-26,16.84,0.19,SELL
SNE,2014-06-27,16.8,0.26,SELL
SNE,2014-06-30,16.78,0.08,BUY
SNE,2014-07-01,16.81,1.87,BUY
SNE,2014-07-02,16.87,0.28,SELL
SNE,2014-07-03,16.85,0.06,SELL
SNE,2014-07-07,16.88,0.27,BUY
SNE,2014-07-08,16.96,1.14,BUY
SNE,2014-07-09,16.92,0.79,BUY
SNE,2014-07-10,16.85,1.2,BUY
SNE,2014-07-11,16.75,0.56,BUY
SNE,2014-07-14,16.74,0.43,BUY
SNE,2014-07-15,16.72,1.15,BUY
SNE,2014-07-16,16.62,0.84,BUY
SNE,2014-07-17,16.64,0.37,SELL
SNE,2014-07-18,16.64,0.89,SELL
SNE,2014-07-21,16.67,0.21,SELL
SNE,2014-07-22,16.67,0.13,SELL
SNE,2014-07-23,16.74,0.89,BUY
SNE,2014-07-24,16.79,3.12,SELL
SNE,2014-07-25,16.84,4.74,SELL
SNE,2014-07-28,17.21,2.8,SELL
SNE,2014-07-29,17.59,0.66,SELL
SNE,2014-07-30,17.49,0.24,BUY
SNE,2014-07-31,17.48,5.13,SELL
SNE,2014-08-01,17.73,1.62,SELL
SNE,2014-08-04,17.67,3.42,SELL
SNE,2014-08-05,18.13,0.66,SELL
SNE,2014-08-06,18.24,2.74,BUY
SNE,2014-08-07,18.04,4.04,BUY
SNE,2014-08-08,17.71,1.66,BUY
SNE,2014-08-11,17.63,1.48,BUY
SNE,2014-08-12,17.5,0.82,BUY
SNE,2014-08-13,17.4,3.01,BUY
SNE,2014-08-14,17.52,3.03,SELL
SNE,2014-08-15,17.95,2.52,SELL
SNE,2014-08-18,18.16,1.92,SELL
SNE,2014-08-19,18.38,2.53,SELL
SNE,2014-08-20,18.83,0.63,SELL
SNE,2014-08-21,18.87,0.23,SELL
SNE,2014-08-22,18.9,0.19,BUY
SNE,2014-08-25,18.93,0.22,BUY
SNE,2014-08-26,18.9,0.16,SELL
SNE,2014-08-27,18.9,0.37,BUY
SNE,2014-08-28,18.9,0,BUY
SNE,2014-08-29,18.9,1.1,HOLD
SNE,2014-09-02,18.95,2.31,SELL
SNE,2014-09-03,19.01,3.54,SELL
SNE,2014-09-04,19.44,0.94,SELL
SNE,2014-09-05,19.49,1.16,SELL
SNE,2014-09-08,19.23,0.1,SELL
SNE,2014-09-09,19.32,0.62,BUY
SNE,2014-09-10,19.38,0.6,BUY
SNE,2014-09-11,19.47,1.65,SELL
SNE,2014-09-12,19.44,1.92,SELL
SNE,2014-09-15,19.58,1.46,SELL
SNE,2014-09-16,19.68,2.8,SELL
SNE,2014-09-17,20.1,6.49,SELL
SNE,2014-09-18,19.84,9.98,BUY
SNE,2014-09-19,19.16,8.31,BUY
SNE,2014-09-22,18.09,4.22,BUY
SNE,2014-09-23,17.75,2.18,BUY
SNE,2014-09-24,17.64,1.69,BUY
SNE,2014-09-25,17.47,1.18,BUY
SNE,2014-09-26,17.37,0.26,BUY
SNE,2014-09-29,17.35,2.45,SELL
SNE,2014-09-30,17.49,3.08,SELL
SNE,2014-10-01,17.73,0.22,SELL
SNE,2014-10-02,17.67,1.2,SELL
SNE,2014-10-03,17.52,0.51,BUY
SNE,2014-10-06,17.71,0.27,BUY
SNE,2014-10-07,17.79,2.4,BUY
SNE,2014-10-08,17.58,1.17,BUY
SNE,2014-10-09,17.62,2.54,SELL
SNE,2014-10-10,17.68,3.3,BUY
SNE,2014-10-13,17.37,2.3,BUY
SNE,2014-10-14,17.08,0.17,BUY
SNE,2014-10-15,17.07,0.17,BUY
SNE,2014-10-16,17.08,1.12,BUY
SNE,2014-10-17,16.99,1.46,BUY
SNE,2014-10-20,17.03,2.88,SELL
SNE,2014-10-21,17.16,1.54,SELL
SNE,2014-10-22,17.3,1.87,SELL
SNE,2014-10-23,17.57,1.7,SELL
SNE,2014-10-24,17.83,0.63,SELL
SNE,2014-10-27,17.84,2.04,BUY
SNE,2014-10-28,17.62,0.55,BUY
SNE,2014-10-29,17.65,3.89,SELL
SNE,2014-10-30,17.82,4.82,SELL
SNE,2014-10-31,17.95,9.43,SELL
SNE,2014-11-03,18.99,5.8,SELL
SNE,2014-11-04,19.73,1.38,SELL
SNE,2014-11-05,19.61,2.84,SELL
SNE,2014-11-06,19.98,1.41,SELL
SNE,2014-11-07,19.78,0.81,BUY
SNE,2014-11-10,19.75,3.66,BUY
SNE,2014-11-11,19.79,4.46,SELL
SNE,2014-11-12,20.2,2.09,SELL
SNE,2014-11-13,20.36,0.25,SELL
SNE,2014-11-14,20.37,1.29,SELL
SNE,2014-11-17,20.56,1.46,SELL
SNE,2014-11-18,20.55,3.36,BUY
SNE,2014-11-19,20.37,2.12,SELL
SNE,2014-11-20,20.72,1.15,SELL
SNE,2014-11-21,20.68,2.62,BUY
SNE,2014-11-24,20.63,4.62,SELL
SNE,2014-11-25,20.87,4.82,SELL
SNE,2014-11-26,21.58,0.53,SELL
SNE,2014-11-28,21.66,1.52,SELL
SNE,2014-12-01,21.9,1.12,SELL
SNE,2014-12-02,22.09,0.6,SELL
SNE,2014-12-03,22.05,0.47,BUY
SNE,2014-12-04,22.09,0.13,BUY
SNE,2014-12-05,22.05,0.5,SELL
SNE,2014-12-08,22.06,4.28,SELL
SNE,2014-12-09,22.03,6.42,BUY
SNE,2014-12-10,21.69,4.33,BUY
SNE,2014-12-11,20.98,1.16,BUY
SNE,2014-12-12,20.85,2.57,BUY
SNE,2014-12-15,20.4,3.46,BUY
SNE,2014-12-16,20,1.42,BUY
SNE,2014-12-17,19.86,2.59,BUY
SNE,2014-12-18,20.38,3.58,SELL
SNE,2014-12-19,20.74,0.76,SELL
SNE,2014-12-22,20.11,3.23,SELL
SNE,2014-12-23,20.44,2,SELL
SNE,2014-12-24,20.72,2.82,SELL
SNE,2014-12-26,20.99,1.33,SELL
SNE,2014-12-29,21.26,0.44,SELL
SNE,2014-12-30,21.15,2.78,SELL
SNE,2014-12-31,20.91,2.17,BUY
SNE,2015-01-02,20.84,1.35,BUY
SNE,2015-01-05,20.89,3.12,BUY
SNE,2015-01-06,20.4,0.74,BUY
SNE,2015-01-07,20.35,5.47,BUY
SNE,2015-01-08,20.36,5.56,SELL
SNE,2015-01-09,21.08,1.23,SELL
SNE,2015-01-12,21.1,1.2,SELL
SNE,2015-01-13,21.38,0.95,BUY
SNE,2015-01-14,21.29,2.84,BUY
SNE,2015-01-15,21.07,0.69,BUY
SNE,2015-01-16,21.04,1.79,BUY
SNE,2015-01-20,20.76,0.31,BUY
SNE,2015-01-21,20.76,5.24,SELL
SNE,2015-01-22,20.94,5.56,SELL
SNE,2015-01-23,21.68,4.09,SELL
SNE,2015-01-26,22.37,4.29,SELL
SNE,2015-01-27,23.01,0.2,SELL
SNE,2015-01-28,22.95,2.19,SELL
SNE,2015-01-29,23.19,1.61,SELL
SNE,2015-01-30,23.4,0.47,SELL
SNE,2015-02-02,23.48,0.65,BUY
SNE,2015-02-03,23.4,0.04,BUY
SNE,2015-02-04,23.39,9.83,BUY
SNE,2015-02-05,23.42,12.66,SELL
SNE,2015-02-06,24.37,8.26,SELL
SNE,2015-02-09,26.14,1.76,SELL
SNE,2015-02-10,26.11,0.17,BUY
SNE,2015-02-11,26.21,0.41,BUY
SNE,2015-02-12,26.2,3.36,BUY
SNE,2015-02-13,26.33,3.57,SELL
SNE,2015-02-17,26.83,0.85,SELL
SNE,2015-02-18,26.24,6.34,SELL
SNE,2015-02-19,27.09,1.03,SELL
SNE,2015-02-20,27.37,0.41,BUY
SNE,2015-02-23,27.73,2.6,BUY
SNE,2015-02-24,27.26,1.72,BUY
SNE,2015-02-25,27.42,0.96,SELL
SNE,2015-02-26,27.42,2.53,SELL
SNE,2015-02-27,27.41,3.21,SELL
SNE,2015-03-02,28.21,0.35,SELL
SNE,2015-03-03,28.26,1.55,BUY
SNE,2015-03-04,27.79,0.35,SELL
SNE,2015-03-05,27.93,0.46,BUY
SNE,2015-03-06,27.99,1.75,SELL
SNE,2015-03-09,27.93,2.43,BUY
SNE,2015-03-10,27.59,3.85,BUY
SNE,2015-03-11,27.05,0.79,BUY
SNE,2015-03-12,26.94,0.7,BUY
SNE,2015-03-13,27.16,2.28,BUY
SNE,2015-03-16,26.75,3.62,BUY
SNE,2015-03-17,26.37,1.41,BUY
SNE,2015-03-18,26.81,4.63,BUY
SNE,2015-03-19,26.59,4.51,SELL
SNE,2015-03-20,27.04,3.13,SELL
SNE,2015-03-23,27.54,0.85,SELL
SNE,2015-03-24,27.73,0.58,SELL
SNE,2015-03-25,27.69,3.73,BUY
SNE,2015-03-26,27.42,3.33,BUY
SNE,2015-03-27,26.74,0.16,BUY
SNE,2015-03-30,26.89,0.74,BUY
SNE,2015-03-31,26.99,0.78,SELL
SNE,2015-04-01,26.82,1.62,BUY
SNE,2015-04-02,26.93,3.3,SELL
SNE,2015-04-06,27.18,7.4,SELL
SNE,2015-04-07,27.94,3.55,SELL
SNE,2015-04-08,28.46,3.6,SELL
SNE,2015-04-09,28.99,3.04,SELL
SNE,2015-04-10,29.57,3.23,SELL
SNE,2015-04-13,30.31,0.19,SELL
SNE,2015-04-14,30.18,3.05,SELL
SNE,2015-04-15,30.65,3.46,SELL
SNE,2015-04-16,31.37,0.92,SELL
SNE,2015-04-17,31.19,3.93,BUY
SNE,2015-04-20,30.55,0.63,BUY
SNE,2015-04-21,30.84,0.14,BUY
SNE,2015-04-22,31.14,3.74,BUY
SNE,2015-04-23,30.96,0.79,SELL
SNE,2015-04-24,30.11,3.92,SELL
SNE,2015-04-27,30.64,1.77,SELL
SNE,2015-04-28,31.16,0.48,SELL
SNE,2015-04-29,31.26,1.83,BUY
SNE,2015-04-30,30.86,2.07,BUY
SNE,predict day 1,30.6,0,BUY
SNE,predict day 2,30.64,0,NULL
WMT,2014-05-14,78.75,0.01,SELL
WMT,2014-05-15,78.75,2.5,BUY
WMT,2014-05-16,78.67,2.16,BUY
WMT,2014-05-19,77.76,1.5,BUY
WMT,2014-05-20,77.28,2.1,BUY
WMT,2014-05-21,76.31,0.86,BUY
WMT,2014-05-22,75.87,0.64,BUY
WMT,2014-05-23,75.67,0.08,BUY
WMT,2014-05-27,75.72,0.18,BUY
WMT,2014-05-28,75.54,0.01,SELL
WMT,2014-05-29,75.53,0.59,BUY
WMT,2014-05-30,75.64,1.47,SELL
WMT,2014-06-02,75.94,1.07,SELL
WMT,2014-06-03,76.66,0.07,SELL
WMT,2014-06-04,76.55,0.76,SELL
WMT,2014-06-05,77.06,0.33,SELL
WMT,2014-06-06,77.21,0,SELL
WMT,2014-06-09,77.22,0.27,BUY
WMT,2014-06-10,77.16,0.7,BUY
WMT,2014-06-11,76.89,0.96,BUY
WMT,2014-06-12,76.67,1.24,BUY
WMT,2014-06-13,75.92,0.85,BUY
WMT,2014-06-16,75.38,0.05,BUY
WMT,2014-06-17,75.48,0.65,BUY
WMT,2014-06-18,75.14,0.74,BUY
WMT,2014-06-19,75.58,0.38,SELL
WMT,2014-06-20,75.75,0.09,SELL
WMT,2014-06-23,75.71,0.11,BUY
WMT,2014-06-24,75.51,0.6,SELL
WMT,2014-06-25,75.86,0.32,SELL
WMT,2014-06-26,75.8,1.18,BUY
WMT,2014-06-27,75.68,0.45,BUY
WMT,2014-06-30,75.57,0.67,BUY
WMT,2014-07-01,75.18,0.13,BUY
WMT,2014-07-02,75.17,0.6,SELL
WMT,2014-07-03,75.29,0.61,SELL
WMT,2014-07-07,75.61,0.61,SELL
WMT,2014-07-08,75.85,1.04,SELL
WMT,2014-07-09,76.3,1.18,SELL
WMT,2014-07-10,77.15,0.11,SELL
WMT,2014-07-11,76.97,0.2,SELL
WMT,2014-07-14,76.81,0.34,SELL
WMT,2014-07-15,76.64,0.26,BUY
WMT,2014-07-16,76.78,0.11,SELL
WMT,2014-07-17,76.79,0.24,SELL
WMT,2014-07-18,76.7,0.51,BUY
WMT,2014-07-21,76.72,0.07,SELL
WMT,2014-07-22,76.82,0.24,BUY
WMT,2014-07-23,76.87,0.16,BUY
WMT,2014-07-24,76.72,0.48,SELL
WMT,2014-07-25,76.85,1.16,BUY
WMT,2014-07-28,76.59,1.17,BUY
WMT,2014-07-29,75.76,0.42,BUY
WMT,2014-07-30,75.51,0.97,BUY
WMT,2014-07-31,74.89,1.78,BUY
WMT,2014-08-01,74.57,1.4,BUY
WMT,2014-08-04,74.11,0.77,BUY
WMT,2014-08-05,73.92,0.79,BUY
WMT,2014-08-06,73.52,0.91,BUY
WMT,2014-08-07,73.98,0.04,SELL
WMT,2014-08-08,74.01,0.88,BUY
WMT,2014-08-11,74.16,0.27,SELL
WMT,2014-08-12,74.17,0.07,SELL
WMT,2014-08-13,74.27,0.32,BUY
WMT,2014-08-14,74.08,0.41,BUY
WMT,2014-08-15,74.29,0.52,SELL
WMT,2014-08-18,74.2,0.4,BUY
WMT,2014-08-19,74.06,1.1,SELL
WMT,2014-08-20,74.3,0.88,SELL
WMT,2014-08-21,74.93,0.82,SELL
WMT,2014-08-22,75.27,0.6,SELL
WMT,2014-08-25,75.58,0.14,SELL
WMT,2014-08-26,75.66,0.19,SELL
WMT,2014-08-27,75.52,0.43,BUY
WMT,2014-08-28,75.77,0.18,SELL
WMT,2014-08-29,75.77,0.35,SELL
WMT,2014-09-02,75.72,0.03,BUY
WMT,2014-09-03,75.83,0.24,BUY
WMT,2014-09-04,75.75,1.05,SELL
WMT,2014-09-05,75.9,2.08,SELL
WMT,2014-09-08,76.62,0.12,SELL
WMT,2014-09-09,76.35,0.51,SELL
WMT,2014-09-10,76.48,0.04,SELL
WMT,2014-09-11,76.56,0.61,BUY
WMT,2014-09-12,76.58,1.07,BUY
WMT,2014-09-15,76.02,0.28,BUY
WMT,2014-09-16,75.92,0.52,BUY
WMT,2014-09-17,76.21,0.04,SELL
WMT,2014-09-18,76.1,0.15,SELL
WMT,2014-09-19,76.05,1.02,SELL
WMT,2014-09-22,76.28,0.03,SELL
WMT,2014-09-23,76.4,1.06,BUY
WMT,2014-09-24,76.27,1.05,BUY
WMT,2014-09-25,76.53,0.53,SELL
WMT,2014-09-26,76.39,0.13,BUY
WMT,2014-09-29,76.56,0.64,BUY
WMT,2014-09-30,76.45,0.03,BUY
WMT,2014-10-01,76.32,0.26,SELL
WMT,2014-10-02,76.33,0.13,BUY
WMT,2014-10-03,76.23,1.41,BUY
WMT,2014-10-06,76.19,1.5,SELL
WMT,2014-10-07,76.88,0.55,SELL
WMT,2014-10-08,77.14,1.4,SELL
WMT,2014-10-09,77.76,0.13,SELL
WMT,2014-10-10,77.79,0.64,SELL
WMT,2014-10-13,78.15,0.76,SELL
WMT,2014-10-14,77.95,0.04,BUY
WMT,2014-10-15,77.71,3.33,SELL
WMT,2014-10-16,77.9,5.52,BUY
WMT,2014-10-17,77.01,3.93,BUY
WMT,2014-10-20,74.55,0.78,BUY
WMT,2014-10-21,74.69,1.74,SELL
WMT,2014-10-22,75.24,1.04,SELL
WMT,2014-10-23,75.48,1.01,SELL
WMT,2014-10-24,75.84,0.7,SELL
WMT,2014-10-27,76.17,0.54,SELL
WMT,2014-10-28,76.49,0.18,SELL
WMT,2014-10-29,76.44,0.07,BUY
WMT,2014-10-30,76.44,0.01,BUY
WMT,2014-10-31,76.46,0.25,BUY
WMT,2014-11-03,76.4,0.16,BUY
WMT,2014-11-04,76.36,1.16,BUY
WMT,2014-11-05,76.36,1.73,SELL
WMT,2014-11-06,76.81,1.28,SELL
WMT,2014-11-07,77.63,1.45,SELL
WMT,2014-11-10,78.24,1.51,SELL
WMT,2014-11-11,79.03,0.02,SELL
WMT,2014-11-12,78.85,0.45,SELL
WMT,2014-11-13,78.97,4.79,SELL
WMT,2014-11-14,79.3,4.42,SELL
WMT,2014-11-17,80.42,3.77,SELL
WMT,2014-11-18,82.67,1.33,SELL
WMT,2014-11-19,83.19,2.12,SELL
WMT,2014-11-20,84.23,0.42,SELL
WMT,2014-11-21,84.27,0.45,SELL
WMT,2014-11-24,84.38,1.2,SELL
WMT,2014-11-25,84.91,0.04,SELL
WMT,2014-11-26,85.08,0.12,BUY
WMT,2014-11-28,85.28,2.58,BUY
WMT,2014-12-01,85.04,1.37,SELL
WMT,2014-12-02,85.61,0.92,SELL
WMT,2014-12-03,86.01,1.26,SELL
WMT,2014-12-04,85.81,1.24,BUY
WMT,2014-12-05,85.72,1.9,BUY
WMT,2014-12-08,84.9,0.79,BUY
WMT,2014-12-09,84.66,1.31,BUY
WMT,2014-12-10,83.82,1.01,BUY
WMT,2014-12-11,83.33,0.6,BUY
WMT,2014-12-12,83.73,0.1,SELL
WMT,2014-12-15,83.72,0.26,SELL
WMT,2014-12-16,83.86,1.08,SELL
WMT,2014-12-17,83.72,0.61,BUY
WMT,2014-12-18,83.59,2.73,SELL
WMT,2014-12-19,83.88,1.5,SELL
WMT,2014-12-22,84.53,2.14,SELL
WMT,2014-12-23,85.41,1.44,SELL
WMT,2014-12-24,86.04,0.45,SELL
WMT,2014-12-26,86.37,0.63,SELL
WMT,2014-12-29,86.55,0.1,SELL
WMT,2014-12-30,86.65,0.16,BUY
WMT,2014-12-31,86.74,1.01,SELL
WMT,2015-01-02,86.71,0.94,BUY
WMT,2015-01-05,86.21,0.66,BUY
WMT,2015-01-06,85.89,0.49,BUY
WMT,2015-01-07,86.14,2.78,SELL
WMT,2015-01-08,86.34,4.57,SELL
WMT,2015-01-09,87.27,2.33,SELL
WMT,2015-01-12,88.92,1.22,SELL
WMT,2015-01-13,89.51,0.22,SELL
WMT,2015-01-14,89.51,3.35,BUY
WMT,2015-01-15,89.47,2.39,BUY
WMT,2015-01-16,88.68,2.2,BUY
WMT,2015-01-20,87.65,1.11,BUY
WMT,2015-01-21,87.08,0.51,BUY
WMT,2015-01-22,86.75,1.75,BUY
WMT,2015-01-23,86.92,1.79,SELL
WMT,2015-01-26,87.64,1.11,SELL
WMT,2015-01-27,88.1,0.66,SELL
WMT,2015-01-28,87.88,1.22,BUY
WMT,2015-01-29,87.3,0.48,BUY
WMT,2015-01-30,87.9,3.44,BUY
WMT,2015-02-02,87.5,2.09,BUY
WMT,2015-02-03,86.44,0.29,BUY
WMT,2015-02-04,86.01,0.74,SELL
WMT,2015-02-05,86.2,1.23,SELL
WMT,2015-02-06,86.83,0.57,SELL
WMT,2015-02-09,86.96,1.22,SELL
WMT,2015-02-10,86.35,1.08,BUY
WMT,2015-02-11,87,0.77,SELL
WMT,2015-02-12,86.97,1.26,BUY
WMT,2015-02-13,86.94,1.31,BUY
WMT,2015-02-17,86.02,0.06,BUY
WMT,2015-02-18,85.85,0.51,SELL
WMT,2015-02-19,86.21,3.22,SELL
WMT,2015-02-20,85.85,1.83,BUY
WMT,2015-02-23,85.13,0.63,BUY
WMT,2015-02-24,84.88,0.36,BUY
WMT,2015-02-25,84.41,1,SELL
WMT,2015-02-26,83.93,0.16,BUY
WMT,2015-02-27,84.06,0.16,BUY
WMT,2015-03-02,84.01,0.06,BUY
WMT,2015-03-03,83.78,0.49,SELL
WMT,2015-03-04,83.57,1.2,BUY
WMT,2015-03-05,83.44,0.15,BUY
WMT,2015-03-06,83.7,1.34,BUY
WMT,2015-03-09,83.29,0.5,BUY
WMT,2015-03-10,82.98,1.1,BUY
WMT,2015-03-11,82.78,2.59,BUY
WMT,2015-03-12,82.27,0.45,BUY
WMT,2015-03-13,82.12,0.26,BUY
WMT,2015-03-16,82.02,1.53,BUY
WMT,2015-03-17,82.36,0.31,SELL
WMT,2015-03-18,82.14,0.47,SELL
WMT,2015-03-19,82.3,0.95,SELL
WMT,2015-03-20,82.04,1.44,BUY
WMT,2015-03-23,82.63,0.81,SELL
WMT,2015-03-24,82.87,0.22,SELL
WMT,2015-03-25,82.32,1.23,SELL
WMT,2015-03-26,82.81,1.13,BUY
WMT,2015-03-27,83.05,2.08,BUY
WMT,2015-03-30,82.11,0.5,BUY
WMT,2015-03-31,81.99,0.31,SELL
WMT,2015-04-01,82.21,1.86,SELL
WMT,2015-04-02,81.94,1.5,BUY
WMT,2015-04-06,81.56,0.7,BUY
WMT,2015-04-07,81.42,1.14,BUY
WMT,2015-04-08,80.77,0.32,BUY
WMT,2015-04-09,80.89,0.06,SELL
WMT,2015-04-10,80.84,0.24,BUY
WMT,2015-04-13,80.95,0.82,BUY
WMT,2015-04-14,80.76,0.76,BUY
WMT,2015-04-15,80.44,0.88,BUY
WMT,2015-04-16,79.99,0.94,BUY
WMT,2015-04-17,79.41,1.96,BUY
WMT,2015-04-20,79.02,1.13,BUY
WMT,2015-04-21,78.62,0.76,BUY
WMT,2015-04-22,78.41,0.03,BUY
WMT,2015-04-23,78.34,1.06,SELL
WMT,2015-04-24,78.94,1.13,SELL
WMT,2015-04-27,79.27,0.13,SELL
WMT,2015-04-28,78.99,0.15,SELL
WMT,2015-04-29,79.04,1.49,SELL
WMT,2015-04-30,78.63,0.74,BUY
WMT,predict day 1,78.62,0,BUY
WMT,predict day 2,79.26,0,NULL
CAJ,2014-05-14,32.28,0.12,SELL
CAJ,2014-05-15,32.26,0.56,SELL
CAJ,2014-05-16,32.34,0.98,SELL
CAJ,2014-05-19,32.57,0.74,SELL
CAJ,2014-05-20,32.68,0.2,SELL
CAJ,2014-05-21,32.73,0.11,SELL
CAJ,2014-05-22,32.75,0.11,BUY
CAJ,2014-05-23,32.74,1.03,BUY
CAJ,2014-05-27,32.61,0.41,BUY
CAJ,2014-05-28,32.58,0.29,BUY
CAJ,2014-05-29,32.57,0.79,SELL
CAJ,2014-05-30,32.69,1.03,SELL
CAJ,2014-06-02,32.73,0.57,SELL
CAJ,2014-06-03,32.8,0.43,SELL
CAJ,2014-06-04,32.86,0.08,SELL
CAJ,2014-06-05,32.93,0.15,BUY
CAJ,2014-06-06,32.96,0.06,SELL
CAJ,2014-06-09,32.94,0.02,SELL
CAJ,2014-06-10,32.94,0.26,BUY
CAJ,2014-06-11,32.92,0.87,BUY
CAJ,2014-06-12,32.85,0.48,BUY
CAJ,2014-06-13,32.86,1.25,SELL
CAJ,2014-06-16,32.97,0.85,SELL
CAJ,2014-06-17,33.03,0.94,SELL
CAJ,2014-06-18,33.22,0.85,SELL
CAJ,2014-06-19,33.45,0.75,SELL
CAJ,2014-06-20,33.64,0.21,SELL
CAJ,2014-06-23,33.69,0.65,SELL
CAJ,2014-06-24,33.59,0.35,BUY
CAJ,2014-06-25,33.56,1.3,BUY
CAJ,2014-06-26,33.44,1.82,BUY
CAJ,2014-06-27,33.15,1.64,BUY
CAJ,2014-06-30,32.55,0.6,SELL
CAJ,2014-07-01,32.66,0.8,SELL
CAJ,2014-07-02,32.86,0.19,SELL
CAJ,2014-07-03,32.83,0.65,BUY
CAJ,2014-07-07,32.75,0.99,BUY
CAJ,2014-07-08,32.73,0.72,BUY
CAJ,2014-07-09,32.61,0.01,BUY
CAJ,2014-07-10,32.63,1.86,BUY
CAJ,2014-07-11,32.68,1.25,SELL
CAJ,2014-07-14,32.82,1.41,SELL
CAJ,2014-07-15,33.07,0.61,SELL
CAJ,2014-07-16,33.15,1.05,SELL
CAJ,2014-07-17,33.39,0.53,SELL
CAJ,2014-07-18,33.38,0.52,BUY
CAJ,2014-07-21,33.36,0.37,SELL
CAJ,2014-07-22,33.45,0.65,SELL
CAJ,2014-07-23,33.46,0.05,SELL
CAJ,2014-07-24,33.56,0.49,BUY
CAJ,2014-07-25,33.6,0.1,SELL
CAJ,2014-07-28,33.62,0.43,SELL
CAJ,2014-07-29,33.63,0.05,SELL
CAJ,2014-07-30,33.68,0.65,BUY
CAJ,2014-07-31,33.62,2.55,BUY
CAJ,2014-08-01,33.48,1.37,BUY
CAJ,2014-08-04,33.19,0.32,BUY
CAJ,2014-08-05,33.3,1.33,SELL
CAJ,2014-08-06,32.97,0.31,BUY
CAJ,2014-08-07,33.1,0.96,BUY
CAJ,2014-08-08,32.91,0.44,BUY
CAJ,2014-08-11,32.85,0.69,SELL
CAJ,2014-08-12,32.99,0.13,SELL
CAJ,2014-08-13,32.94,0.61,SELL
CAJ,2014-08-14,33,0.93,SELL
CAJ,2014-08-15,33.19,0.39,SELL
CAJ,2014-08-18,33.23,0.11,SELL
CAJ,2014-08-19,33.26,0.3,SELL
CAJ,2014-08-20,33.26,0.68,SELL
CAJ,2014-08-21,33.24,0.56,BUY
CAJ,2014-08-22,33.16,1.11,BUY
CAJ,2014-08-25,33.06,0.79,BUY
CAJ,2014-08-26,32.88,0.23,BUY
CAJ,2014-08-27,32.87,0.09,SELL
CAJ,2014-08-28,32.89,0.01,BUY
CAJ,2014-08-29,32.88,0.64,SELL
CAJ,2014-09-02,32.83,0.04,BUY
CAJ,2014-09-03,32.82,0.46,SELL
CAJ,2014-09-04,32.83,0.93,SELL
CAJ,2014-09-05,32.9,0.62,SELL
CAJ,2014-09-08,32.98,0.06,SELL
CAJ,2014-09-09,32.97,1.15,BUY
CAJ,2014-09-10,32.91,0.1,BUY
CAJ,2014-09-11,32.99,0.4,BUY
CAJ,2014-09-12,32.97,0.49,BUY
CAJ,2014-09-15,32.87,0.15,BUY
CAJ,2014-09-16,32.77,0.92,SELL
CAJ,2014-09-17,32.92,0.35,SELL
CAJ,2014-09-18,32.92,0.2,BUY
CAJ,2014-09-19,32.94,0.11,BUY
CAJ,2014-09-22,32.94,1.25,BUY
CAJ,2014-09-23,32.91,0.66,SELL
CAJ,2014-09-24,32.98,0.36,SELL
CAJ,2014-09-25,33.01,1.03,SELL
CAJ,2014-09-26,33.02,0.71,BUY
CAJ,2014-09-29,32.95,0.35,BUY
CAJ,2014-09-30,33.01,1.29,BUY
CAJ,2014-10-01,32.74,1.28,BUY
CAJ,2014-10-02,32.56,1.14,BUY
CAJ,2014-10-03,32.33,0.8,BUY
CAJ,2014-10-06,32.06,0.34,SELL
CAJ,2014-10-07,32.08,0.52,SELL
CAJ,2014-10-08,32,0.67,BUY
CAJ,2014-10-09,32.08,2.02,SELL
CAJ,2014-10-10,32.14,3.51,BUY
CAJ,2014-10-13,31.63,2.72,BUY
CAJ,2014-10-14,30.85,1.02,BUY
CAJ,2014-10-15,30.64,0.52,BUY
CAJ,2014-10-16,30.63,0.46,BUY
CAJ,2014-10-17,30.62,0.84,BUY
CAJ,2014-10-20,30.45,0.44,BUY
CAJ,2014-10-21,30.48,0.64,SELL
CAJ,2014-10-22,30.55,0.65,SELL
CAJ,2014-10-23,30.49,0.13,BUY
CAJ,2014-10-24,30.5,0.5,BUY
CAJ,2014-10-27,30.49,0.68,BUY
CAJ,2014-10-28,30.42,2.16,BUY
CAJ,2014-10-29,30.23,1.53,BUY
CAJ,2014-10-30,29.85,1.81,BUY
CAJ,2014-10-31,30.28,2.39,SELL
CAJ,2014-11-03,30.46,2.03,SELL
CAJ,2014-11-04,30.63,0.28,SELL
CAJ,2014-11-05,30.52,1.65,SELL
CAJ,2014-11-06,31,0.52,SELL
CAJ,2014-11-07,30.95,0.23,BUY
CAJ,2014-11-10,30.94,0.2,BUY
CAJ,2014-11-11,30.94,0.17,BUY
CAJ,2014-11-12,30.94,0.08,SELL
CAJ,2014-11-13,30.92,0.43,BUY
CAJ,2014-11-14,30.97,0.98,SELL
CAJ,2014-11-17,31.05,0.8,SELL
CAJ,2014-11-18,30.98,0.24,BUY
CAJ,2014-11-19,30.98,0.05,SELL
CAJ,2014-11-20,30.99,0.14,SELL
CAJ,2014-11-21,31.03,1.31,SELL
CAJ,2014-11-24,30.97,1.58,SELL
CAJ,2014-11-25,31.29,1.7,SELL
CAJ,2014-11-26,31.55,0.91,SELL
CAJ,2014-11-28,31.74,0.53,SELL
CAJ,2014-12-01,31.81,3.16,SELL
CAJ,2014-12-02,32.13,2.49,SELL
CAJ,2014-12-03,32.87,0.38,SELL
CAJ,2014-12-04,32.82,0.93,BUY
CAJ,2014-12-05,32.63,0.64,BUY
CAJ,2014-12-08,32.55,0.95,BUY
CAJ,2014-12-09,32.41,0.43,BUY
CAJ,2014-12-10,32.41,2.4,BUY
CAJ,2014-12-11,32.09,0.99,BUY
CAJ,2014-12-12,32.17,2.11,SELL
CAJ,2014-12-15,32.47,0.83,SELL
CAJ,2014-12-16,32.26,0.72,BUY
CAJ,2014-12-17,32.27,0.91,BUY
CAJ,2014-12-18,32.57,1.86,BUY
CAJ,2014-12-19,32.27,2.05,SELL
CAJ,2014-12-22,32.47,2.7,SELL
CAJ,2014-12-23,33.12,0.69,SELL
CAJ,2014-12-24,33.31,0.57,SELL
CAJ,2014-12-26,33.42,1.81,SELL
CAJ,2014-12-29,33.38,3.3,BUY
CAJ,2014-12-30,32.83,2.99,BUY
CAJ,2014-12-31,32.15,1.55,BUY
CAJ,2015-01-02,31.86,0.58,BUY
CAJ,2015-01-05,31.89,2.25,BUY
CAJ,2015-01-06,31.44,1.37,BUY
CAJ,2015-01-07,31.07,0.05,BUY
CAJ,2015-01-08,31.04,1.3,SELL
CAJ,2015-01-09,31.33,0.85,SELL
CAJ,2015-01-12,31.14,0.09,BUY
CAJ,2015-01-13,31.17,1.41,BUY
CAJ,2015-01-14,31.15,1.85,SELL
CAJ,2015-01-15,31.34,2.65,SELL
CAJ,2015-01-16,31.85,1.3,SELL
CAJ,2015-01-20,32.18,1.34,SELL
CAJ,2015-01-21,32.56,2.16,SELL
CAJ,2015-01-22,32.99,0.47,SELL
CAJ,2015-01-23,33.08,0.09,SELL
CAJ,2015-01-26,33.03,0.73,SELL
CAJ,2015-01-27,33.13,0.38,SELL
CAJ,2015-01-28,33.12,4.21,BUY
CAJ,2015-01-29,32.99,3.75,BUY
CAJ,2015-01-30,32.27,2.4,BUY
CAJ,2015-02-02,31.73,0.23,BUY
CAJ,2015-02-03,31.75,0.4,SELL
CAJ,2015-02-04,31.72,0.77,BUY
CAJ,2015-02-05,31.55,0.05,BUY
CAJ,2015-02-06,31.58,0.03,BUY
CAJ,2015-02-09,31.57,0.76,SELL
CAJ,2015-02-10,31.44,1.86,BUY
CAJ,2015-02-11,31.5,2.42,SELL
CAJ,2015-02-12,31.75,1.67,SELL
CAJ,2015-02-13,32.2,0.51,SELL
CAJ,2015-02-17,32.26,0.29,SELL
CAJ,2015-02-18,32.25,0.04,BUY
CAJ,2015-02-19,32.27,0.09,BUY
CAJ,2015-02-20,32.27,0.71,BUY
CAJ,2015-02-23,32.32,0.35,SELL
CAJ,2015-02-24,32.33,1.06,SELL
CAJ,2015-02-25,32.42,0.25,SELL
CAJ,2015-02-26,32.53,0.26,BUY
CAJ,2015-02-27,32.57,0.16,SELL
CAJ,2015-03-02,32.6,0.14,BUY
CAJ,2015-03-03,32.59,0.37,BUY
CAJ,2015-03-04,32.54,0.25,BUY
CAJ,2015-03-05,32.53,0.81,BUY
CAJ,2015-03-06,32.57,1.53,SELL
CAJ,2015-03-09,32.66,0.96,SELL
CAJ,2015-03-10,32.83,0.26,SELL
CAJ,2015-03-11,32.8,0.05,BUY
CAJ,2015-03-12,32.88,0.8,BUY
CAJ,2015-03-13,32.98,0.07,SELL
CAJ,2015-03-16,32.89,0.36,SELL
CAJ,2015-03-17,32.93,1.26,SELL
CAJ,2015-03-18,33.09,3.56,SELL
CAJ,2015-03-19,33.33,1.81,SELL
CAJ,2015-03-20,33.75,3.14,SELL
CAJ,2015-03-23,34.28,4.07,SELL
CAJ,2015-03-24,35.12,0.24,SELL
CAJ,2015-03-25,35.18,0.67,SELL
CAJ,2015-03-26,34.98,0.24,BUY
CAJ,2015-03-27,35.11,1.23,BUY
CAJ,2015-03-30,35.31,1.18,SELL
CAJ,2015-03-31,35.4,0.09,SELL
CAJ,2015-04-01,35.27,0.02,SELL
CAJ,2015-04-02,35.31,2.12,BUY
CAJ,2015-04-06,35.64,4.66,SELL
CAJ,2015-04-07,35.85,3.5,SELL
CAJ,2015-04-08,36.71,1.41,SELL
CAJ,2015-04-09,36.96,1.45,SELL
CAJ,2015-04-10,37.33,0.26,SELL
CAJ,2015-04-13,37.38,0.25,SELL
CAJ,2015-04-14,37.38,0.97,BUY
CAJ,2015-04-15,37.41,0.52,SELL
CAJ,2015-04-16,37.5,0.12,SELL
CAJ,2015-04-17,37.57,0.63,BUY
CAJ,2015-04-20,37.65,0.14,SELL
CAJ,2015-04-21,37.59,0.87,SELL
CAJ,2015-04-22,37.71,0.79,SELL
CAJ,2015-04-23,37.68,0.92,BUY
CAJ,2015-04-24,37.61,0.09,BUY
CAJ,2015-04-27,37.5,1.48,SELL
CAJ,2015-04-28,37.46,2.55,BUY
CAJ,2015-04-29,36.98,1.86,BUY
CAJ,2015-04-30,36.27,1.88,SELL
CAJ,predict day 1,35.85,0,BUY
CAJ,predict day 2,36.01,0,NULL
TWTR,2014-05-14,32.75,0.31,SELL
TWTR,2014-05-15,32.82,0.14,SELL
TWTR,2014-05-16,32.95,2.12,BUY
TWTR,2014-05-19,32.57,1.56,BUY
TWTR,2014-05-20,32.29,1.63,BUY
TWTR,2014-05-21,31.86,0.33,BUY
TWTR,2014-05-22,31.89,1.18,BUY
TWTR,2014-05-23,31.61,3.64,BUY
TWTR,2014-05-27,31.24,2.4,BUY
TWTR,2014-05-28,30.66,9.22,BUY
TWTR,2014-05-29,31.64,6.94,SELL
TWTR,2014-05-30,32.6,0.49,SELL
TWTR,2014-06-02,32.36,1.92,SELL
TWTR,2014-06-03,32.63,0.17,BUY
TWTR,2014-06-04,32.9,0.01,BUY
TWTR,2014-06-05,32.79,3.24,SELL
TWTR,2014-06-06,32.96,1.1,SELL
TWTR,2014-06-09,33,4.26,SELL
TWTR,2014-06-10,33.46,5.41,SELL
TWTR,2014-06-11,34.33,3.41,SELL
TWTR,2014-06-12,35.13,4.5,SELL
TWTR,2014-06-13,35.58,3.57,SELL
TWTR,2014-06-16,36.29,4.54,SELL
TWTR,2014-06-17,36.9,2.95,SELL
TWTR,2014-06-18,37.52,3.15,SELL
TWTR,2014-06-19,38.26,1.63,SELL
TWTR,2014-06-20,38.57,1.72,SELL
TWTR,2014-06-23,39.05,1.2,SELL
TWTR,2014-06-24,39.32,2.17,SELL
TWTR,2014-06-25,38.78,1.71,BUY
TWTR,2014-06-26,39.11,5.61,SELL
TWTR,2014-06-27,39.56,3.34,SELL
TWTR,2014-06-30,40.27,1.7,SELL
TWTR,2014-07-01,40.62,3.39,SELL
TWTR,2014-07-02,41.42,0.84,SELL
TWTR,2014-07-03,41.67,0.82,SELL
TWTR,2014-07-07,41.58,3.36,BUY
TWTR,2014-07-08,41.19,10.11,BUY
TWTR,2014-07-09,41.13,8.08,BUY
TWTR,2014-07-10,39.45,4.26,BUY
TWTR,2014-07-11,38.58,0.64,BUY
TWTR,2014-07-14,38.1,0.54,SELL
TWTR,2014-07-15,38.21,0.88,SELL
TWTR,2014-07-16,38.06,1.68,BUY
TWTR,2014-07-17,37.87,2.71,BUY
TWTR,2014-07-18,37.43,1.03,BUY
TWTR,2014-07-21,37.43,1.62,BUY
TWTR,2014-07-22,37.98,0.88,SELL
TWTR,2014-07-23,37.65,0.27,SELL
TWTR,2014-07-24,37.46,3.24,SELL
TWTR,2014-07-25,37.82,0.89,SELL
TWTR,2014-07-28,38.11,0.47,SELL
TWTR,2014-07-29,38.32,0.7,BUY
TWTR,2014-07-30,38.26,17.36,SELL
TWTR,2014-07-31,38.49,14.83,SELL
TWTR,2014-08-01,39.27,11.01,SELL
TWTR,2014-08-04,44.06,1.36,SELL
TWTR,2014-08-05,44.3,1.06,BUY
TWTR,2014-08-06,44.2,1.71,BUY
TWTR,2014-08-07,43.75,1.73,BUY
TWTR,2014-08-08,43.2,0.16,BUY
TWTR,2014-08-11,43.15,0.28,BUY
TWTR,2014-08-12,43.17,1.45,SELL
TWTR,2014-08-13,43.5,1.48,SELL
TWTR,2014-08-14,43.75,3.48,SELL
TWTR,2014-08-15,44.18,1.3,SELL
TWTR,2014-08-18,44.45,1.48,SELL
TWTR,2014-08-19,44.77,0.71,SELL
TWTR,2014-08-20,44.93,0.28,SELL
TWTR,2014-08-21,45.04,0.16,SELL
TWTR,2014-08-22,45,2.12,SELL
TWTR,2014-08-25,45.19,1.97,SELL
TWTR,2014-08-26,45.59,5.36,SELL
TWTR,2014-08-27,46.26,3.74,SELL
TWTR,2014-08-28,47.27,4.36,SELL
TWTR,2014-08-29,47.96,3.6,SELL
TWTR,2014-09-02,48.95,4.07,SELL
TWTR,2014-09-03,49.6,0.55,SELL
TWTR,2014-09-04,49.45,1.57,BUY
TWTR,2014-09-05,49.8,1.78,SELL
TWTR,2014-09-08,50.32,3.23,SELL
TWTR,2014-09-09,50.59,0.04,SELL
TWTR,2014-09-10,50.64,4.29,BUY
TWTR,2014-09-11,51.05,3.02,SELL
TWTR,2014-09-12,52.1,0.01,SELL
TWTR,2014-09-15,52.43,6.18,BUY
TWTR,2014-09-16,51.95,2.21,BUY
TWTR,2014-09-17,51.86,2.29,BUY
TWTR,2014-09-18,51.31,0.85,BUY
TWTR,2014-09-19,50.74,4.27,SELL
TWTR,2014-09-22,50.85,2.09,SELL
TWTR,2014-09-23,51.53,1.22,SELL
TWTR,2014-09-24,51.74,2.31,SELL
TWTR,2014-09-25,52.3,1.65,SELL
TWTR,2014-09-26,52.28,0.75,BUY
TWTR,2014-09-29,52.28,1.04,BUY
TWTR,2014-09-30,51.64,0.12,SELL
TWTR,2014-10-01,52.1,4.07,BUY
TWTR,2014-10-02,51.42,0.83,BUY
TWTR,2014-10-03,51.48,4.55,SELL
TWTR,2014-10-06,51.94,2.9,SELL
TWTR,2014-10-07,52.6,1.73,SELL
TWTR,2014-10-08,53.04,4.3,SELL
TWTR,2014-10-09,53.85,2.6,SELL
TWTR,2014-10-10,54.7,8.54,SELL
TWTR,2014-10-13,54.08,11.53,BUY
TWTR,2014-10-14,53.39,9.9,BUY
TWTR,2014-10-15,49.92,0.13,BUY
TWTR,2014-10-16,49.52,2.67,SELL
TWTR,2014-10-17,49.03,0.54,BUY
TWTR,2014-10-20,48.78,3.79,BUY
TWTR,2014-10-21,48.44,4.33,SELL
TWTR,2014-10-22,49.84,1.56,SELL
TWTR,2014-10-23,49.4,0.54,BUY
TWTR,2014-10-24,50.11,0.33,BUY
TWTR,2014-10-27,50.2,3.37,BUY
TWTR,2014-10-28,49.51,13.09,BUY
TWTR,2014-10-29,49.23,17,BUY
TWTR,2014-10-30,48.23,15.38,BUY
TWTR,2014-10-31,43.25,4.3,BUY
TWTR,2014-11-03,42.51,5.71,BUY
TWTR,2014-11-04,41.46,1.38,BUY
TWTR,2014-11-05,41.16,1.95,BUY
TWTR,2014-11-06,40.79,0.11,BUY
TWTR,2014-11-07,40.67,0.9,SELL
TWTR,2014-11-10,40.66,2.71,BUY
TWTR,2014-11-11,40.35,1.92,BUY
TWTR,2014-11-12,39.83,6.38,BUY
TWTR,2014-11-13,40.64,1.5,SELL
TWTR,2014-11-14,39.85,4.78,SELL
TWTR,2014-11-17,40.26,0.53,SELL
TWTR,2014-11-18,40.95,0.82,BUY
TWTR,2014-11-19,41.03,3.32,BUY
TWTR,2014-11-20,40.42,1.52,BUY
TWTR,2014-11-21,39.95,0.21,BUY
TWTR,2014-11-24,40.05,0.34,BUY
TWTR,2014-11-25,40.12,0.91,SELL
TWTR,2014-11-26,39.87,3.06,BUY
TWTR,2014-11-28,39.93,4.35,SELL
TWTR,2014-12-01,40.71,4.27,SELL
TWTR,2014-12-02,40,2.81,BUY
TWTR,2014-12-03,39.47,1.06,BUY
TWTR,2014-12-04,39.52,1.89,BUY
TWTR,2014-12-05,39.18,1.78,BUY
TWTR,2014-12-08,38.6,6.37,BUY
TWTR,2014-12-09,38.53,4,BUY
TWTR,2014-12-10,37.96,4.42,BUY
TWTR,2014-12-11,37.25,1.5,BUY
TWTR,2014-12-12,36.73,0.99,BUY
TWTR,2014-12-15,36.9,0.13,SELL
TWTR,2014-12-16,36.98,5.27,BUY
TWTR,2014-12-17,36.74,3.29,BUY
TWTR,2014-12-18,36.34,1.06,BUY
TWTR,2014-12-19,36.71,1.01,SELL
TWTR,2014-12-22,36.29,5.57,SELL
TWTR,2014-12-23,36.52,2.79,SELL
TWTR,2014-12-24,37.08,1.41,SELL
TWTR,2014-12-26,37.41,0.5,SELL
TWTR,2014-12-29,37.58,3.17,SELL
TWTR,2014-12-30,37.31,4.05,BUY
TWTR,2014-12-31,36.57,1.95,BUY
TWTR,2015-01-02,36.29,0.73,BUY
TWTR,2015-01-05,36.59,0.58,BUY
TWTR,2015-01-06,36.36,6.2,SELL
TWTR,2015-01-07,36.34,2.53,SELL
TWTR,2015-01-08,36.87,5.69,SELL
TWTR,2015-01-09,37.57,6.47,SELL
TWTR,2015-01-12,38.85,1.31,SELL
TWTR,2015-01-13,39.25,1,SELL
TWTR,2015-01-14,39.4,1.14,SELL
TWTR,2015-01-15,39.67,7.43,SELL
TWTR,2015-01-16,39.66,6.29,BUY
TWTR,2015-01-20,38.74,3.12,BUY
TWTR,2015-01-21,37.97,0.37,BUY
TWTR,2015-01-22,37.58,3.82,SELL
TWTR,2015-01-23,38.35,2.7,SELL
TWTR,2015-01-26,38.77,3.3,SELL
TWTR,2015-01-27,39.1,0.45,SELL
TWTR,2015-01-28,38.81,4.46,SELL
TWTR,2015-01-29,38.55,5.1,BUY
TWTR,2015-01-30,37.85,0.84,BUY
TWTR,2015-02-02,37.89,1.14,BUY
TWTR,2015-02-03,37.5,5.76,BUY
TWTR,2015-02-04,37.7,7.42,SELL
TWTR,2015-02-05,38.33,7.11,SELL
TWTR,2015-02-06,39.89,16.92,SELL
TWTR,2015-02-09,40.63,14.13,SELL
TWTR,2015-02-10,41.68,9.89,SELL
TWTR,2015-02-11,46.19,2.76,SELL
TWTR,2015-02-12,46.99,2,SELL
TWTR,2015-02-13,47.59,1.88,SELL
TWTR,2015-02-17,47.86,0.36,SELL
TWTR,2015-02-18,47.83,0.02,SELL
TWTR,2015-02-19,47.87,1.71,BUY
TWTR,2015-02-20,48.31,1.62,SELL
TWTR,2015-02-23,48.63,0.33,SELL
TWTR,2015-02-24,48.39,0.62,SELL
TWTR,2015-02-25,48.95,0.83,BUY
TWTR,2015-02-26,48.69,1.46,BUY
TWTR,2015-02-27,48.61,1.1,SELL
TWTR,2015-03-02,48.9,1.56,BUY
TWTR,2015-03-03,48.54,1.74,BUY
TWTR,2015-03-04,48.34,1.61,BUY
TWTR,2015-03-05,47.67,0.67,BUY
TWTR,2015-03-06,47.42,1.44,BUY
TWTR,2015-03-09,47.06,1.1,BUY
TWTR,2015-03-10,47.42,3.45,SELL
TWTR,2015-03-11,47.34,2.32,BUY
TWTR,2015-03-12,46.37,1.49,BUY
TWTR,2015-03-13,46.38,0.61,SELL
TWTR,2015-03-16,46.53,0.22,SELL
TWTR,2015-03-17,46.69,0.51,BUY
TWTR,2015-03-18,46.73,1,SELL
TWTR,2015-03-19,46.8,2.36,SELL
TWTR,2015-03-20,47.08,2.81,SELL
TWTR,2015-03-23,48.06,0.83,SELL
TWTR,2015-03-24,48.06,6.63,SELL
TWTR,2015-03-25,48.33,2.37,SELL
TWTR,2015-03-26,48.97,1.91,SELL
TWTR,2015-03-27,49.36,1.29,SELL
TWTR,2015-03-30,49.76,0.27,SELL
TWTR,2015-03-31,50.03,0.11,BUY
TWTR,2015-04-01,49.97,0.99,SELL
TWTR,2015-04-02,50.23,0.38,SELL
TWTR,2015-04-06,50.3,1.07,SELL
TWTR,2015-04-07,50.62,4.25,SELL
TWTR,2015-04-08,50.89,2.7,SELL
TWTR,2015-04-09,51.69,0.92,SELL
TWTR,2015-04-10,51.79,0.29,SELL
TWTR,2015-04-13,52.04,0.81,BUY
TWTR,2015-04-14,51.8,1.17,BUY
TWTR,2015-04-15,51.4,0.2,BUY
TWTR,2015-04-16,51.43,1.15,BUY
TWTR,2015-04-17,51.74,2.14,SELL
TWTR,2015-04-20,51.18,0.43,BUY
TWTR,2015-04-21,51.29,0.07,SELL
TWTR,2015-04-22,51.16,1.1,SELL
TWTR,2015-04-23,51.21,0.39,SELL
TWTR,2015-04-24,51.4,1.13,SELL
TWTR,2015-04-27,51.3,0.69,BUY
TWTR,2015-04-28,51.46,21.74,SELL
TWTR,2015-04-29,51.55,33.94,BUY
TWTR,2015-04-30,49.93,28.15,BUY
TWTR,predict day 1,40.77,0,BUY
TWTR,predict day 2,40.77,0,NULL
