GOOG,2014-05-15,520.27,0.06,SELL
GOOG,2014-05-16,521.5,0.17,BUY
GOOG,2014-05-19,522.54,1.2,BUY
GOOG,2014-05-20,523.52,1.18,SELL
GOOG,2014-05-21,524.33,2.71,SELL
GOOG,2014-05-22,525.22,3.64,SELL
GOOG,2014-05-23,529,4.29,SELL
GOOG,2014-05-27,536.76,5.16,SELL
GOOG,2014-05-28,544.57,3.05,SELL
GOOG,2014-05-29,550.24,1.76,SELL
GOOG,2014-05-30,555.06,0.86,SELL
GOOG,2014-06-02,555.9,0.36,SELL
GOOG,2014-06-03,556.79,2.17,BUY
GOOG,2014-06-04,557.01,2.27,BUY
GOOG,2014-06-05,556.12,0.4,BUY
GOOG,2014-06-06,555.03,0.23,BUY
GOOG,2014-06-09,554.2,1.41,SELL
GOOG,2014-06-10,553.84,1.2,SELL
GOOG,2014-06-11,554.02,0.86,SELL
GOOG,2014-06-12,554.73,0.61,SELL
GOOG,2014-06-13,555.48,0.67,BUY
GOOG,2014-06-16,555.77,2.11,BUY
GOOG,2014-06-17,555.44,2.29,BUY
GOOG,2014-06-18,554.27,0.16,BUY
GOOG,2014-06-19,553.03,0.34,SELL
GOOG,2014-06-20,552.11,0.76,SELL
GOOG,2014-06-23,551.78,2.33,SELL
GOOG,2014-06-24,552.18,2.2,SELL
GOOG,2014-06-25,553.47,4.35,SELL
GOOG,2014-06-26,558.96,2.96,SELL
GOOG,2014-06-27,563.38,2.4,SELL
GOOG,2014-06-30,566.27,1.57,SELL
GOOG,2014-07-01,567.9,2.53,SELL
GOOG,2014-07-02,569.65,2.18,SELL
GOOG,2014-07-03,571.65,2.24,SELL
GOOG,2014-07-07,573.39,1.52,SELL
GOOG,2014-07-08,574.98,0.68,SELL
GOOG,2014-07-09,576.01,0.01,BUY
GOOG,2014-07-10,576.68,0.98,BUY
GOOG,2014-07-11,576.86,0.4,BUY
GOOG,2014-07-14,576.84,1.37,SELL
GOOG,2014-07-15,576.93,1.34,SELL
GOOG,2014-07-16,577.18,0.94,SELL
GOOG,2014-07-17,577.8,0.71,SELL
GOOG,2014-07-18,578.21,2.83,BUY
GOOG,2014-07-21,579.06,1.77,SELL
GOOG,2014-07-22,580.24,2.44,SELL
GOOG,2014-07-23,581.49,2.43,SELL
GOOG,2014-07-24,584.83,1.44,SELL
GOOG,2014-07-25,585.85,0.54,SELL
GOOG,2014-07-28,587.08,0.6,SELL
GOOG,2014-07-29,587.89,0.39,SELL
GOOG,2014-07-30,588.46,0.18,BUY
GOOG,2014-07-31,588.7,2.99,BUY
GOOG,2014-08-01,588.34,3.93,BUY
GOOG,2014-08-04,582.86,1.69,BUY
GOOG,2014-08-05,580.85,2.79,BUY
GOOG,2014-08-06,577.79,2.02,BUY
GOOG,2014-08-07,576.49,2.33,BUY
GOOG,2014-08-08,574.7,1.04,BUY
GOOG,2014-08-11,573.06,0.91,BUY
GOOG,2014-08-12,571.87,1.62,BUY
GOOG,2014-08-13,570.61,0.73,BUY
GOOG,2014-08-14,569.84,0.84,SELL
GOOG,2014-08-15,569.64,0.67,SELL
GOOG,2014-08-18,569.88,2.11,SELL
GOOG,2014-08-19,570.53,2.78,SELL
GOOG,2014-08-20,571.73,2.18,SELL
GOOG,2014-08-21,573.46,1.7,SELL
GOOG,2014-08-22,575.08,1.28,SELL
GOOG,2014-08-25,576.55,0.63,SELL
GOOG,2014-08-26,577.86,0,SELL
GOOG,2014-08-27,578.73,1.35,BUY
GOOG,2014-08-28,578.94,1.71,BUY
GOOG,2014-08-29,578.56,1.22,BUY
GOOG,2014-09-02,577.84,0.09,BUY
GOOG,2014-09-03,577.1,0.15,SELL
GOOG,2014-09-04,576.53,0.94,SELL
GOOG,2014-09-05,576.25,1.68,SELL
GOOG,2014-09-08,576.54,2.23,SELL
GOOG,2014-09-09,577.44,0.61,SELL
GOOG,2014-09-10,578.53,0.78,SELL
GOOG,2014-09-11,579.46,0.33,SELL
GOOG,2014-09-12,580.28,0.81,SELL
GOOG,2014-09-15,580.72,1.33,BUY
GOOG,2014-09-16,580.66,0.12,BUY
GOOG,2014-09-17,580.25,0.77,BUY
GOOG,2014-09-18,580.08,1.56,SELL
GOOG,2014-09-19,580.22,2.66,SELL
GOOG,2014-09-22,580.84,1.11,SELL
GOOG,2014-09-23,581.79,0.11,SELL
GOOG,2014-09-24,582.71,0.9,BUY
GOOG,2014-09-25,583.55,1.48,SELL
GOOG,2014-09-26,584,1.2,BUY
GOOG,2014-09-29,583.93,1.31,BUY
GOOG,2014-09-30,583.33,1.03,BUY
GOOG,2014-10-01,582.51,2.51,BUY
GOOG,2014-10-02,581.54,2.01,BUY
GOOG,2014-10-03,580.11,0.84,BUY
GOOG,2014-10-06,578.9,0.27,BUY
GOOG,2014-10-07,577.95,2.52,BUY
GOOG,2014-10-08,576.9,0.77,BUY
GOOG,2014-10-09,575.73,2.65,BUY
GOOG,2014-10-10,574.59,5.53,BUY
GOOG,2014-10-13,565.09,5.98,BUY
GOOG,2014-10-14,557.52,3.64,BUY
GOOG,2014-10-15,550.61,3.88,BUY
GOOG,2014-10-16,544.6,3.83,BUY
GOOG,2014-10-17,536.76,5.01,BUY
GOOG,2014-10-20,528.41,1.45,BUY
GOOG,2014-10-21,526.74,0.04,BUY
GOOG,2014-10-22,525.56,1.34,SELL
GOOG,2014-10-23,525.02,3.49,SELL
GOOG,2014-10-24,527.84,2.21,SELL
GOOG,2014-10-27,530.95,1.82,SELL
GOOG,2014-10-28,532.8,2.93,SELL
GOOG,2014-10-29,535.59,2.5,SELL
GOOG,2014-10-30,538.67,2.12,SELL
GOOG,2014-10-31,541.53,3.14,SELL
GOOG,2014-11-03,544.22,1.98,SELL
GOOG,2014-11-04,546.84,1.31,SELL
GOOG,2014-11-05,549.11,0.58,SELL
GOOG,2014-11-06,550.25,1.51,BUY
GOOG,2014-11-07,550.35,1.73,BUY
GOOG,2014-11-10,549.74,0.41,BUY
GOOG,2014-11-11,548.75,0.28,BUY
GOOG,2014-11-12,548.03,0.13,SELL
GOOG,2014-11-13,547.33,0.36,BUY
GOOG,2014-11-14,546.82,0.44,BUY
GOOG,2014-11-17,546.53,1.87,BUY
GOOG,2014-11-18,545.94,2.04,BUY
GOOG,2014-11-19,544.66,1.43,BUY
GOOG,2014-11-20,543.01,1.53,BUY
GOOG,2014-11-21,541.27,0.7,BUY
GOOG,2014-11-24,539.73,0.09,BUY
GOOG,2014-11-25,538.59,0.46,SELL
GOOG,2014-11-26,538.26,0.39,SELL
GOOG,2014-11-28,538.42,0.63,SELL
GOOG,2014-12-01,538.83,0.94,SELL
GOOG,2014-12-02,538.93,0.97,BUY
GOOG,2014-12-03,538.56,1.36,BUY
GOOG,2014-12-04,537.74,0.08,BUY
GOOG,2014-12-05,537.02,2.24,SELL
GOOG,2014-12-08,535.67,1.65,BUY
GOOG,2014-12-09,533.76,0.07,BUY
GOOG,2014-12-10,532.59,1.24,SELL
GOOG,2014-12-11,531.51,0.6,BUY
GOOG,2014-12-12,530.58,2.3,BUY
GOOG,2014-12-15,528.79,2.92,BUY
GOOG,2014-12-16,526.64,6.31,BUY
GOOG,2014-12-17,517.2,2.44,BUY
GOOG,2014-12-18,512.28,0.23,BUY
GOOG,2014-12-19,510.4,1.15,SELL
GOOG,2014-12-22,510.14,2.81,SELL
GOOG,2014-12-23,512.33,3.44,SELL
GOOG,2014-12-24,516.35,2.35,SELL
GOOG,2014-12-26,518.9,2.83,SELL
GOOG,2014-12-29,522.24,1.53,SELL
GOOG,2014-12-30,525.2,0.98,SELL
GOOG,2014-12-31,527.49,0.21,SELL
GOOG,2015-01-02,528.59,0.72,BUY
GOOG,2015-01-05,528.64,2.87,BUY
GOOG,2015-01-06,527.25,5.04,BUY
GOOG,2015-01-07,519.22,3.62,BUY
GOOG,2015-01-08,513.72,2.2,BUY
GOOG,2015-01-09,509.4,2.67,BUY
GOOG,2015-01-12,505.75,2.68,BUY
GOOG,2015-01-13,502.43,1.26,BUY
GOOG,2015-01-14,499.62,0.25,BUY
GOOG,2015-01-15,498.76,0.6,SELL
GOOG,2015-01-16,498.8,1.83,SELL
GOOG,2015-01-20,499.75,1.41,SELL
GOOG,2015-01-21,501.3,3.23,SELL
GOOG,2015-01-22,504.5,5.59,SELL
GOOG,2015-01-23,514.52,4.71,SELL
GOOG,2015-01-26,521.93,2.48,SELL
GOOG,2015-01-27,526.9,1.59,SELL
GOOG,2015-01-28,526.39,3.21,BUY
GOOG,2015-01-29,524,2.61,BUY
GOOG,2015-01-30,521.19,2.49,BUY
GOOG,2015-02-02,524.73,0.71,SELL
GOOG,2015-02-03,524.63,0.87,SELL
GOOG,2015-02-04,524.03,0.24,SELL
GOOG,2015-02-05,523.22,0.83,BUY
GOOG,2015-02-06,524.94,1.14,SELL
GOOG,2015-02-09,527.38,0.09,SELL
GOOG,2015-02-10,527.63,1.73,SELL
GOOG,2015-02-11,529.06,1.29,SELL
GOOG,2015-02-12,530.52,2.29,SELL
GOOG,2015-02-13,533.24,2.87,SELL
GOOG,2015-02-17,536.46,1.18,SELL
GOOG,2015-02-18,538.34,0.25,SELL
GOOG,2015-02-19,539.39,0.64,SELL
GOOG,2015-02-20,540.7,0.32,SELL
GOOG,2015-02-23,541.46,1.8,BUY
GOOG,2015-02-24,540.25,0.78,BUY
GOOG,2015-02-25,539.05,0.89,BUY
GOOG,2015-02-26,539.6,2.86,SELL
GOOG,2015-02-27,542.08,2.92,SELL
GOOG,2015-03-02,545.62,4.5,SELL
GOOG,2015-03-03,553.08,3.58,SELL
GOOG,2015-03-04,559.63,2.4,SELL
GOOG,2015-03-05,564.57,1.87,SELL
GOOG,2015-03-06,565.91,0.31,SELL
GOOG,2015-03-09,566.88,0.35,SELL
GOOG,2015-03-10,568.22,2.38,SELL
GOOG,2015-03-11,567.03,2.88,BUY
GOOG,2015-03-12,564.99,1.71,BUY
GOOG,2015-03-13,563.48,2.95,BUY
GOOG,2015-03-16,560.57,1.09,BUY
GOOG,2015-03-17,558.43,1.38,BUY
GOOG,2015-03-18,555.76,0.67,BUY
GOOG,2015-03-19,555.62,0.42,SELL
GOOG,2015-03-20,555.48,0.87,SELL
GOOG,2015-03-23,555.89,0.52,SELL
GOOG,2015-03-24,556.34,2.43,SELL
GOOG,2015-03-25,558.94,0.03,SELL
GOOG,2015-03-26,559.55,0.79,BUY
GOOG,2015-03-27,558.93,1.93,BUY
GOOG,2015-03-30,557.34,0.96,BUY
GOOG,2015-03-31,557.07,1.66,BUY
GOOG,2015-04-01,555.82,2.44,BUY
GOOG,2015-04-02,552.71,3.21,BUY
GOOG,2015-04-06,548.55,2.2,BUY
GOOG,2015-04-07,545.62,1.6,BUY
GOOG,2015-04-08,543.62,0.37,BUY
GOOG,2015-04-09,542.43,0.31,BUY
GOOG,2015-04-10,541.09,0.2,BUY
GOOG,2015-04-13,540.05,0.16,BUY
GOOG,2015-04-14,539.56,1.73,BUY
GOOG,2015-04-15,537.78,0.99,BUY
GOOG,2015-04-16,536.71,0.55,BUY
GOOG,2015-04-17,536.16,2.31,BUY
GOOG,2015-04-20,533.6,0.33,BUY
GOOG,2015-04-21,533.18,0.15,SELL
GOOG,2015-04-22,533.1,1.16,SELL
GOOG,2015-04-23,534.41,2.3,SELL
GOOG,2015-04-24,536.54,5.05,SELL
GOOG,2015-04-27,546.04,1.68,SELL
GOOG,2015-04-28,550.28,0.61,SELL
GOOG,2015-04-29,548.47,0.11,SELL
GOOG,2015-04-30,547.47,1.89,SELL
GOOG,predict day 1,545.86,0,BUY
GOOG,predict day 2,547.23,0,UNKNOWN
YHOO,2014-05-15,34.51,2.1,BUY
YHOO,2014-05-16,33.97,1.68,BUY
YHOO,2014-05-19,33.61,0.83,BUY
YHOO,2014-05-20,33.86,0.03,SELL
YHOO,2014-05-21,34.02,0.99,BUY
YHOO,2014-05-22,34.31,1.12,SELL
YHOO,2014-05-23,34.51,1.46,SELL
YHOO,2014-05-27,34.76,1.03,SELL
YHOO,2014-05-28,34.83,0.14,SELL
YHOO,2014-05-29,34.62,0.8,SELL
YHOO,2014-05-30,34.65,0,SELL
YHOO,2014-06-02,34.62,0.72,SELL
YHOO,2014-06-03,34.81,0.46,SELL
YHOO,2014-06-04,34.74,0.03,BUY
YHOO,2014-06-05,34.76,0.52,BUY
YHOO,2014-06-06,34.87,2.92,SELL
YHOO,2014-06-09,35.56,1.33,SELL
YHOO,2014-06-10,35.85,1.27,SELL
YHOO,2014-06-11,35.95,1.86,SELL
YHOO,2014-06-12,36.1,1.85,SELL
YHOO,2014-06-13,36.37,1.54,SELL
YHOO,2014-06-16,36.57,5.06,SELL
YHOO,2014-06-17,35.37,2.73,BUY
YHOO,2014-06-18,34.54,1.14,BUY
YHOO,2014-06-19,35.06,1.1,BUY
YHOO,2014-06-20,35.43,4.05,BUY
YHOO,2014-06-23,34.73,3.24,BUY
YHOO,2014-06-24,34.04,1.67,BUY
YHOO,2014-06-25,33.85,1.8,BUY
YHOO,2014-06-26,33.72,0.18,BUY
YHOO,2014-06-27,33.81,1.28,BUY
YHOO,2014-06-30,34.12,2.88,SELL
YHOO,2014-07-01,34.68,1.9,SELL
YHOO,2014-07-02,34.9,2.73,SELL
YHOO,2014-07-03,35.2,2.6,SELL
YHOO,2014-07-07,35.47,0.14,SELL
YHOO,2014-07-08,35.34,2.35,SELL
YHOO,2014-07-09,34.77,0.23,BUY
YHOO,2014-07-10,34.82,0.31,SELL
YHOO,2014-07-11,35.07,1.02,BUY
YHOO,2014-07-14,35.44,0.73,BUY
YHOO,2014-07-15,35.54,0.2,SELL
YHOO,2014-07-16,35.51,5.09,SELL
YHOO,2014-07-17,34.48,3.82,BUY
YHOO,2014-07-18,33.75,1.26,BUY
YHOO,2014-07-21,33.72,1.32,BUY
YHOO,2014-07-22,33.93,0.98,BUY
YHOO,2014-07-23,34.02,1.99,BUY
YHOO,2014-07-24,34.6,4.34,SELL
YHOO,2014-07-25,35.64,1.33,SELL
YHOO,2014-07-28,35.68,0.61,SELL
YHOO,2014-07-29,35.29,1.09,SELL
YHOO,2014-07-30,35.07,4.18,SELL
YHOO,2014-07-31,35.96,0.42,SELL
YHOO,2014-08-01,35.83,0.59,BUY
YHOO,2014-08-04,35.62,2.49,HOLD
YHOO,2014-08-05,36.15,1.26,SELL
YHOO,2014-08-06,35.97,0.5,BUY
YHOO,2014-08-07,35.85,0.53,BUY
YHOO,2014-08-08,35.65,0.72,SELL
YHOO,2014-08-11,35.96,0.47,BUY
YHOO,2014-08-12,35.89,1.04,BUY
YHOO,2014-08-13,35.64,1.52,BUY
YHOO,2014-08-14,36,0.99,SELL
YHOO,2014-08-15,36.26,0.58,SELL
YHOO,2014-08-18,36.36,2.73,SELL
YHOO,2014-08-19,36.85,2.59,SELL
YHOO,2014-08-20,37.33,0.45,SELL
YHOO,2014-08-21,37.22,1.12,SELL
YHOO,2014-08-22,37.18,2.18,SELL
YHOO,2014-08-25,37.55,0.42,SELL
YHOO,2014-08-26,37.62,0.45,SELL
YHOO,2014-08-27,37.64,1.41,SELL
YHOO,2014-08-28,37.91,1.04,SELL
YHOO,2014-08-29,38.17,0.88,SELL
YHOO,2014-09-02,38.31,2.44,SELL
YHOO,2014-09-03,38.77,0.26,SELL
YHOO,2014-09-04,38.7,1.25,SELL
YHOO,2014-09-05,38.84,1.89,SELL
YHOO,2014-09-08,39.13,6.41,SELL
YHOO,2014-09-09,40.67,0.27,SELL
YHOO,2014-09-10,40.45,1.68,SELL
YHOO,2014-09-11,40.51,1.82,SELL
YHOO,2014-09-12,40.69,5.11,SELL
YHOO,2014-09-15,41.82,1.72,SELL
YHOO,2014-09-16,42.04,1.57,SELL
YHOO,2014-09-17,42.14,1.06,SELL
YHOO,2014-09-18,42.27,0.43,SELL
YHOO,2014-09-19,42.29,3.32,BUY
YHOO,2014-09-22,41.99,8.64,BUY
YHOO,2014-09-23,40.19,2.92,BUY
YHOO,2014-09-24,39.67,0.53,BUY
YHOO,2014-09-25,40.61,4.26,BUY
YHOO,2014-09-26,40.02,1.57,BUY
YHOO,2014-09-29,40.52,0,SELL
YHOO,2014-09-30,40.48,0.66,SELL
YHOO,2014-10-01,40.64,0.79,SELL
YHOO,2014-10-02,40.15,0.86,SELL
YHOO,2014-10-03,40.23,1.95,SELL
YHOO,2014-10-06,40.7,1.97,SELL
YHOO,2014-10-07,41.19,0.64,SELL
YHOO,2014-10-08,40.93,0.37,HOLD
YHOO,2014-10-09,40.86,0.58,SELL
YHOO,2014-10-10,40.95,3.41,SELL
YHOO,2014-10-13,40.18,4.69,BUY
YHOO,2014-10-14,38.78,2.13,BUY
YHOO,2014-10-15,38.21,1.03,BUY
YHOO,2014-10-16,38.57,1.18,BUY
YHOO,2014-10-17,39.07,1.61,BUY
YHOO,2014-10-20,39.22,0.15,BUY
YHOO,2014-10-21,39.72,1.14,BUY
YHOO,2014-10-22,40.27,4.12,BUY
YHOO,2014-10-23,41.63,2.28,SELL
YHOO,2014-10-24,42.25,2.87,SELL
YHOO,2014-10-27,42.78,4.3,SELL
YHOO,2014-10-28,43.6,4.95,SELL
YHOO,2014-10-29,45.02,0.9,SELL
YHOO,2014-10-30,44.6,2.26,SELL
YHOO,2014-10-31,44.65,3.04,SELL
YHOO,2014-11-03,45.18,2.5,SELL
YHOO,2014-11-04,45.67,2.99,SELL
YHOO,2014-11-05,46.24,2.57,SELL
YHOO,2014-11-06,46.63,2.71,SELL
YHOO,2014-11-07,47.07,3.05,SELL
YHOO,2014-11-10,47.51,3.85,SELL
YHOO,2014-11-11,48.29,1.55,SELL
YHOO,2014-11-12,48.38,4.39,SELL
YHOO,2014-11-13,49.37,2.24,SELL
YHOO,2014-11-14,49.73,3.9,SELL
YHOO,2014-11-17,50.6,3.38,SELL
YHOO,2014-11-18,51.15,1.16,SELL
YHOO,2014-11-19,51.23,1.29,SELL
YHOO,2014-11-20,50.63,1.21,BUY
YHOO,2014-11-21,50.75,0.57,SELL
YHOO,2014-11-24,51.02,1.56,SELL
YHOO,2014-11-25,51.5,0.43,SELL
YHOO,2014-11-26,51.48,0.87,SELL
YHOO,2014-11-28,51.59,0.29,SELL
YHOO,2014-12-01,51.53,2.85,SELL
YHOO,2014-12-02,50.98,0.61,BUY
YHOO,2014-12-03,50.92,1.27,BUY
YHOO,2014-12-04,50.83,0.83,BUY
YHOO,2014-12-05,50.97,0.04,BUY
YHOO,2014-12-08,50.99,2.76,HOLD
YHOO,2014-12-09,50.47,0.08,BUY
YHOO,2014-12-10,50.52,2.66,BUY
YHOO,2014-12-11,49.95,0.02,BUY
YHOO,2014-12-12,50.19,0.1,BUY
YHOO,2014-12-15,50.2,0.76,SELL
YHOO,2014-12-16,50.19,2.74,BUY
YHOO,2014-12-17,49.5,1.24,BUY
YHOO,2014-12-18,49.76,2.26,SELL
YHOO,2014-12-19,50.43,0.88,SELL
YHOO,2014-12-22,50.7,0.88,SELL
YHOO,2014-12-23,50.59,1.14,SELL
YHOO,2014-12-24,50.1,1.09,BUY
YHOO,2014-12-26,50.33,1.04,SELL
YHOO,2014-12-29,50.57,0.08,SELL
YHOO,2014-12-30,50.67,1.07,BUY
YHOO,2014-12-31,50.79,0.55,SELL
YHOO,2015-01-02,50.61,0.88,BUY
YHOO,2015-01-05,50.47,2.73,BUY
YHOO,2015-01-06,49.84,1.28,BUY
YHOO,2015-01-07,49.74,2.37,BUY
YHOO,2015-01-08,49.42,1.61,BUY
YHOO,2015-01-09,50.07,0.7,SELL
YHOO,2015-01-12,50.01,2.48,BUY
YHOO,2015-01-13,49.5,2.48,BUY
YHOO,2015-01-14,48.58,2.25,BUY
YHOO,2015-01-15,48.13,4.11,BUY
YHOO,2015-01-16,47.06,1.27,BUY
YHOO,2015-01-20,46.94,1.45,BUY
YHOO,2015-01-21,47.82,0.75,BUY
YHOO,2015-01-22,48.56,0.67,BUY
YHOO,2015-01-23,48.83,0.25,SELL
YHOO,2015-01-26,48.65,1.6,SELL
YHOO,2015-01-27,48.85,1.79,SELL
YHOO,2015-01-28,48.11,3.55,BUY
YHOO,2015-01-29,46.84,7.11,BUY
YHOO,2015-01-30,41.22,6.3,SELL
YHOO,2015-02-02,44.05,1.43,BUY
YHOO,2015-02-03,46.12,3.18,BUY
YHOO,2015-02-04,46.41,5.36,BUY
YHOO,2015-02-05,44.69,2.62,BUY
YHOO,2015-02-06,44.15,2.82,BUY
YHOO,2015-02-09,43.73,2.72,BUY
YHOO,2015-02-10,43.28,0.49,BUY
YHOO,2015-02-11,43.25,0.68,BUY
YHOO,2015-02-12,43.15,1.78,BUY
YHOO,2015-02-13,43.4,2.3,SELL
YHOO,2015-02-17,43.72,0.44,SELL
YHOO,2015-02-18,43.65,0,BUY
YHOO,2015-02-19,43.6,1.74,SELL
YHOO,2015-02-20,43.87,0.54,SELL
YHOO,2015-02-23,44.05,1.19,SELL
YHOO,2015-02-24,43.86,1.11,BUY
YHOO,2015-02-25,43.62,1.82,BUY
YHOO,2015-02-26,43.94,1.15,SELL
YHOO,2015-02-27,44.18,0.23,SELL
YHOO,2015-03-02,44.18,0.16,SELL
YHOO,2015-03-03,44.08,3.43,SELL
YHOO,2015-03-04,43.61,0.86,BUY
YHOO,2015-03-05,43.78,0.86,SELL
YHOO,2015-03-06,43.95,1.17,SELL
YHOO,2015-03-09,43.81,1.93,BUY
YHOO,2015-03-10,43.41,1.71,BUY
YHOO,2015-03-11,43.12,1.46,BUY
YHOO,2015-03-12,43,0.12,BUY
YHOO,2015-03-13,43,0.3,BUY
YHOO,2015-03-16,42.93,1.33,BUY
YHOO,2015-03-17,43.11,1.55,SELL
YHOO,2015-03-18,43.33,3,SELL
YHOO,2015-03-19,43.79,2.65,SELL
YHOO,2015-03-20,44.18,1.91,SELL
YHOO,2015-03-23,44.44,0.63,SELL
YHOO,2015-03-24,44.52,0.23,SELL
YHOO,2015-03-25,44.51,0.7,BUY
YHOO,2015-03-26,44.46,0.02,BUY
YHOO,2015-03-27,44.5,1.33,BUY
YHOO,2015-03-30,44.71,0.53,SELL
YHOO,2015-03-31,44.78,0.77,SELL
YHOO,2015-04-01,44.64,1.16,BUY
YHOO,2015-04-02,44.44,0.66,BUY
YHOO,2015-04-06,44.39,1.65,BUY
YHOO,2015-04-07,44.2,1.35,BUY
YHOO,2015-04-08,43.99,2.61,BUY
YHOO,2015-04-09,44.35,2.81,SELL
YHOO,2015-04-10,44.79,0.86,SELL
YHOO,2015-04-13,44.89,0.27,SELL
YHOO,2015-04-14,44.76,1.69,SELL
YHOO,2015-04-15,45.02,1.55,SELL
YHOO,2015-04-16,45.35,0.94,SELL
YHOO,2015-04-17,45.5,2.36,SELL
YHOO,2015-04-20,45.13,1.05,BUY
YHOO,2015-04-21,44.97,1.08,BUY
YHOO,2015-04-22,44.89,2.07,BUY
YHOO,2015-04-23,44.66,2.2,BUY
YHOO,2015-04-24,44.3,0.49,BUY
YHOO,2015-04-27,44.32,0.09,SELL
YHOO,2015-04-28,44.43,0.2,BUY
YHOO,2015-04-29,44.34,2.45,HOLD
YHOO,2015-04-30,43.97,3.29,BUY
YHOO,predict day 1,43.53,0,BUY
YHOO,predict day 2,43.52,0,UNKNOWN
AAPL,2014-05-15,591.83,0.51,SELL
AAPL,2014-05-16,590.7,1.14,BUY
AAPL,2014-05-19,592.33,2.03,SELL
AAPL,2014-05-20,595.62,1.5,SELL
AAPL,2014-05-21,597.91,1.39,SELL
AAPL,2014-05-22,599.49,1.28,SELL
AAPL,2014-05-23,601.22,2.1,SELL
AAPL,2014-05-27,604.73,3.34,SELL
AAPL,2014-05-28,609.6,2.31,SELL
AAPL,2014-05-29,612.79,3.56,SELL
AAPL,2014-05-30,619.27,2.17,SELL
AAPL,2014-06-02,621.69,1.11,SELL
AAPL,2014-06-03,623.72,2.17,SELL
AAPL,2014-06-04,626.81,2.79,SELL
AAPL,2014-06-05,630.59,2.59,SELL
AAPL,2014-06-06,633.99,1.79,SELL
AAPL,2014-06-09,635.93,578.69,SELL
AAPL,2014-06-10,507.76,438.74,BUY
AAPL,2014-06-11,102.88,9.61,BUY
AAPL,2014-06-12,238.56,158.49,BUY
AAPL,2014-06-13,353.1,286.83,BUY
AAPL,2014-06-16,129.11,40.03,BUY
AAPL,2014-06-17,86.56,5.99,SELL
AAPL,2014-06-18,89.08,3.36,SELL
AAPL,2014-06-19,90.66,1.31,SELL
AAPL,2014-06-20,91.51,0.66,SELL
AAPL,2014-06-23,91.62,0.87,BUY
AAPL,2014-06-24,91.51,1.36,BUY
AAPL,2014-06-25,91.2,0.93,BUY
AAPL,2014-06-26,90.92,0.02,BUY
AAPL,2014-06-27,90.78,1.3,SELL
AAPL,2014-06-30,90.93,2.15,SELL
AAPL,2014-07-01,91.37,2.3,SELL
AAPL,2014-07-02,91.93,1.66,SELL
AAPL,2014-07-03,92.46,1.67,SELL
AAPL,2014-07-07,93.01,3.08,SELL
AAPL,2014-07-08,93.84,1.58,SELL
AAPL,2014-07-09,94.41,1.03,SELL
AAPL,2014-07-10,94.83,0.22,SELL
AAPL,2014-07-11,95.02,0.21,SELL
AAPL,2014-07-14,95.18,1.32,SELL
AAPL,2014-07-15,95.53,0.22,SELL
AAPL,2014-07-16,95.52,0.78,BUY
AAPL,2014-07-17,95.39,2.47,BUY
AAPL,2014-07-18,94.88,0.48,BUY
AAPL,2014-07-21,94.68,0.79,BUY
AAPL,2014-07-22,94.44,0.3,BUY
AAPL,2014-07-23,94.35,2.92,SELL
AAPL,2014-07-24,94.85,2.25,SELL
AAPL,2014-07-25,95.41,2.31,SELL
AAPL,2014-07-28,96.15,2.9,SELL
AAPL,2014-07-29,96.98,1.42,SELL
AAPL,2014-07-30,97.61,0.55,SELL
AAPL,2014-07-31,98.01,2.52,SELL
AAPL,2014-08-01,97.61,1.54,BUY
AAPL,2014-08-04,97.26,1.75,BUY
AAPL,2014-08-05,96.79,1.76,BUY
AAPL,2014-08-06,96.23,1.34,BUY
AAPL,2014-08-07,95.74,1.33,BUY
AAPL,2014-08-08,95.25,0.54,BUY
AAPL,2014-08-11,95.04,0.99,BUY
AAPL,2014-08-12,95.13,0.88,SELL
AAPL,2014-08-13,95.3,2,SELL
AAPL,2014-08-14,95.76,1.78,SELL
AAPL,2014-08-15,96.25,1.77,SELL
AAPL,2014-08-18,96.82,2.36,SELL
AAPL,2014-08-19,97.53,2.98,SELL
AAPL,2014-08-20,98.38,2.18,SELL
AAPL,2014-08-21,99.14,1.43,SELL
AAPL,2014-08-22,99.71,1.59,SELL
AAPL,2014-08-25,100.27,1.25,SELL
AAPL,2014-08-26,100.77,0.12,SELL
AAPL,2014-08-27,100.97,1.14,BUY
AAPL,2014-08-28,101.28,0.95,SELL
AAPL,2014-08-29,101.57,0.91,SELL
AAPL,2014-09-02,101.88,1.37,SELL
AAPL,2014-09-03,102.28,3.38,SELL
AAPL,2014-09-04,101.67,3.62,BUY
AAPL,2014-09-05,100.86,1.91,BUY
AAPL,2014-09-08,100.19,1.86,BUY
AAPL,2014-09-09,99.55,1.59,BUY
AAPL,2014-09-10,98.95,2.03,BUY
AAPL,2014-09-11,99.03,2.37,SELL
AAPL,2014-09-12,99.57,2.06,SELL
AAPL,2014-09-15,100.23,1.38,SELL
AAPL,2014-09-16,100.73,0.13,SELL
AAPL,2014-09-17,100.98,0.59,BUY
AAPL,2014-09-18,101.32,0.46,SELL
AAPL,2014-09-19,101.48,0.52,SELL
AAPL,2014-09-22,101.4,0.34,BUY
AAPL,2014-09-23,101.3,1.31,BUY
AAPL,2014-09-24,101.54,0.21,SELL
AAPL,2014-09-25,101.67,3.88,SELL
AAPL,2014-09-26,100.9,0.15,BUY
AAPL,2014-09-29,100.67,0.56,SELL
AAPL,2014-09-30,100.46,0.29,BUY
AAPL,2014-10-01,100.47,1.3,SELL
AAPL,2014-10-02,100.07,0.17,BUY
AAPL,2014-10-03,99.88,0.26,SELL
AAPL,2014-10-06,99.9,0.28,BUY
AAPL,2014-10-07,99.8,1.06,BUY
AAPL,2014-10-08,99.54,1.25,BUY
AAPL,2014-10-09,99.69,1.32,SELL
AAPL,2014-10-10,100.02,0.7,SELL
AAPL,2014-10-13,100.26,0.45,SELL
AAPL,2014-10-14,100.25,1.52,BUY
AAPL,2014-10-15,99.96,2.48,BUY
AAPL,2014-10-16,99.46,3.32,BUY
AAPL,2014-10-17,98.6,0.95,BUY
AAPL,2014-10-20,98.1,1.66,BUY
AAPL,2014-10-21,98.19,4.18,SELL
AAPL,2014-10-22,99.03,3.85,SELL
AAPL,2014-10-23,100.07,4.54,SELL
AAPL,2014-10-24,101.46,3.57,SELL
AAPL,2014-10-27,102.82,2.18,SELL
AAPL,2014-10-28,103.87,2.69,SELL
AAPL,2014-10-29,104.89,2.28,SELL
AAPL,2014-10-30,105.72,1.18,SELL
AAPL,2014-10-31,106.3,1.57,SELL
AAPL,2014-11-03,106.85,2.33,SELL
AAPL,2014-11-04,107.59,0.93,SELL
AAPL,2014-11-05,108.08,0.72,SELL
AAPL,2014-11-06,108.42,0.26,SELL
AAPL,2014-11-07,108.58,0.39,SELL
AAPL,2014-11-10,108.79,0.04,SELL
AAPL,2014-11-11,108.87,0.76,BUY
AAPL,2014-11-12,109.03,2,SELL
AAPL,2014-11-13,109.58,2.87,SELL
AAPL,2014-11-14,110.44,3.28,SELL
AAPL,2014-11-17,111.55,2.14,SELL
AAPL,2014-11-18,112.44,2.62,SELL
AAPL,2014-11-19,113.49,1.03,SELL
AAPL,2014-11-20,114.12,1.88,SELL
AAPL,2014-11-21,114.88,1.37,SELL
AAPL,2014-11-24,115.46,2.67,SELL
AAPL,2014-11-25,116.35,1.06,SELL
AAPL,2014-11-26,116.92,1.75,SELL
AAPL,2014-11-28,117.58,1.14,SELL
AAPL,2014-12-01,118.14,2.67,SELL
AAPL,2014-12-02,117.61,2.6,BUY
AAPL,2014-12-03,116.87,0.81,BUY
AAPL,2014-12-04,116.39,0.78,BUY
AAPL,2014-12-05,116.03,0.9,BUY
AAPL,2014-12-08,115.6,2.85,BUY
AAPL,2014-12-09,114.62,0.44,BUY
AAPL,2014-12-10,114.34,2.13,BUY
AAPL,2014-12-11,113.71,1.87,BUY
AAPL,2014-12-12,113.02,3,BUY
AAPL,2014-12-15,112.02,3.5,BUY
AAPL,2014-12-16,110.84,3.83,BUY
AAPL,2014-12-17,109.64,0.21,BUY
AAPL,2014-12-18,109.13,3.12,SELL
AAPL,2014-12-19,109.68,1.88,SELL
AAPL,2014-12-22,110.18,2.44,SELL
AAPL,2014-12-23,110.97,1.4,SELL
AAPL,2014-12-24,111.61,0.36,SELL
AAPL,2014-12-26,112.08,1.68,BUY
AAPL,2014-12-29,112.71,1.05,SELL
AAPL,2014-12-30,113.07,0.49,SELL
AAPL,2014-12-31,113.09,2.46,BUY
AAPL,2015-01-02,112.48,2.88,BUY
AAPL,2015-01-05,111.64,5.07,BUY
AAPL,2015-01-06,110.24,3.75,BUY
AAPL,2015-01-07,108.89,1.06,BUY
AAPL,2015-01-08,108.12,3.37,BUY
AAPL,2015-01-09,108.6,3.04,SELL
AAPL,2015-01-12,109.39,0.13,SELL
AAPL,2015-01-13,109.56,0.6,BUY
AAPL,2015-01-14,109.94,0.13,SELL
AAPL,2015-01-15,110.13,3.1,BUY
AAPL,2015-01-16,109.54,3.35,BUY
AAPL,2015-01-20,108.5,0.2,BUY
AAPL,2015-01-21,108.15,1.28,SELL
AAPL,2015-01-22,108.34,3.61,SELL
AAPL,2015-01-23,109.2,3.35,SELL
AAPL,2015-01-26,110.19,2.57,SELL
AAPL,2015-01-27,111.25,1.93,SELL
AAPL,2015-01-28,111.25,3.52,BUY
AAPL,2015-01-29,112.27,5.58,SELL
AAPL,2015-01-30,114.04,2.66,SELL
AAPL,2015-02-02,115.19,2.9,SELL
AAPL,2015-02-03,116.34,1.95,SELL
AAPL,2015-02-04,117.21,1.97,SELL
AAPL,2015-02-05,118.34,1.33,SELL
AAPL,2015-02-06,119.01,0.07,SELL
AAPL,2015-02-09,119.09,0.53,BUY
AAPL,2015-02-10,119.35,2.19,SELL
AAPL,2015-02-11,120.03,3.88,SELL
AAPL,2015-02-12,121.37,4.02,SELL
AAPL,2015-02-13,122.91,3.28,SELL
AAPL,2015-02-17,124.35,2.72,SELL
AAPL,2015-02-18,125.71,2.34,SELL
AAPL,2015-02-19,126.94,1.18,SELL
AAPL,2015-02-20,127.73,1.37,SELL
AAPL,2015-02-23,128.4,3.46,SELL
AAPL,2015-02-24,129.7,1.87,SELL
AAPL,2015-02-25,130.65,1.44,SELL
AAPL,2015-02-26,130.49,0.05,BUY
AAPL,2015-02-27,130.51,1.6,BUY
AAPL,2015-03-02,130.05,0.74,BUY
AAPL,2015-03-03,129.76,0.31,BUY
AAPL,2015-03-04,129.43,0.69,BUY
AAPL,2015-03-05,129.05,2.09,BUY
AAPL,2015-03-06,128.38,1.41,BUY
AAPL,2015-03-09,127.72,0.46,BUY
AAPL,2015-03-10,127.43,2.35,BUY
AAPL,2015-03-11,126.6,3.57,BUY
AAPL,2015-03-12,125.28,0.67,BUY
AAPL,2015-03-13,124.7,0.9,BUY
AAPL,2015-03-16,124.25,0.56,BUY
AAPL,2015-03-17,124.26,2.19,SELL
AAPL,2015-03-18,124.8,2.86,SELL
AAPL,2015-03-19,125.83,1.31,SELL
AAPL,2015-03-20,126.62,0.57,SELL
AAPL,2015-03-23,126.67,0.42,BUY
AAPL,2015-03-24,126.94,0.2,SELL
AAPL,2015-03-25,126.98,2.92,BUY
AAPL,2015-03-26,126.1,1.5,BUY
AAPL,2015-03-27,125.38,1.73,BUY
AAPL,2015-03-30,124.62,1.38,BUY
AAPL,2015-03-31,124.87,0.35,SELL
AAPL,2015-04-01,124.7,0.36,BUY
AAPL,2015-04-02,124.5,0.65,BUY
AAPL,2015-04-06,124.73,2.06,SELL
AAPL,2015-04-07,125.41,0.48,SELL
AAPL,2015-04-08,125.79,0.15,SELL
AAPL,2015-04-09,125.78,0.62,BUY
AAPL,2015-04-10,126.03,0.84,SELL
AAPL,2015-04-13,126.4,0.35,SELL
AAPL,2015-04-14,126.63,0.26,SELL
AAPL,2015-04-15,126.54,0.19,BUY
AAPL,2015-04-16,126.61,0.35,SELL
AAPL,2015-04-17,126.56,1.45,BUY
AAPL,2015-04-20,126.11,1.17,BUY
AAPL,2015-04-21,126.34,0.45,SELL
AAPL,2015-04-22,126.48,1.66,SELL
AAPL,2015-04-23,127.06,2.01,SELL
AAPL,2015-04-24,127.81,1.9,SELL
AAPL,2015-04-27,128.63,3.03,SELL
AAPL,2015-04-28,126.19,3.35,SELL
AAPL,2015-04-29,129.81,0.91,SELL
AAPL,2015-04-30,130.19,4.03,BUY
AAPL,predict day 1,129.16,0,BUY
AAPL,predict day 2,128.76,0,UNKNOWN
FB,2014-05-15,59.02,1.9,SELL
FB,2014-05-16,58.76,1.28,BUY
FB,2014-05-19,58.56,1.1,BUY
FB,2014-05-20,58.72,0.27,SELL
FB,2014-05-21,58.66,3.03,BUY
FB,2014-05-22,59.17,2.23,SELL
FB,2014-05-23,59.67,2.74,SELL
FB,2014-05-27,60.3,5.01,SELL
FB,2014-05-28,61.48,3.2,SELL
FB,2014-05-29,62.3,2.4,SELL
FB,2014-05-30,63.01,0.46,SELL
FB,2014-06-02,63.2,0.19,SELL
FB,2014-06-03,63.28,0.65,BUY
FB,2014-06-04,63.22,0.19,BUY
FB,2014-06-05,63.22,0.05,SELL
FB,2014-06-06,63.2,1.12,BUY
FB,2014-06-09,62.97,0.14,BUY
FB,2014-06-10,62.91,4.35,BUY
FB,2014-06-11,63.72,3.13,SELL
FB,2014-06-12,64.54,0.39,SELL
FB,2014-06-13,64.55,0.08,BUY
FB,2014-06-16,64.59,0.62,BUY
FB,2014-06-17,64.54,0.22,BUY
FB,2014-06-18,64.56,1.59,BUY
FB,2014-06-19,64.8,0.71,SELL
FB,2014-06-20,64.65,0.23,BUY
FB,2014-06-23,64.63,1.13,BUY
FB,2014-06-24,64.83,1.35,SELL
FB,2014-06-25,65.14,3.41,SELL
FB,2014-06-26,65.86,1.89,SELL
FB,2014-06-27,66.29,1.94,SELL
FB,2014-06-30,66.79,0.74,SELL
FB,2014-07-01,67.06,1.47,SELL
FB,2014-07-02,67.43,1.47,SELL
FB,2014-07-03,67.28,1.49,BUY
FB,2014-07-07,66.99,2.6,BUY
FB,2014-07-08,66.47,5.91,BUY
FB,2014-07-09,65,0.05,BUY
FB,2014-07-10,65,0.2,BUY
FB,2014-07-11,64.82,2.29,SELL
FB,2014-07-14,65.39,3.7,SELL
FB,2014-07-15,66.61,0.83,SELL
FB,2014-07-16,66.84,1.21,SELL
FB,2014-07-17,67.06,0.98,SELL
FB,2014-07-18,66.11,3.38,SELL
FB,2014-07-21,67.81,2.29,SELL
FB,2014-07-22,68.7,0.82,SELL
FB,2014-07-23,68.95,3.28,SELL
FB,2014-07-24,70.1,6.51,SELL
FB,2014-07-25,74.29,1.2,SELL
FB,2014-07-28,74.92,0,SELL
FB,2014-07-29,73.62,0.12,SELL
FB,2014-07-30,71.06,4.85,SELL
FB,2014-07-31,73.64,1.36,SELL
FB,2014-08-01,72.24,0.17,SELL
FB,2014-08-04,72.51,1.36,BUY
FB,2014-08-05,73.36,0.92,SELL
FB,2014-08-06,73.25,1.08,BUY
FB,2014-08-07,73.08,0.12,BUY
FB,2014-08-08,73.14,0.11,SELL
FB,2014-08-11,73.26,0.25,BUY
FB,2014-08-12,73.59,1.04,BUY
FB,2014-08-13,72.74,1.4,SELL
FB,2014-08-14,73.64,0.89,SELL
FB,2014-08-15,74.04,0.56,SELL
FB,2014-08-18,73.67,1.23,BUY
FB,2014-08-19,74.26,1.37,SELL
FB,2014-08-20,74.76,0.07,SELL
FB,2014-08-21,74.71,0.19,SELL
FB,2014-08-22,74.3,0.36,SELL
FB,2014-08-25,74.19,1.11,SELL
FB,2014-08-26,74.85,1.46,SELL
FB,2014-08-27,75.73,1.47,SELL
FB,2014-08-28,74.7,1.14,BUY
FB,2014-08-29,73.96,1.15,BUY
FB,2014-09-02,74.55,2.78,SELL
FB,2014-09-03,76.43,0.79,SELL
FB,2014-09-04,76.01,0.08,BUY
FB,2014-09-05,75.81,1.88,SELL
FB,2014-09-08,76.42,1.89,SELL
FB,2014-09-09,77.3,0.82,SELL
FB,2014-09-10,76.56,1.12,SELL
FB,2014-09-11,76.84,1.39,SELL
FB,2014-09-12,77.23,0.32,SELL
FB,2014-09-15,77.43,3.82,SELL
FB,2014-09-16,75.12,1.26,BUY
FB,2014-09-17,76.1,0.43,BUY
FB,2014-09-18,76.5,0.65,BUY
FB,2014-09-19,77.55,0.46,BUY
FB,2014-09-22,77.69,1.16,SELL
FB,2014-09-23,76.78,1.93,SELL
FB,2014-09-24,77.85,0.88,SELL
FB,2014-09-25,77.86,0.83,SELL
FB,2014-09-26,77.34,1.84,BUY
FB,2014-09-29,78.14,1.09,SELL
FB,2014-09-30,78.34,0.89,SELL
FB,2014-10-01,78.88,3.04,SELL
FB,2014-10-02,76.91,0.22,BUY
FB,2014-10-03,77.22,0.28,BUY
FB,2014-10-06,77.49,0.09,BUY
FB,2014-10-07,78.07,2.33,BUY
FB,2014-10-08,76.92,0.77,BUY
FB,2014-10-09,77.53,2.13,BUY
FB,2014-10-10,76.36,4.73,BUY
FB,2014-10-13,74.28,1.77,BUY
FB,2014-10-14,73.34,0.34,BUY
FB,2014-10-15,74.19,1.34,BUY
FB,2014-10-16,74.42,2.46,BUY
FB,2014-10-17,73.55,3.16,BUY
FB,2014-10-20,75.85,1.43,SELL
FB,2014-10-21,76.51,2.77,SELL
FB,2014-10-22,78.93,0.71,BUY
FB,2014-10-23,77.18,3.57,SELL
FB,2014-10-24,78.78,2.34,SELL
FB,2014-10-27,79.05,1.53,SELL
FB,2014-10-28,79.17,1.98,SELL
FB,2014-10-29,79.49,4.79,SELL
FB,2014-10-30,76.2,2.82,BUY
FB,2014-10-31,72.93,2.75,SELL
FB,2014-11-03,75.07,1.61,BUY
FB,2014-11-04,75.73,0.04,BUY
FB,2014-11-05,77.46,3.51,BUY
FB,2014-11-06,75.63,0.49,BUY
FB,2014-11-07,76.25,0.86,BUY
FB,2014-11-10,75.65,0.87,BUY
FB,2014-11-11,75.25,0.86,BUY
FB,2014-11-12,74.7,0.03,BUY
FB,2014-11-13,74.54,0.39,SELL
FB,2014-11-14,74.4,0.64,BUY
FB,2014-11-17,75.04,1.08,BUY
FB,2014-11-18,74.39,0.07,BUY
FB,2014-11-19,74.61,1.75,BUY
FB,2014-11-20,73.42,0.24,BUY
FB,2014-11-21,73.84,0.12,BUY
FB,2014-11-24,73.85,0.22,BUY
FB,2014-11-25,74.35,1.69,BUY
FB,2014-11-26,75.56,2.65,SELL
FB,2014-11-28,77.02,0.88,SELL
FB,2014-12-01,77.17,2.76,SELL
FB,2014-12-02,74.84,0.82,SELL
FB,2014-12-03,74.68,0.27,SELL
FB,2014-12-04,74.33,1.21,SELL
FB,2014-12-05,75.68,0.89,BUY
FB,2014-12-08,76.37,0.2,BUY
FB,2014-12-09,76.63,0.27,BUY
FB,2014-12-10,76.86,0.89,BUY
FB,2014-12-11,76,2.23,SELL
FB,2014-12-12,77.21,0.8,SELL
FB,2014-12-15,77.27,0.36,SELL
FB,2014-12-16,77.01,3.11,BUY
FB,2014-12-17,74.77,1.76,BUY
FB,2014-12-18,75.93,3.15,SELL
FB,2014-12-19,77.43,3.07,SELL
FB,2014-12-22,78.59,3.51,SELL
FB,2014-12-23,80.52,0.11,SELL
FB,2014-12-24,79.54,1.52,SELL
FB,2014-12-26,79.67,1.37,SELL
FB,2014-12-29,79.55,0.59,SELL
FB,2014-12-30,79.52,0.38,SELL
FB,2014-12-31,79.11,1.4,SELL
FB,2015-01-02,78.24,0.27,BUY
FB,2015-01-05,78.92,2.24,BUY
FB,2015-01-06,77.99,2.42,BUY
FB,2015-01-07,77.28,1.48,BUY
FB,2015-01-08,76.84,1.71,BUY
FB,2015-01-09,78.75,1.3,BUY
FB,2015-01-12,78.44,2.24,BUY
FB,2015-01-13,77.33,1.15,BUY
FB,2015-01-14,76.28,0,SELL
FB,2015-01-15,76.28,3.01,HOLD
FB,2015-01-16,75.01,0.23,BUY
FB,2015-01-20,75.64,0.79,BUY
FB,2015-01-21,76.13,0.79,SELL
FB,2015-01-22,76.86,1.02,BUY
FB,2015-01-23,77.18,0.84,SELL
FB,2015-01-26,77.13,0.48,SELL
FB,2015-01-27,77.1,1.74,SELL
FB,2015-01-28,76.01,0.3,BUY
FB,2015-01-29,76.27,2.22,BUY
FB,2015-01-30,77.38,1.94,SELL
FB,2015-02-02,76.54,2.07,BUY
FB,2015-02-03,75.81,0.54,BUY
FB,2015-02-04,75.49,0.19,BUY
FB,2015-02-05,76.01,0.53,BUY
FB,2015-02-06,76.08,2.16,BUY
FB,2015-02-09,75,0.75,BUY
FB,2015-02-10,74.81,0.51,BUY
FB,2015-02-11,75.22,1.69,BUY
FB,2015-02-12,76.25,0.03,SELL
FB,2015-02-13,76.08,0.45,SELL
FB,2015-02-17,75.66,0.08,SELL
FB,2015-02-18,75.38,1.73,SELL
FB,2015-02-19,76.25,3.99,SELL
FB,2015-02-20,77.92,2.48,SELL
FB,2015-02-23,78.72,0.15,SELL
FB,2015-02-24,78.25,0.25,SELL
FB,2015-02-25,77.66,2.39,SELL
FB,2015-02-26,78.65,2.19,SELL
FB,2015-02-27,79.67,0.89,SELL
FB,2015-03-02,78.96,0.99,SELL
FB,2015-03-03,79.37,0.29,SELL
FB,2015-03-04,79.21,2.09,SELL
FB,2015-03-05,80.48,0.9,SELL
FB,2015-03-06,80.57,0.7,SELL
FB,2015-03-09,79.97,0.67,SELL
FB,2015-03-10,79.53,2.55,BUY
FB,2015-03-11,78.22,0.84,BUY
FB,2015-03-12,78.46,0.6,BUY
FB,2015-03-13,79.2,1.47,BUY
FB,2015-03-16,78.8,0.94,BUY
FB,2015-03-17,78.67,0.87,BUY
FB,2015-03-18,79.06,2.29,SELL
FB,2015-03-19,80.2,3.08,SELL
FB,2015-03-20,81.33,2.95,SELL
FB,2015-03-23,82.75,1.99,SELL
FB,2015-03-24,82.81,2.93,SELL
FB,2015-03-25,83.26,0.41,SELL
FB,2015-03-26,81.36,1.99,SELL
FB,2015-03-27,81.98,1.58,SELL
FB,2015-03-30,82.4,0.96,SELL
FB,2015-03-31,83.39,1.42,BUY
FB,2015-04-01,82.68,1.24,BUY
FB,2015-04-02,82.1,0.66,BUY
FB,2015-04-06,82.07,0.45,BUY
FB,2015-04-07,83.01,0.84,BUY
FB,2015-04-08,82.83,0.67,BUY
FB,2015-04-09,82.63,0.56,BUY
FB,2015-04-10,82.16,0.15,SELL
FB,2015-04-13,82.07,1.13,BUY
FB,2015-04-14,82.91,0.73,SELL
FB,2015-04-15,83.25,0.65,SELL
FB,2015-04-16,82.62,0.38,SELL
FB,2015-04-17,82.08,1.61,SELL
FB,2015-04-20,80.61,2.98,SELL
FB,2015-04-21,83.2,0.5,BUY
FB,2015-04-22,83.58,1.24,SELL
FB,2015-04-23,84.67,2.74,BUY
FB,2015-04-24,82.3,0.94,SELL
FB,2015-04-27,81.83,0.1,BUY
FB,2015-04-28,81.84,1.44,SELL
FB,2015-04-29,81.33,1.07,BUY
FB,2015-04-30,81.44,3.39,BUY
FB,predict day 1,79.26,0,BUY
FB,predict day 2,80.43,0,UNKNOWN
MSFT,2014-05-15,40.19,1.49,SELL
MSFT,2014-05-16,39.13,1.76,SELL
MSFT,2014-05-19,39.51,0.6,SELL
MSFT,2014-05-20,39.62,0.15,SELL
MSFT,2014-05-21,39.89,1.14,BUY
MSFT,2014-05-22,40.65,1.37,BUY
MSFT,2014-05-23,40.16,0.1,BUY
MSFT,2014-05-27,40.2,0.02,BUY
MSFT,2014-05-28,39.96,0.12,SELL
MSFT,2014-05-29,39.88,1.14,SELL
MSFT,2014-05-30,40.4,1.32,BUY
MSFT,2014-06-02,41.1,0.76,BUY
MSFT,2014-06-03,40.86,1.41,BUY
MSFT,2014-06-04,40.03,0.72,SELL
MSFT,2014-06-05,39.96,3.03,SELL
MSFT,2014-06-06,41.33,0.36,BUY
MSFT,2014-06-09,41.75,1.16,BUY
MSFT,2014-06-10,41.35,0.58,BUY
MSFT,2014-06-11,40.77,0.22,SELL
MSFT,2014-06-12,40.46,0.3,SELL
MSFT,2014-06-13,40.37,2.09,SELL
MSFT,2014-06-16,41.4,0.24,BUY
MSFT,2014-06-17,41.74,0.14,BUY
MSFT,2014-06-18,41.95,0.72,BUY
MSFT,2014-06-19,41.54,0.07,SELL
MSFT,2014-06-20,41.27,0.98,SELL
MSFT,2014-06-23,41.5,1.17,SELL
MSFT,2014-06-24,41.93,0.43,SELL
MSFT,2014-06-25,41.7,0.79,SELL
MSFT,2014-06-26,42.01,0.7,SELL
MSFT,2014-06-27,41.51,1.75,SELL
MSFT,2014-06-30,42.33,1.51,BUY
MSFT,2014-07-01,41.52,0.84,SELL
MSFT,2014-07-02,41.94,0.1,BUY
MSFT,2014-07-03,41.77,0.07,SELL
MSFT,2014-07-07,41.88,0.26,BUY
MSFT,2014-07-08,42.05,0.65,BUY
MSFT,2014-07-09,41.74,0.17,SELL
MSFT,2014-07-10,41.68,0.02,BUY
MSFT,2014-07-11,41.64,1.07,SELL
MSFT,2014-07-14,42.21,0.17,BUY
MSFT,2014-07-15,42.24,0.49,BUY
MSFT,2014-07-16,42.53,3.52,BUY
MSFT,2014-07-17,44.05,1.08,SELL
MSFT,2014-07-18,44.33,0.81,SELL
MSFT,2014-07-21,44.37,1.05,SELL
MSFT,2014-07-22,44.05,1.74,SELL
MSFT,2014-07-23,44.11,1.69,SELL
MSFT,2014-07-24,44.36,0.09,SELL
MSFT,2014-07-25,44.02,1.08,SELL
MSFT,2014-07-28,44.31,0.77,SELL
MSFT,2014-07-29,43.89,0,SELL
MSFT,2014-07-30,44.06,1.1,BUY
MSFT,2014-07-31,43.7,1.25,BUY
MSFT,2014-08-01,43.42,1.31,BUY
MSFT,2014-08-04,43.1,0.62,BUY
MSFT,2014-08-05,43.68,1.39,BUY
MSFT,2014-08-06,43.39,1.52,BUY
MSFT,2014-08-07,43.03,0.46,BUY
MSFT,2014-08-08,43.31,0.25,BUY
MSFT,2014-08-11,43.29,0.21,BUY
MSFT,2014-08-12,43.37,0.34,BUY
MSFT,2014-08-13,43.46,1.41,SELL
MSFT,2014-08-14,44.02,0.56,SELL
MSFT,2014-08-15,44.18,1.36,SELL
MSFT,2014-08-18,44.56,1.22,SELL
MSFT,2014-08-19,44.71,1.37,SELL
MSFT,2014-08-20,44.93,0.04,SELL
MSFT,2014-08-21,44.54,1.5,SELL
MSFT,2014-08-22,44.84,0.69,SELL
MSFT,2014-08-25,44.84,0.73,SELL
MSFT,2014-08-26,45.08,0.16,SELL
MSFT,2014-08-27,44.92,0.11,SELL
MSFT,2014-08-28,44.86,0.04,SELL
MSFT,2014-08-29,44.91,1.14,BUY
MSFT,2014-09-02,45.43,0.75,HOLD
MSFT,2014-09-03,45.14,0.4,BUY
MSFT,2014-09-04,45.02,0.53,BUY
MSFT,2014-09-05,45.13,1.7,SELL
MSFT,2014-09-08,45.79,1.46,SELL
MSFT,2014-09-09,46.26,1.07,SELL
MSFT,2014-09-10,46.4,0.94,SELL
MSFT,2014-09-11,46.37,1.34,SELL
MSFT,2014-09-12,46.48,0.47,SELL
MSFT,2014-09-15,46.33,0.19,SELL
MSFT,2014-09-16,46.09,1.43,SELL
MSFT,2014-09-17,46.55,0.06,SELL
MSFT,2014-09-18,46.49,0.41,SELL
MSFT,2014-09-19,46.77,1.58,BUY
MSFT,2014-09-22,47.22,0.34,SELL
MSFT,2014-09-23,46.97,0.88,SELL
MSFT,2014-09-24,46.65,0.91,BUY
MSFT,2014-09-25,46.84,1.74,SELL
MSFT,2014-09-26,46.21,0.43,BUY
MSFT,2014-09-29,46.66,0.47,BUY
MSFT,2014-09-30,46.46,0.22,BUY
MSFT,2014-10-01,46.63,1.59,BUY
MSFT,2014-10-02,46.16,0.87,BUY
MSFT,2014-10-03,45.96,0.28,BUY
MSFT,2014-10-06,46.21,0.26,BUY
MSFT,2014-10-07,46.25,1.58,BUY
MSFT,2014-10-08,45.79,2.12,BUY
MSFT,2014-10-09,46.63,1.7,SELL
MSFT,2014-10-10,45.88,4.2,BUY
MSFT,2014-10-13,44.78,2.59,BUY
MSFT,2014-10-14,43.72,0.02,BUY
MSFT,2014-10-15,44.08,1.99,BUY
MSFT,2014-10-16,44.02,2.99,BUY
MSFT,2014-10-17,43.46,0.39,BUY
MSFT,2014-10-20,44.16,0.18,BUY
MSFT,2014-10-21,44.52,0.8,BUY
MSFT,2014-10-22,45.21,1.87,BUY
MSFT,2014-10-23,44.26,1.69,SELL
MSFT,2014-10-24,44.76,2.97,SELL
MSFT,2014-10-27,45.53,0.83,SELL
MSFT,2014-10-28,45.52,2.09,SELL
MSFT,2014-10-29,45.98,1.37,SELL
MSFT,2014-10-30,45.95,0.22,SELL
MSFT,2014-10-31,45.82,2.41,SELL
MSFT,2014-11-03,46.42,2.15,SELL
MSFT,2014-11-04,46.76,1.7,SELL
MSFT,2014-11-05,47.11,1.57,SELL
MSFT,2014-11-06,47.25,2.98,SELL
MSFT,2014-11-07,47.75,1.91,SELL
MSFT,2014-11-10,47.93,1.96,SELL
MSFT,2014-11-11,48.19,1.39,SELL
MSFT,2014-11-12,48.23,1.13,SELL
MSFT,2014-11-13,48.38,2.48,SELL
MSFT,2014-11-14,48.86,1.45,SELL
MSFT,2014-11-17,48.97,0.99,SELL
MSFT,2014-11-18,49.09,0.72,SELL
MSFT,2014-11-19,48.8,1.2,BUY
MSFT,2014-11-20,48.66,0.08,BUY
MSFT,2014-11-21,48.88,1.88,BUY
MSFT,2014-11-24,48.59,2.1,BUY
MSFT,2014-11-25,48.4,1.96,BUY
MSFT,2014-11-26,48.08,0.69,BUY
MSFT,2014-11-28,48.16,0.73,BUY
MSFT,2014-12-01,48.11,1.05,BUY
MSFT,2014-12-02,48.38,0.17,SELL
MSFT,2014-12-03,48.22,0.29,SELL
MSFT,2014-12-04,48.09,1.54,BUY
MSFT,2014-12-05,48.37,0.1,SELL
MSFT,2014-12-08,48.24,1.13,SELL
MSFT,2014-12-09,48.06,0.99,BUY
MSFT,2014-12-10,47.87,2.07,BUY
MSFT,2014-12-11,47.51,0.72,BUY
MSFT,2014-12-12,47.69,1.58,BUY
MSFT,2014-12-15,47.41,1.59,BUY
MSFT,2014-12-16,47.23,4.58,BUY
MSFT,2014-12-17,45.95,0.46,BUY
MSFT,2014-12-18,46.28,2.61,BUY
MSFT,2014-12-19,47.03,1.32,SELL
MSFT,2014-12-22,47.34,1.33,SELL
MSFT,2014-12-23,47.69,1.57,SELL
MSFT,2014-12-24,47.75,0.81,SELL
MSFT,2014-12-26,47.63,0.52,SELL
MSFT,2014-12-29,47.55,0.21,SELL
MSFT,2014-12-30,47.2,0.38,SELL
MSFT,2014-12-31,47.08,1.36,BUY
MSFT,2015-01-02,46.77,0.02,BUY
MSFT,2015-01-05,47.12,1.71,BUY
MSFT,2015-01-06,46.77,2.45,BUY
MSFT,2015-01-07,46.28,0.11,BUY
MSFT,2015-01-08,46.57,2.14,BUY
MSFT,2015-01-09,47.56,0.78,SELL
MSFT,2015-01-12,47.3,1.5,BUY
MSFT,2015-01-13,46.67,0.67,BUY
MSFT,2015-01-14,46.12,0.35,SELL
MSFT,2015-01-15,45.99,1.12,BUY
MSFT,2015-01-16,45.78,0.99,BUY
MSFT,2015-01-20,46.45,0.13,BUY
MSFT,2015-01-21,46.55,1.37,BUY
MSFT,2015-01-22,46.25,1.87,BUY
MSFT,2015-01-23,47.02,0.34,SELL
MSFT,2015-01-26,46.88,0.28,SELL
MSFT,2015-01-27,46.95,10.06,SELL
MSFT,2015-01-28,44.03,6.89,BUY
MSFT,2015-01-29,40.92,2.59,SELL
MSFT,2015-01-30,42.95,6.31,BUY
MSFT,2015-02-02,41.84,1.36,BUY
MSFT,2015-02-03,42.71,2.67,BUY
MSFT,2015-02-04,41.83,0.02,BUY
MSFT,2015-02-05,42.2,0.59,BUY
MSFT,2015-02-06,42.37,0.09,SELL
MSFT,2015-02-09,42.21,0.35,SELL
MSFT,2015-02-10,42.23,0.87,SELL
MSFT,2015-02-11,42.33,0.12,SELL
MSFT,2015-02-12,42.27,1.9,SELL
MSFT,2015-02-13,42.8,2.44,SELL
MSFT,2015-02-17,43.29,0.67,SELL
MSFT,2015-02-18,43.3,0.53,SELL
MSFT,2015-02-19,43.32,0.41,SELL
MSFT,2015-02-20,43.28,1.32,SELL
MSFT,2015-02-23,43.63,1.18,SELL
MSFT,2015-02-24,43.87,0.5,SELL
MSFT,2015-02-25,43.9,0.2,SELL
MSFT,2015-02-26,43.88,0.41,SELL
MSFT,2015-02-27,43.94,0.21,SELL
MSFT,2015-03-02,43.88,0,BUY
MSFT,2015-03-03,43.92,1.48,BUY
MSFT,2015-03-04,43.54,1.11,BUY
MSFT,2015-03-05,43.39,0.65,BUY
MSFT,2015-03-06,43.32,2.27,BUY
MSFT,2015-03-09,42.84,0.02,BUY
MSFT,2015-03-10,43.06,2.45,BUY
MSFT,2015-03-11,42.39,0.98,BUY
MSFT,2015-03-12,42.4,3.36,BUY
MSFT,2015-03-13,41.5,0.29,BUY
MSFT,2015-03-16,41.74,0.43,BUY
MSFT,2015-03-17,41.71,0.02,BUY
MSFT,2015-03-18,41.85,1.53,BUY
MSFT,2015-03-19,42.29,0,SELL
MSFT,2015-03-20,42.12,1.77,SELL
MSFT,2015-03-23,42.6,0.61,SELL
MSFT,2015-03-24,42.52,0.89,SELL
MSFT,2015-03-25,42.7,2.99,SELL
MSFT,2015-03-26,41.75,1.31,BUY
MSFT,2015-03-27,41.56,1.44,BUY
MSFT,2015-03-30,41.26,0.73,BUY
MSFT,2015-03-31,41.36,1.72,BUY
MSFT,2015-04-01,41.04,0.79,BUY
MSFT,2015-04-02,40.97,1.69,BUY
MSFT,2015-04-06,40.57,2.36,BUY
MSFT,2015-04-07,41.46,0.17,SELL
MSFT,2015-04-08,41.37,0.12,SELL
MSFT,2015-04-09,41.43,0.12,BUY
MSFT,2015-04-10,41.3,1.01,SELL
MSFT,2015-04-13,41.51,0.6,SELL
MSFT,2015-04-14,41.65,0,SELL
MSFT,2015-04-15,41.58,1.61,SELL
MSFT,2015-04-16,42,0.38,SELL
MSFT,2015-04-17,41.98,0.86,SELL
MSFT,2015-04-20,41.73,2.75,BUY
MSFT,2015-04-21,42.5,0.33,SELL
MSFT,2015-04-22,42.38,1.42,SELL
MSFT,2015-04-23,42.83,1.18,SELL
MSFT,2015-04-24,42.9,10.38,SELL
MSFT,2015-04-27,45.9,4.43,SELL
MSFT,2015-04-28,47.08,4.23,SELL
MSFT,2015-04-29,48.33,1.49,SELL
MSFT,2015-04-30,47.21,2.94,SELL
MSFT,predict day 1,47.59,0,SELL
MSFT,predict day 2,47.13,0,UNKNOWN
AMZN,2014-05-15,298.29,1.05,BUY
AMZN,2014-05-16,293.33,1.47,SELL
AMZN,2014-05-19,296.1,0.22,SELL
AMZN,2014-05-20,296.95,1.41,BUY
AMZN,2014-05-21,302.45,0.84,BUY
AMZN,2014-05-22,305.28,0.12,BUY
AMZN,2014-05-23,305.2,2.25,BUY
AMZN,2014-05-27,311.85,0.33,SELL
AMZN,2014-05-28,309.29,0.28,SELL
AMZN,2014-05-29,309.52,1.36,SELL
AMZN,2014-05-30,312,0.18,SELL
AMZN,2014-06-02,311.45,0.85,SELL
AMZN,2014-06-03,308.54,0.44,SELL
AMZN,2014-06-04,306.39,0.13,SELL
AMZN,2014-06-05,306.51,5.27,SELL
AMZN,2014-06-06,319.73,3.02,SELL
AMZN,2014-06-09,327.05,0.14,SELL
AMZN,2014-06-10,327.13,1.59,SELL
AMZN,2014-06-11,329.46,1.71,SELL
AMZN,2014-06-12,331.24,1.64,SELL
AMZN,2014-06-13,323.66,0.8,SELL
AMZN,2014-06-16,324.62,0.92,SELL
AMZN,2014-06-17,325.85,0.07,SELL
AMZN,2014-06-18,326.61,2.32,BUY
AMZN,2014-06-19,335.42,2.57,BUY
AMZN,2014-06-20,326.59,0.74,SELL
AMZN,2014-06-23,325.25,0.61,BUY
AMZN,2014-06-24,326.1,0.6,SELL
AMZN,2014-06-25,324.44,0.92,BUY
AMZN,2014-06-26,328.85,0.97,BUY
AMZN,2014-06-27,325.43,0.26,SELL
AMZN,2014-06-30,325.33,0.17,BUY
AMZN,2014-07-01,324.62,2.34,SELL
AMZN,2014-07-02,332.66,0.06,BUY
AMZN,2014-07-03,332.71,1.42,SELL
AMZN,2014-07-07,337.35,1.14,SELL
AMZN,2014-07-08,331.64,2.42,SELL
AMZN,2014-07-09,322.6,2.23,SELL
AMZN,2014-07-10,329.27,0.41,SELL
AMZN,2014-07-11,327.46,5.41,SELL
AMZN,2014-07-14,339.68,4.4,SELL
AMZN,2014-07-15,349.34,1.44,SELL
AMZN,2014-07-16,353.2,0.76,SELL
AMZN,2014-07-17,351.48,0.28,SELL
AMZN,2014-07-18,347.27,3.18,SELL
AMZN,2014-07-21,355.67,1.14,SELL
AMZN,2014-07-22,356.79,1.12,SELL
AMZN,2014-07-23,359.53,0.39,SELL
AMZN,2014-07-24,356.57,0.57,SELL
AMZN,2014-07-25,357.65,10.38,SELL
AMZN,2014-07-28,328.51,2.53,BUY
AMZN,2014-07-29,322.96,0.92,BUY
AMZN,2014-07-30,322.14,0.11,BUY
AMZN,2014-07-31,332.49,6.23,BUY
AMZN,2014-08-01,318.67,3.78,BUY
AMZN,2014-08-04,311.9,0.56,BUY
AMZN,2014-08-05,314.32,0.64,BUY
AMZN,2014-08-06,313.47,0.13,BUY
AMZN,2014-08-07,314.38,0.94,BUY
AMZN,2014-08-08,311.9,1.55,BUY
AMZN,2014-08-11,315.31,0.95,SELL
AMZN,2014-08-12,316.81,0.79,SELL
AMZN,2014-08-13,318.17,2.49,SELL
AMZN,2014-08-14,322.65,3.17,SELL
AMZN,2014-08-15,328.03,1.68,SELL
AMZN,2014-08-18,330.39,1.24,SELL
AMZN,2014-08-19,331.92,0.96,SELL
AMZN,2014-08-20,333.04,0.82,SELL
AMZN,2014-08-21,334.44,0.46,SELL
AMZN,2014-08-22,333.41,0.55,BUY
AMZN,2014-08-25,332.48,0.46,BUY
AMZN,2014-08-26,333.53,2.43,SELL
AMZN,2014-08-27,338.22,1.45,SELL
AMZN,2014-08-28,340.26,0.07,SELL
AMZN,2014-08-29,339.54,0.15,SELL
AMZN,2014-09-02,338.97,1,SELL
AMZN,2014-09-03,340.94,0.57,SELL
AMZN,2014-09-04,339.89,1.75,BUY
AMZN,2014-09-05,343.39,0.86,SELL
AMZN,2014-09-08,344.15,0.53,SELL
AMZN,2014-09-09,343.14,4.06,BUY
AMZN,2014-09-10,335.75,1.33,BUY
AMZN,2014-09-11,334.49,1.2,BUY
AMZN,2014-09-12,332.94,0.53,BUY
AMZN,2014-09-15,332.86,2.77,BUY
AMZN,2014-09-16,327.56,0.06,BUY
AMZN,2014-09-17,328.36,1.35,BUY
AMZN,2014-09-18,325.8,0.25,BUY
AMZN,2014-09-19,326.11,1.57,BUY
AMZN,2014-09-22,329.06,1.41,SELL
AMZN,2014-09-23,325.87,0.69,BUY
AMZN,2014-09-24,325.09,0.95,BUY
AMZN,2014-09-25,326.72,1.49,SELL
AMZN,2014-09-26,323.91,0.22,BUY
AMZN,2014-09-29,324.15,0.72,BUY
AMZN,2014-09-30,322.36,0.02,BUY
AMZN,2014-10-01,322.98,1.74,BUY
AMZN,2014-10-02,319.62,0.38,BUY
AMZN,2014-10-03,319.34,1.05,BUY
AMZN,2014-10-06,321.57,0.2,SELL
AMZN,2014-10-07,321.89,1.55,SELL
AMZN,2014-10-08,318.8,1.21,BUY
AMZN,2014-10-09,321.36,1.9,SELL
AMZN,2014-10-10,317.29,1.89,BUY
AMZN,2014-10-13,314.51,2.63,BUY
AMZN,2014-10-14,309.46,0.37,BUY
AMZN,2014-10-15,309.79,1.25,BUY
AMZN,2014-10-16,307.83,1.64,BUY
AMZN,2014-10-17,305.13,0.49,BUY
AMZN,2014-10-20,304.54,0.55,BUY
AMZN,2014-10-21,305.91,2.99,SELL
AMZN,2014-10-22,312.22,0.24,SELL
AMZN,2014-10-23,311.8,0.44,SELL
AMZN,2014-10-24,312.44,8.84,SELL
AMZN,2014-10-27,297.73,2.68,BUY
AMZN,2014-10-28,294.52,0.36,BUY
AMZN,2014-10-29,296.17,0.7,BUY
AMZN,2014-10-30,296.79,0.76,BUY
AMZN,2014-10-31,297.94,2.46,SELL
AMZN,2014-11-03,301.41,1.41,SELL
AMZN,2014-11-04,303.49,0.22,SELL
AMZN,2014-11-05,302.64,2.06,SELL
AMZN,2014-11-06,298.83,0.74,BUY
AMZN,2014-11-07,298.11,0.58,BUY
AMZN,2014-11-10,299.5,1.84,SELL
AMZN,2014-11-11,302.82,2.95,SELL
AMZN,2014-11-12,307.5,1.29,SELL
AMZN,2014-11-13,308.84,2.41,SELL
AMZN,2014-11-14,312.6,4.64,SELL
AMZN,2014-11-17,322.7,0.11,SELL
AMZN,2014-11-18,320.73,1.29,SELL
AMZN,2014-11-19,322.61,1.2,SELL
AMZN,2014-11-20,323.4,2.16,SELL
AMZN,2014-11-21,328.12,1.36,SELL
AMZN,2014-11-24,330.39,1.56,SELL
AMZN,2014-11-25,332.96,0.62,SELL
AMZN,2014-11-26,333.22,0.1,SELL
AMZN,2014-11-28,332.75,1.74,SELL
AMZN,2014-12-01,336.4,3.19,SELL
AMZN,2014-12-02,328.36,0.63,BUY
AMZN,2014-12-03,328.28,3.72,BUY
AMZN,2014-12-04,319.7,0.87,BUY
AMZN,2014-12-05,320.47,2.51,BUY
AMZN,2014-12-08,315,2.73,BUY
AMZN,2014-12-09,310.18,0.74,BUY
AMZN,2014-12-10,314.75,2.91,BUY
AMZN,2014-12-11,308.06,0.23,BUY
AMZN,2014-12-12,309.9,0.84,BUY
AMZN,2014-12-15,307.76,0.55,BUY
AMZN,2014-12-16,307.41,4.19,BUY
AMZN,2014-12-17,295.76,1.04,BUY
AMZN,2014-12-18,299.63,0.64,BUY
AMZN,2014-12-19,298.6,0.43,BUY
AMZN,2014-12-22,302.45,1.33,BUY
AMZN,2014-12-23,307.27,0.32,BUY
AMZN,2014-12-24,306.53,1.16,BUY
AMZN,2014-12-26,302.79,2.04,SELL
AMZN,2014-12-29,307.48,1.46,SELL
AMZN,2014-12-30,310.73,0.14,SELL
AMZN,2014-12-31,309.98,0.12,SELL
AMZN,2015-01-02,309.1,0.19,SELL
AMZN,2015-01-05,307.3,1.69,SELL
AMZN,2015-01-06,302.07,2.3,SELL
AMZN,2015-01-07,295.42,1.01,BUY
AMZN,2015-01-08,299.33,0.38,BUY
AMZN,2015-01-09,302.37,1.83,BUY
AMZN,2015-01-12,299.38,2.73,BUY
AMZN,2015-01-13,292.29,0.83,BUY
AMZN,2015-01-14,295.13,0.63,BUY
AMZN,2015-01-15,294.12,2.5,BUY
AMZN,2015-01-16,288.24,0.86,BUY
AMZN,2015-01-20,291.31,0.65,BUY
AMZN,2015-01-21,289.98,2.45,BUY
AMZN,2015-01-22,298.96,3.66,BUY
AMZN,2015-01-23,309.98,0.77,SELL
AMZN,2015-01-26,311.54,0.61,SELL
AMZN,2015-01-27,307.58,0.27,SELL
AMZN,2015-01-28,303.05,0.28,SELL
AMZN,2015-01-29,301.43,3.32,SELL
AMZN,2015-01-30,310.78,12.34,SELL
AMZN,2015-02-02,331.91,8.93,SELL
AMZN,2015-02-03,360.3,0.89,SELL
AMZN,2015-02-04,357.65,1.95,SELL
AMZN,2015-02-05,353.11,5.56,SELL
AMZN,2015-02-06,366.63,2.04,SELL
AMZN,2015-02-09,369.77,0.21,SELL
AMZN,2015-02-10,367.82,1.39,SELL
AMZN,2015-02-11,370.52,1.23,SELL
AMZN,2015-02-12,373.1,1.08,SELL
AMZN,2015-02-13,375.49,1.66,SELL
AMZN,2015-02-17,378.63,0.85,SELL
AMZN,2015-02-18,374.98,0.43,SELL
AMZN,2015-02-19,374.4,1.21,BUY
AMZN,2015-02-20,377.99,1.48,SELL
AMZN,2015-02-23,381.2,0.28,SELL
AMZN,2015-02-24,379.37,0.21,SELL
AMZN,2015-02-25,378.38,1.81,SELL
AMZN,2015-02-26,382.89,0.5,SELL
AMZN,2015-02-27,383.2,0.8,SELL
AMZN,2015-03-02,380.85,1.25,BUY
AMZN,2015-03-03,384.02,0.15,SELL
AMZN,2015-03-04,383.7,0.26,SELL
AMZN,2015-03-05,383.27,1.18,BUY
AMZN,2015-03-06,385.99,1.55,SELL
AMZN,2015-03-09,381.47,0.77,BUY
AMZN,2015-03-10,381.01,3.11,BUY
AMZN,2015-03-11,374.24,2.15,BUY
AMZN,2015-03-12,371.71,0.68,BUY
AMZN,2015-03-13,375.73,1.39,BUY
AMZN,2015-03-16,372.16,0.32,BUY
AMZN,2015-03-17,373.7,0.48,BUY
AMZN,2015-03-18,371.75,0.9,SELL
AMZN,2015-03-19,374.33,0.29,SELL
AMZN,2015-03-20,373.08,1.43,SELL
AMZN,2015-03-23,376.55,0.38,SELL
AMZN,2015-03-24,374.53,0.12,SELL
AMZN,2015-03-25,374.31,0.9,BUY
AMZN,2015-03-26,372.19,1.32,BUY
AMZN,2015-03-27,369.72,0.23,BUY
AMZN,2015-03-30,371.71,0.77,BUY
AMZN,2015-03-31,373.77,0.45,SELL
AMZN,2015-04-01,372.08,0.49,SELL
AMZN,2015-04-02,370.69,0.42,BUY
AMZN,2015-04-06,371.93,1.36,SELL
AMZN,2015-04-07,375.39,0.26,SELL
AMZN,2015-04-08,373.81,1.94,SELL
AMZN,2015-04-09,378.35,1.35,SELL
AMZN,2015-04-10,380.05,0.68,SELL
AMZN,2015-04-13,380.56,0.47,SELL
AMZN,2015-04-14,380.92,1.09,SELL
AMZN,2015-04-15,383.05,0.1,SELL
AMZN,2015-04-16,382.85,0.83,SELL
AMZN,2015-04-17,384.74,2.44,SELL
AMZN,2015-04-20,378.33,2.87,BUY
AMZN,2015-04-21,387.14,1.03,SELL
AMZN,2015-04-22,387.88,0.49,SELL
AMZN,2015-04-23,388.05,0.5,SELL
AMZN,2015-04-24,388.24,12.77,SELL
AMZN,2015-04-27,412.75,5.89,SELL
AMZN,2015-04-28,423.31,1.4,SELL
AMZN,2015-04-29,419.79,2.23,SELL
AMZN,2015-04-30,421.37,0.1,SELL
AMZN,predict day 1,423.75,0,BUY
AMZN,predict day 2,430.09,0,UNKNOWN
SNE,2014-05-15,16.64,1.53,BUY
SNE,2014-05-16,16.54,0.98,BUY
SNE,2014-05-19,16.46,0.86,BUY
SNE,2014-05-20,16.39,2.37,BUY
SNE,2014-05-21,16.09,0.25,BUY
SNE,2014-05-22,16.1,0.49,BUY
SNE,2014-05-23,16.19,0.5,BUY
SNE,2014-05-27,16.12,3.12,BUY
SNE,2014-05-28,16.58,1.53,SELL
SNE,2014-05-29,16.31,0.62,SELL
SNE,2014-05-30,16.24,0.37,BUY
SNE,2014-06-02,16.19,0.61,BUY
SNE,2014-06-03,16.29,1.31,HOLD
SNE,2014-06-04,16.1,0.86,BUY
SNE,2014-06-05,16.24,0,HOLD
SNE,2014-06-06,16.23,0.81,SELL
SNE,2014-06-09,16.12,1.1,BUY
SNE,2014-06-10,16.29,0.68,SELL
SNE,2014-06-11,16.18,1.19,HOLD
SNE,2014-06-12,16.02,0.44,BUY
SNE,2014-06-13,16.1,0.74,BUY
SNE,2014-06-16,16.2,0.37,SELL
SNE,2014-06-17,16.24,0.74,SELL
SNE,2014-06-18,16.12,1.1,HOLD
SNE,2014-06-19,16.28,3.33,SELL
SNE,2014-06-20,16.75,1.3,SELL
SNE,2014-06-23,16.88,0.6,SELL
SNE,2014-06-24,16.75,0.66,SELL
SNE,2014-06-25,16.65,1.54,BUY
SNE,2014-06-26,16.88,0.42,SELL
SNE,2014-06-27,16.8,0.24,SELL
SNE,2014-06-30,16.77,0,BUY
SNE,2014-07-01,16.77,2.1,HOLD
SNE,2014-07-02,17.08,0.95,SELL
SNE,2014-07-03,16.91,0.42,SELL
SNE,2014-07-07,16.86,0.41,BUY
SNE,2014-07-08,16.92,0.89,SELL
SNE,2014-07-09,16.79,0,BUY
SNE,2014-07-10,16.81,0.96,BUY
SNE,2014-07-11,16.67,0.06,BUY
SNE,2014-07-14,16.68,0.06,BUY
SNE,2014-07-15,16.68,0.91,BUY
SNE,2014-07-16,16.55,1.25,BUY
SNE,2014-07-17,16.75,0.3,SELL
SNE,2014-07-18,16.69,0.6,SELL
SNE,2014-07-21,16.78,0.42,SELL
SNE,2014-07-22,16.71,0.12,HOLD
SNE,2014-07-23,16.7,1.12,BUY
SNE,2014-07-24,16.87,2.65,SELL
SNE,2014-07-25,17.24,2.49,SELL
SNE,2014-07-28,17.56,0.85,SELL
SNE,2014-07-29,17.62,0.86,SELL
SNE,2014-07-30,17.46,0.4,SELL
SNE,2014-07-31,17.52,4.94,SELL
SNE,2014-08-01,18.27,1.39,SELL
SNE,2014-08-04,17.97,1.8,SELL
SNE,2014-08-05,18.25,1.33,SELL
SNE,2014-08-06,18.01,1.46,HOLD
SNE,2014-08-07,17.82,2.77,BUY
SNE,2014-08-08,17.45,0.17,BUY
SNE,2014-08-11,17.49,0.69,BUY
SNE,2014-08-12,17.41,0.29,BUY
SNE,2014-08-13,17.39,3.07,BUY
SNE,2014-08-14,17.86,1.16,SELL
SNE,2014-08-15,17.97,2.39,SELL
SNE,2014-08-18,18.3,1.19,SELL
SNE,2014-08-19,18.41,2.39,SELL
SNE,2014-08-20,18.73,1.16,SELL
SNE,2014-08-21,18.85,0.11,SELL
SNE,2014-08-22,18.8,0.32,SELL
SNE,2014-08-25,18.84,0.69,SELL
SNE,2014-08-26,18.94,0.37,SELL
SNE,2014-08-27,18.87,0.21,HOLD
SNE,2014-08-28,18.84,0.32,BUY
SNE,2014-08-29,18.89,1.15,SELL
SNE,2014-09-02,19.06,1.75,SELL
SNE,2014-09-03,19.3,2.08,SELL
SNE,2014-09-04,19.57,0.25,SELL
SNE,2014-09-05,19.55,1.45,SELL
SNE,2014-09-08,19.32,0.57,BUY
SNE,2014-09-09,19.26,0.31,BUY
SNE,2014-09-10,19.24,1.33,BUY
SNE,2014-09-11,19.46,1.72,SELL
SNE,2014-09-12,19.69,0.66,SELL
SNE,2014-09-15,19.74,0.65,SELL
SNE,2014-09-16,19.82,2.12,SELL
SNE,2014-09-17,20.13,6.62,SELL
SNE,2014-09-18,19.27,6.82,BUY
SNE,2014-09-19,17.91,1.24,SELL
SNE,2014-09-22,17.45,0.52,SELL
SNE,2014-09-23,17.56,1.09,BUY
SNE,2014-09-24,17.81,2.65,BUY
SNE,2014-09-25,17.71,2.55,BUY
SNE,2014-09-26,17.51,0.52,BUY
SNE,2014-09-29,17.6,1.01,BUY
SNE,2014-09-30,17.97,0.39,BUY
SNE,2014-10-01,18.18,2.31,BUY
SNE,2014-10-02,17.66,1.15,SELL
SNE,2014-10-03,17.22,2.21,SELL
SNE,2014-10-06,17.52,1.35,SELL
SNE,2014-10-07,17.82,2.59,BUY
SNE,2014-10-08,17.33,2.59,SELL
SNE,2014-10-09,17.95,4.48,BUY
SNE,2014-10-10,16.94,1.05,SELL
SNE,2014-10-13,17.15,1,BUY
SNE,2014-10-14,16.87,1.06,SELL
SNE,2014-10-15,17.2,0.94,BUY
SNE,2014-10-16,17.14,1.48,BUY
SNE,2014-10-17,16.92,1.86,BUY
SNE,2014-10-20,17.4,0.74,BUY
SNE,2014-10-21,17.66,1.32,BUY
SNE,2014-10-22,17.44,1.08,BUY
SNE,2014-10-23,17.63,1.34,HOLD
SNE,2014-10-24,17.84,0.68,SELL
SNE,2014-10-27,17.62,0.8,SELL
SNE,2014-10-28,17.31,2.31,SELL
SNE,2014-10-29,17.7,3.59,SELL
SNE,2014-10-30,18.57,0.8,BUY
SNE,2014-10-31,18.91,4.59,BUY
SNE,2014-11-03,20.43,1.34,BUY
SNE,2014-11-04,20.17,0.8,BUY
SNE,2014-11-05,19.64,2.68,SELL
SNE,2014-11-06,19.71,0.05,SELL
SNE,2014-11-07,19.01,3.11,SELL
SNE,2014-11-10,19.39,5.41,SELL
SNE,2014-11-11,20.57,0.68,BUY
SNE,2014-11-12,20.76,0.63,BUY
SNE,2014-11-13,20.65,1.18,BUY
SNE,2014-11-14,20.25,1.89,SELL
SNE,2014-11-17,20.55,1.43,SELL
SNE,2014-11-18,20.15,5.22,SELL
SNE,2014-11-19,21.38,2.74,BUY
SNE,2014-11-20,20.72,1.17,SELL
SNE,2014-11-21,20.53,3.34,BUY
SNE,2014-11-24,21.09,2.5,SELL
SNE,2014-11-25,21.32,2.78,SELL
SNE,2014-11-26,21.63,0.28,SELL
SNE,2014-11-28,21.59,1.82,SELL
SNE,2014-12-01,21.82,1.49,SELL
SNE,2014-12-02,21.99,0.14,SELL
SNE,2014-12-03,21.96,0.05,HOLD
SNE,2014-12-04,21.96,0.72,BUY
SNE,2014-12-05,22.05,0.5,SELL
SNE,2014-12-08,22.1,4.49,SELL
SNE,2014-12-09,21.56,4.15,BUY
SNE,2014-12-10,21.15,1.73,BUY
SNE,2014-12-11,20.91,0.82,BUY
SNE,2014-12-12,20.91,2.85,BUY
SNE,2014-12-15,20.52,4.06,BUY
SNE,2014-12-16,19.89,0.86,BUY
SNE,2014-12-17,19.87,2.55,BUY
SNE,2014-12-18,20.46,3.22,BUY
SNE,2014-12-19,21.11,2.58,SELL
SNE,2014-12-22,20.58,0.96,HOLD
SNE,2014-12-23,20.74,0.58,SELL
SNE,2014-12-24,20.73,2.77,SELL
SNE,2014-12-26,21.24,0.14,SELL
SNE,2014-12-29,21.18,0.05,SELL
SNE,2014-12-30,21.12,2.62,SELL
SNE,2014-12-31,20.59,0.59,BUY
SNE,2015-01-02,20.53,0.15,BUY
SNE,2015-01-05,20.61,1.73,BUY
SNE,2015-01-06,20.37,0.59,BUY
SNE,2015-01-07,20.35,5.48,BUY
SNE,2015-01-08,21.43,0.6,SELL
SNE,2015-01-09,21.44,0.47,SELL
SNE,2015-01-12,21.31,0.23,SELL
SNE,2015-01-13,21.21,0.14,SELL
SNE,2015-01-14,21.1,1.93,SELL
SNE,2015-01-15,20.75,0.86,BUY
SNE,2015-01-16,20.97,1.45,BUY
SNE,2015-01-20,20.72,0.48,BUY
SNE,2015-01-21,20.92,4.52,BUY
SNE,2015-01-22,21.8,1.67,SELL
SNE,2015-01-23,22.01,2.61,SELL
SNE,2015-01-26,22.5,3.72,SELL
SNE,2015-01-27,23.28,0.95,SELL
SNE,2015-01-28,22.57,3.79,SELL
SNE,2015-01-29,23.24,1.4,SELL
SNE,2015-01-30,23.23,0.26,SELL
SNE,2015-02-02,23.11,0.94,SELL
SNE,2015-02-03,23.2,0.81,SELL
SNE,2015-02-04,23.29,10.22,SELL
SNE,2015-02-05,24.8,7.53,SELL
SNE,2015-02-06,26.54,0.11,SELL
SNE,2015-02-09,26.2,1.99,SELL
SNE,2015-02-10,25.11,3.65,SELL
SNE,2015-02-11,25.98,0.46,SELL
SNE,2015-02-12,26.11,3.69,BUY
SNE,2015-02-13,26.81,1.79,SELL
SNE,2015-02-17,26.86,0.98,SELL
SNE,2015-02-18,26.49,5.46,SELL
SNE,2015-02-19,27.5,0.47,SELL
SNE,2015-02-20,27.24,0.07,SELL
SNE,2015-02-23,27.29,0.96,BUY
SNE,2015-02-24,27.24,1.8,BUY
SNE,2015-02-25,27.45,0.87,SELL
SNE,2015-02-26,27.51,2.2,SELL
SNE,2015-02-27,27.65,2.37,SELL
SNE,2015-03-02,27.84,0.96,SELL
SNE,2015-03-03,27.93,0.36,SELL
SNE,2015-03-04,27.97,0.29,BUY
SNE,2015-03-05,27.99,0.25,BUY
SNE,2015-03-06,28.03,1.89,SELL
SNE,2015-03-09,27.87,2.2,BUY
SNE,2015-03-10,27.71,4.29,BUY
SNE,2015-03-11,27.37,1.97,BUY
SNE,2015-03-12,27.22,0.33,BUY
SNE,2015-03-13,27.14,2.18,BUY
SNE,2015-03-16,26.87,4.07,BUY
SNE,2015-03-17,26.52,0.86,BUY
SNE,2015-03-18,26.62,5.3,SELL
SNE,2015-03-19,27.18,2.41,SELL
SNE,2015-03-20,27.29,2.22,SELL
SNE,2015-03-23,27.56,0.79,SELL
SNE,2015-03-24,27.6,0.11,SELL
SNE,2015-03-25,27.55,3.22,SELL
SNE,2015-03-26,26.82,1.06,BUY
SNE,2015-03-27,26.82,0.15,BUY
SNE,2015-03-30,27.07,0.07,BUY
SNE,2015-03-31,27.21,1.61,BUY
SNE,2015-04-01,26.78,1.76,HOLD
SNE,2015-04-02,27.25,2.15,SELL
SNE,2015-04-06,27.7,5.62,SELL
SNE,2015-04-07,29.89,3.18,BUY
SNE,2015-04-08,28.47,3.56,SELL
SNE,2015-04-09,29.09,2.71,SELL
SNE,2015-04-10,29.35,3.96,SELL
SNE,2015-04-13,29.96,1.35,SELL
SNE,2015-04-14,29.98,3.69,SELL
SNE,2015-04-15,30.42,4.19,SELL
SNE,2015-04-16,30.99,0.29,SELL
SNE,2015-04-17,30.84,2.77,SELL
SNE,2015-04-20,30.44,0.26,BUY
SNE,2015-04-21,30.73,0.49,BUY
SNE,2015-04-22,30.95,4.33,BUY
SNE,2015-04-23,31.77,3.42,SELL
SNE,2015-04-24,30.46,2.81,SELL
SNE,2015-04-27,31.15,0.13,SELL
SNE,2015-04-28,31.55,1.74,BUY
SNE,2015-04-29,31.07,1.21,BUY
SNE,2015-04-30,31.11,2.91,BUY
SNE,predict day 1,30.93,0,BUY
SNE,predict day 2,31.07,0,UNKNOWN
WMT,2014-05-15,78.84,2.62,BUY
WMT,2014-05-16,77.56,0.71,BUY
WMT,2014-05-19,77.9,1.68,BUY
WMT,2014-05-20,77.43,2.3,BUY
WMT,2014-05-21,76.05,0.52,BUY
WMT,2014-05-22,76.1,0.94,BUY
WMT,2014-05-23,75.75,0.19,BUY
WMT,2014-05-27,75.64,0.07,BUY
WMT,2014-05-28,75.56,0.04,SELL
WMT,2014-05-29,75.43,0.72,SELL
WMT,2014-05-30,75.89,1.15,SELL
WMT,2014-06-02,76.46,0.39,SELL
WMT,2014-06-03,76.31,0.52,SELL
WMT,2014-06-04,76.42,0.92,SELL
WMT,2014-06-05,77.05,0.35,SELL
WMT,2014-06-06,77.17,0.05,SELL
WMT,2014-06-09,77.04,0.04,SELL
WMT,2014-06-10,77.03,0.54,BUY
WMT,2014-06-11,76.84,0.89,BUY
WMT,2014-06-12,76.51,1.03,BUY
WMT,2014-06-13,76.15,1.16,BUY
WMT,2014-06-16,75.7,0.48,BUY
WMT,2014-06-17,75.64,0.87,BUY
WMT,2014-06-18,75.17,0.7,BUY
WMT,2014-06-19,75.63,0.32,SELL
WMT,2014-06-20,75.68,0,SELL
WMT,2014-06-23,75.37,0.55,SELL
WMT,2014-06-24,75.75,0.29,SELL
WMT,2014-06-25,75.97,0.46,HOLD
WMT,2014-06-26,75.61,0.93,SELL
WMT,2014-06-27,75.11,0.31,BUY
WMT,2014-06-30,75.64,0.76,BUY
WMT,2014-07-01,75.25,0.04,BUY
WMT,2014-07-02,75.17,0.6,SELL
WMT,2014-07-03,75.55,0.26,SELL
WMT,2014-07-07,75.52,0.72,SELL
WMT,2014-07-08,75.83,1.07,SELL
WMT,2014-07-09,76.36,1.1,SELL
WMT,2014-07-10,76.77,0.38,SELL
WMT,2014-07-11,76.68,0.18,SELL
WMT,2014-07-14,76.73,0.24,SELL
WMT,2014-07-15,76.78,0.08,BUY
WMT,2014-07-16,77.01,0.2,BUY
WMT,2014-07-17,76.88,0.35,BUY
WMT,2014-07-18,76.56,0.69,SELL
WMT,2014-07-21,77.05,0.36,SELL
WMT,2014-07-22,76.76,0.16,SELL
WMT,2014-07-23,76.62,0.48,SELL
WMT,2014-07-24,77.06,0.93,BUY
WMT,2014-07-25,76.43,0.61,BUY
WMT,2014-07-28,76.17,0.61,BUY
WMT,2014-07-29,76.13,0.91,BUY
WMT,2014-07-30,75.75,1.3,BUY
WMT,2014-07-31,75.09,2.05,BUY
WMT,2014-08-01,74.07,0.72,BUY
WMT,2014-08-04,74.16,0.84,BUY
WMT,2014-08-05,73.94,0.82,BUY
WMT,2014-08-06,73.31,1.2,SELL
WMT,2014-08-07,74.07,0.16,SELL
WMT,2014-08-08,73.72,1.27,SELL
WMT,2014-08-11,74.32,0.05,SELL
WMT,2014-08-12,74.26,0.05,SELL
WMT,2014-08-13,74.12,0.12,SELL
WMT,2014-08-14,74.24,0.2,BUY
WMT,2014-08-15,74.48,0.78,BUY
WMT,2014-08-18,73.93,0.75,BUY
WMT,2014-08-19,74.43,0.6,SELL
WMT,2014-08-20,74.79,0.23,SELL
WMT,2014-08-21,74.61,1.24,SELL
WMT,2014-08-22,75.27,0.61,SELL
WMT,2014-08-25,75.48,0.28,SELL
WMT,2014-08-26,75.45,0.09,SELL
WMT,2014-08-27,75.52,0.44,HOLD
WMT,2014-08-28,75.89,0.01,BUY
WMT,2014-08-29,75.87,0.49,SELL
WMT,2014-09-02,75.46,0.38,SELL
WMT,2014-09-03,75.82,0.25,BUY
WMT,2014-09-04,76.03,0.69,BUY
WMT,2014-09-05,76.27,1.6,SELL
WMT,2014-09-08,76.99,0.6,SELL
WMT,2014-09-09,76.19,0.72,SELL
WMT,2014-09-10,76.7,0.25,SELL
WMT,2014-09-11,76.86,1,BUY
WMT,2014-09-12,76.27,0.66,BUY
WMT,2014-09-15,76.09,0.37,BUY
WMT,2014-09-16,76.08,0.31,BUY
WMT,2014-09-17,76.32,0.1,HOLD
WMT,2014-09-18,76.04,0.24,SELL
WMT,2014-09-19,76.03,1.05,SELL
WMT,2014-09-22,76.72,0.54,SELL
WMT,2014-09-23,76.22,0.82,SELL
WMT,2014-09-24,75.72,1.76,BUY
WMT,2014-09-25,77.21,1.43,BUY
WMT,2014-09-26,76.11,0.5,SELL
WMT,2014-09-29,76.24,0.21,SELL
WMT,2014-09-30,76.35,0.16,BUY
WMT,2014-10-01,76.44,0.42,SELL
WMT,2014-10-02,76.21,0.03,BUY
WMT,2014-10-03,76.19,1.46,SELL
WMT,2014-10-06,77.15,0.26,SELL
WMT,2014-10-07,76.91,0.5,SELL
WMT,2014-10-08,76.88,1.74,SELL
WMT,2014-10-09,77.97,0.14,SELL
WMT,2014-10-10,77.65,0.82,SELL
WMT,2014-10-13,78,0.57,SELL
WMT,2014-10-14,77.72,0.33,BUY
WMT,2014-10-15,78.03,3.76,BUY
WMT,2014-10-16,76.02,2.98,BUY
WMT,2014-10-17,74.76,0.89,BUY
WMT,2014-10-20,75.42,0.37,BUY
WMT,2014-10-21,75.83,0.25,BUY
WMT,2014-10-22,75.89,0.18,SELL
WMT,2014-10-23,75.47,1.02,SELL
WMT,2014-10-24,75.85,0.69,SELL
WMT,2014-10-27,76.22,0.48,SELL
WMT,2014-10-28,76.45,0.13,SELL
WMT,2014-10-29,76.24,0.2,SELL
WMT,2014-10-30,76.37,0.1,SELL
WMT,2014-10-31,76.51,0.31,BUY
WMT,2014-11-03,76.26,0.03,SELL
WMT,2014-11-04,76.31,1.23,BUY
WMT,2014-11-05,77.29,0.53,BUY
WMT,2014-11-06,77.45,0.46,SELL
WMT,2014-11-07,77.35,1.8,SELL
WMT,2014-11-10,78.41,1.3,SELL
WMT,2014-11-11,78.99,0.03,SELL
WMT,2014-11-12,78.49,0.9,SELL
WMT,2014-11-13,78.94,4.82,SELL
WMT,2014-11-14,81.81,1.39,SELL
WMT,2014-11-17,81.57,2.39,SELL
WMT,2014-11-18,82.16,1.95,SELL
WMT,2014-11-19,82.8,2.58,SELL
WMT,2014-11-20,84.07,0.6,SELL
WMT,2014-11-21,83.9,0.89,SELL
WMT,2014-11-24,84.07,1.56,SELL
WMT,2014-11-25,84.8,0.18,SELL
WMT,2014-11-26,84.63,0.41,SELL
WMT,2014-11-28,84.81,3.12,SELL
WMT,2014-12-01,86.39,0.2,SELL
WMT,2014-12-02,85.59,0.94,SELL
WMT,2014-12-03,85.9,1.13,SELL
WMT,2014-12-04,85.25,0.58,BUY
WMT,2014-12-05,85.37,1.49,BUY
WMT,2014-12-08,85.05,0.97,BUY
WMT,2014-12-09,84.91,1.62,BUY
WMT,2014-12-10,84.31,1.6,BUY
WMT,2014-12-11,83.72,0.13,BUY
WMT,2014-12-12,84.19,0.45,BUY
WMT,2014-12-15,83.94,0,BUY
WMT,2014-12-16,83.89,1.12,SELL
WMT,2014-12-17,83.16,1.27,BUY
WMT,2014-12-18,84.1,2.14,SELL
WMT,2014-12-19,85.14,0.02,SELL
WMT,2014-12-22,84.49,2.19,SELL
WMT,2014-12-23,85.39,1.47,SELL
WMT,2014-12-24,85.7,0.84,SELL
WMT,2014-12-26,85.79,1.29,SELL
WMT,2014-12-29,86.3,0.39,SELL
WMT,2014-12-30,86.27,0.6,SELL
WMT,2014-12-31,86.55,0.78,SELL
WMT,2015-01-02,86.12,0.26,BUY
WMT,2015-01-05,86.22,0.67,BUY
WMT,2015-01-06,86.1,0.24,BUY
WMT,2015-01-07,86.38,2.51,BUY
WMT,2015-01-08,87.49,3.29,SELL
WMT,2015-01-09,88.7,0.73,SELL
WMT,2015-01-12,87.95,2.3,SELL
WMT,2015-01-13,88.76,0.62,SELL
WMT,2015-01-14,88.67,2.38,SELL
WMT,2015-01-15,87.61,0.26,BUY
WMT,2015-01-16,88.37,1.84,BUY
WMT,2015-01-20,87.93,1.43,BUY
WMT,2015-01-21,87.71,1.23,BUY
WMT,2015-01-22,87.38,1.04,BUY
WMT,2015-01-23,88.03,0.54,SELL
WMT,2015-01-26,87.94,0.78,SELL
WMT,2015-01-27,87.9,0.42,SELL
WMT,2015-01-28,87.39,0.66,SELL
WMT,2015-01-29,87.22,0.57,BUY
WMT,2015-01-30,87.91,3.45,BUY
WMT,2015-02-02,86.2,0.57,BUY
WMT,2015-02-03,86.73,0.63,BUY
WMT,2015-02-04,86.79,0.16,BUY
WMT,2015-02-05,86.8,0.55,BUY
WMT,2015-02-06,86.96,0.42,SELL
WMT,2015-02-09,86.8,1.04,SELL
WMT,2015-02-10,86.05,1.42,BUY
WMT,2015-02-11,87.08,0.86,SELL
WMT,2015-02-12,86.49,0.7,BUY
WMT,2015-02-13,86.27,0.54,BUY
WMT,2015-02-17,86.24,0.33,BUY
WMT,2015-02-18,86.27,0.02,BUY
WMT,2015-02-19,86.42,3.47,BUY
WMT,2015-02-20,84.41,0.13,BUY
WMT,2015-02-23,85.13,0.63,BUY
WMT,2015-02-24,85.21,0.76,BUY
WMT,2015-02-25,84.94,1.64,BUY
WMT,2015-02-26,84.03,0.27,BUY
WMT,2015-02-27,84.13,0.24,BUY
WMT,2015-03-02,84.24,0.33,BUY
WMT,2015-03-03,84.11,0.89,BUY
WMT,2015-03-04,83.56,1.19,BUY
WMT,2015-03-05,82.96,0.73,BUY
WMT,2015-03-06,83.82,1.49,BUY
WMT,2015-03-09,82.91,0.04,BUY
WMT,2015-03-10,83.11,1.27,BUY
WMT,2015-03-11,82.39,2.11,BUY
WMT,2015-03-12,81.27,0.77,BUY
WMT,2015-03-13,82.44,0.66,BUY
WMT,2015-03-16,82.17,1.34,BUY
WMT,2015-03-17,83.1,0.58,SELL
WMT,2015-03-18,82.3,0.28,SELL
WMT,2015-03-19,82.29,0.94,SELL
WMT,2015-03-20,81.65,1.91,BUY
WMT,2015-03-23,83.18,0.16,SELL
WMT,2015-03-24,83.11,0.07,SELL
WMT,2015-03-25,82.77,1.78,SELL
WMT,2015-03-26,81.46,0.53,BUY
WMT,2015-03-27,82.24,1.09,BUY
WMT,2015-03-30,81.85,0.82,BUY
WMT,2015-03-31,82.68,0.52,BUY
WMT,2015-04-01,82.22,1.87,SELL
WMT,2015-04-02,80.84,0.14,BUY
WMT,2015-04-06,81.14,0.19,BUY
WMT,2015-04-07,81.37,1.08,BUY
WMT,2015-04-08,80.85,0.22,BUY
WMT,2015-04-09,81.19,0.43,BUY
WMT,2015-04-10,80.9,0.31,BUY
WMT,2015-04-13,80.73,0.55,BUY
WMT,2015-04-14,80.4,0.31,BUY
WMT,2015-04-15,80.31,0.71,BUY
WMT,2015-04-16,79.97,0.92,BUY
WMT,2015-04-17,79.51,2.09,BUY
WMT,2015-04-20,78.24,0.13,BUY
WMT,2015-04-21,78.7,0.86,BUY
WMT,2015-04-22,78.53,0.13,BUY
WMT,2015-04-23,78.76,0.53,BUY
WMT,2015-04-24,79.27,0.71,BUY
WMT,2015-04-27,79.64,0.34,SELL
WMT,2015-04-28,79.16,0.08,SELL
WMT,2015-04-29,78.75,1.12,SELL
WMT,2015-04-30,77.5,0.7,SELL
WMT,predict day 1,78.28,0,BUY
WMT,predict day 2,78.69,0,UNKNOWN
CAJ,2014-05-15,32.17,0.83,SELL
CAJ,2014-05-16,32.35,0.95,SELL
CAJ,2014-05-19,32.58,0.7,SELL
CAJ,2014-05-20,32.72,0.09,SELL
CAJ,2014-05-21,32.63,0.18,SELL
CAJ,2014-05-22,32.6,0.34,SELL
CAJ,2014-05-23,32.68,0.86,SELL
CAJ,2014-05-27,32.38,0.31,SELL
CAJ,2014-05-28,32.53,0.46,BUY
CAJ,2014-05-29,32.74,0.27,BUY
CAJ,2014-05-30,32.84,0.58,BUY
CAJ,2014-06-02,32.97,0.15,SELL
CAJ,2014-06-03,32.81,0.39,SELL
CAJ,2014-06-04,32.87,0.06,SELL
CAJ,2014-06-05,32.85,0.39,SELL
CAJ,2014-06-06,32.96,0.06,SELL
CAJ,2014-06-09,32.92,0.03,SELL
CAJ,2014-06-10,32.92,0.21,SELL
CAJ,2014-06-11,32.85,0.67,HOLD
CAJ,2014-06-12,32.65,1.09,BUY
CAJ,2014-06-13,33.08,0.6,BUY
CAJ,2014-06-16,33.27,0.06,SELL
CAJ,2014-06-17,33.15,0.57,SELL
CAJ,2014-06-18,33.23,0.81,SELL
CAJ,2014-06-19,33.39,0.92,SELL
CAJ,2014-06-20,33.59,0.36,SELL
CAJ,2014-06-23,33.57,0.3,SELL
CAJ,2014-06-24,33.37,0.3,SELL
CAJ,2014-06-25,33.45,0.97,SELL
CAJ,2014-06-26,33.18,1.04,BUY
CAJ,2014-06-27,32.96,1.07,BUY
CAJ,2014-06-30,32.78,0.09,BUY
CAJ,2014-07-01,32.95,0.09,BUY
CAJ,2014-07-02,33.06,0.79,BUY
CAJ,2014-07-03,32.84,0.67,BUY
CAJ,2014-07-07,32.63,0.62,BUY
CAJ,2014-07-08,32.47,0.06,BUY
CAJ,2014-07-09,32.59,0.06,BUY
CAJ,2014-07-10,32.69,1.68,BUY
CAJ,2014-07-11,33.26,0.51,BUY
CAJ,2014-07-14,32.96,0.99,SELL
CAJ,2014-07-15,33.14,0.39,SELL
CAJ,2014-07-16,33.14,1.07,SELL
CAJ,2014-07-17,33.39,0.51,SELL
CAJ,2014-07-18,33.13,1.28,SELL
CAJ,2014-07-21,33.5,0.03,SELL
CAJ,2014-07-22,33.44,0.68,SELL
CAJ,2014-07-23,33.6,0.36,SELL
CAJ,2014-07-24,33.42,0.89,SELL
CAJ,2014-07-25,33.67,0.12,SELL
CAJ,2014-07-28,33.6,0.5,SELL
CAJ,2014-07-29,33.72,0.33,SELL
CAJ,2014-07-30,33.58,0.36,SELL
CAJ,2014-07-31,33.46,2.04,HOLD
CAJ,2014-08-01,32.88,0.45,BUY
CAJ,2014-08-04,33.23,0.21,BUY
CAJ,2014-08-05,33.46,1.83,BUY
CAJ,2014-08-06,32.92,0.15,BUY
CAJ,2014-08-07,32.95,0.52,BUY
CAJ,2014-08-08,32.86,0.57,BUY
CAJ,2014-08-11,33.15,0.21,BUY
CAJ,2014-08-12,33.09,0.18,BUY
CAJ,2014-08-13,32.98,0.48,SELL
CAJ,2014-08-14,33.11,0.6,SELL
CAJ,2014-08-15,33.27,0.15,SELL
CAJ,2014-08-18,33.25,0.06,SELL
CAJ,2014-08-19,33.19,0.51,SELL
CAJ,2014-08-20,33.31,0.82,SELL
CAJ,2014-08-21,33.02,0.09,SELL
CAJ,2014-08-22,33.09,0.88,BUY
CAJ,2014-08-25,32.87,0.21,BUY
CAJ,2014-08-26,32.9,0.18,BUY
CAJ,2014-08-27,33.06,0.67,BUY
CAJ,2014-08-28,32.87,0.06,BUY
CAJ,2014-08-29,32.92,0.77,BUY
CAJ,2014-09-02,32.68,0.43,BUY
CAJ,2014-09-03,32.87,0.3,BUY
CAJ,2014-09-04,33,0.42,BUY
CAJ,2014-09-05,33.1,0.03,SELL
CAJ,2014-09-08,33.03,0.21,SELL
CAJ,2014-09-09,32.89,0.92,SELL
CAJ,2014-09-10,32.58,1.09,SELL
CAJ,2014-09-11,33.03,0.52,BUY
CAJ,2014-09-12,32.91,0.3,BUY
CAJ,2014-09-15,32.82,0,BUY
CAJ,2014-09-16,32.83,0.76,BUY
CAJ,2014-09-17,33.09,0.85,BUY
CAJ,2014-09-18,32.78,0.21,SELL
CAJ,2014-09-19,32.84,0.18,SELL
CAJ,2014-09-22,32.91,1.35,BUY
CAJ,2014-09-23,33.35,0.66,SELL
CAJ,2014-09-24,33.04,0.18,SELL
CAJ,2014-09-25,33.02,1.07,SELL
CAJ,2014-09-26,32.65,0.43,SELL
CAJ,2014-09-29,32.88,0.15,BUY
CAJ,2014-09-30,32.93,1.04,BUY
CAJ,2014-10-01,32.63,0.93,BUY
CAJ,2014-10-02,32.39,0.62,BUY
CAJ,2014-10-03,32.3,0.72,BUY
CAJ,2014-10-06,32.21,0.12,BUY
CAJ,2014-10-07,32.31,1.22,BUY
CAJ,2014-10-08,31.98,0.74,BUY
CAJ,2014-10-09,32.32,2.8,BUY
CAJ,2014-10-10,31.39,1.1,SELL
CAJ,2014-10-13,31.09,0.97,BUY
CAJ,2014-10-14,30.95,1.34,BUY
CAJ,2014-10-15,30.73,0.82,BUY
CAJ,2014-10-16,30.7,0.69,BUY
CAJ,2014-10-17,30.68,1.05,BUY
CAJ,2014-10-20,30.46,0.42,BUY
CAJ,2014-10-21,30.73,0.16,BUY
CAJ,2014-10-22,30.74,1.29,BUY
CAJ,2014-10-23,30.25,0.66,SELL
CAJ,2014-10-24,30.47,0.4,BUY
CAJ,2014-10-27,30.36,0.26,BUY
CAJ,2014-10-28,30.29,1.71,BUY
CAJ,2014-10-29,29.66,0.37,SELL
CAJ,2014-10-30,29.84,1.84,BUY
CAJ,2014-10-31,30.72,0.97,BUY
CAJ,2014-11-03,31.22,0.42,BUY
CAJ,2014-11-04,30.98,0.85,SELL
CAJ,2014-11-05,30.42,1.97,SELL
CAJ,2014-11-06,30.97,0.42,SELL
CAJ,2014-11-07,30.75,0.42,SELL
CAJ,2014-11-10,30.85,0.1,SELL
CAJ,2014-11-11,30.87,0.39,SELL
CAJ,2014-11-12,31.02,0.36,BUY
CAJ,2014-11-13,30.89,0.52,SELL
CAJ,2014-11-14,31.06,0.67,BUY
CAJ,2014-11-17,31.3,1.62,BUY
CAJ,2014-11-18,30.65,1.29,SELL
CAJ,2014-11-19,31.09,0.29,BUY
CAJ,2014-11-20,31.02,0.03,BUY
CAJ,2014-11-21,31.05,1.24,BUY
CAJ,2014-11-24,31.51,0.13,BUY
CAJ,2014-11-25,31.42,1.29,SELL
CAJ,2014-11-26,31.79,0.16,SELL
CAJ,2014-11-28,31.71,0.63,SELL
CAJ,2014-12-01,31.78,3.26,SELL
CAJ,2014-12-02,32.8,0.46,SELL
CAJ,2014-12-03,32.72,0.09,SELL
CAJ,2014-12-04,32.46,0.18,SELL
CAJ,2014-12-05,32.32,0.31,SELL
CAJ,2014-12-08,32.38,0.43,SELL
CAJ,2014-12-09,32.29,0.06,BUY
CAJ,2014-12-10,32.35,2.21,BUY
CAJ,2014-12-11,31.67,2.28,BUY
CAJ,2014-12-12,32.62,0.73,BUY
CAJ,2014-12-15,32.94,2.3,BUY
CAJ,2014-12-16,32.06,0.09,SELL
CAJ,2014-12-17,31.97,1.81,SELL
CAJ,2014-12-18,32.66,1.6,BUY
CAJ,2014-12-19,33.21,0.79,BUY
CAJ,2014-12-22,32.77,1.8,SELL
CAJ,2014-12-23,33.18,0.51,SELL
CAJ,2014-12-24,33.18,0.96,SELL
CAJ,2014-12-26,33.35,1.58,SELL
CAJ,2014-12-29,32.71,1.24,SELL
CAJ,2014-12-30,32.33,1.41,BUY
CAJ,2014-12-31,32.08,1.33,BUY
CAJ,2015-01-02,31.95,0.85,BUY
CAJ,2015-01-05,31.99,2.56,BUY
CAJ,2015-01-06,31.34,1.06,BUY
CAJ,2015-01-07,31.19,0.32,BUY
CAJ,2015-01-08,31.32,0.41,BUY
CAJ,2015-01-09,31.66,1.9,BUY
CAJ,2015-01-12,31.05,0.19,SELL
CAJ,2015-01-13,31.12,1.58,BUY
CAJ,2015-01-14,31.74,0,BUY
CAJ,2015-01-15,31.73,1.43,SELL
CAJ,2015-01-16,32.12,0.46,SELL
CAJ,2015-01-20,32.09,1.62,SELL
CAJ,2015-01-21,32.45,2.49,SELL
CAJ,2015-01-22,33.08,0.21,SELL
CAJ,2015-01-23,32.84,0.64,SELL
CAJ,2015-01-26,32.79,1.44,SELL
CAJ,2015-01-27,33.12,0.36,SELL
CAJ,2015-01-28,32.91,3.56,SELL
CAJ,2015-01-29,31.7,0.31,SELL
CAJ,2015-01-30,32.04,1.68,BUY
CAJ,2015-02-02,31.83,0.09,BUY
CAJ,2015-02-03,32.14,1.64,BUY
CAJ,2015-02-04,31.78,0.95,BUY
CAJ,2015-02-05,31.56,0.03,BUY
CAJ,2015-02-06,31.68,0.28,BUY
CAJ,2015-02-09,31.65,1.02,BUY
CAJ,2015-02-10,31.32,2.25,SELL
CAJ,2015-02-11,32.15,0.4,BUY
CAJ,2015-02-12,32.26,0.09,SELL
CAJ,2015-02-13,32.14,0.71,SELL
CAJ,2015-02-17,32.21,0.12,SELL
CAJ,2015-02-18,32.03,0.65,SELL
CAJ,2015-02-19,32.21,0.09,SELL
CAJ,2015-02-20,32.22,0.86,SELL
CAJ,2015-02-23,32.5,0.22,HOLD
CAJ,2015-02-24,32.38,0.92,SELL
CAJ,2015-02-25,32.63,0.4,SELL
CAJ,2015-02-26,32.42,0.58,SELL
CAJ,2015-02-27,32.57,0.15,SELL
CAJ,2015-03-02,32.49,0.18,SELL
CAJ,2015-03-03,32.54,0.22,SELL
CAJ,2015-03-04,32.47,0.03,HOLD
CAJ,2015-03-05,32.47,1.01,BUY
CAJ,2015-03-06,32.83,0.73,BUY
CAJ,2015-03-09,33.02,0.12,SELL
CAJ,2015-03-10,32.85,0.31,SELL
CAJ,2015-03-11,32.64,0.55,SELL
CAJ,2015-03-12,32.8,1.03,SELL
CAJ,2015-03-13,33.15,0.58,BUY
CAJ,2015-03-16,32.91,0.3,SELL
CAJ,2015-03-17,32.96,1.17,SELL
CAJ,2015-03-18,33.31,2.91,SELL
CAJ,2015-03-19,34.13,0.56,SELL
CAJ,2015-03-20,33.65,3.42,SELL
CAJ,2015-03-23,34.47,3.53,SELL
CAJ,2015-03-24,35.37,0.48,SELL
CAJ,2015-03-25,34.74,0.6,SELL
CAJ,2015-03-26,34.58,1.37,SELL
CAJ,2015-03-27,34.77,2.19,SELL
CAJ,2015-03-30,35.39,0.95,SELL
CAJ,2015-03-31,35.53,0.45,SELL
CAJ,2015-04-01,35.21,0.2,SELL
CAJ,2015-04-02,35.2,2.44,SELL
CAJ,2015-04-06,35.9,3.96,SELL
CAJ,2015-04-07,36.92,0.62,SELL
CAJ,2015-04-08,36.58,1.75,SELL
CAJ,2015-04-09,36.7,2.13,SELL
CAJ,2015-04-10,36.95,1.28,SELL
CAJ,2015-04-13,37.04,0.67,SELL
CAJ,2015-04-14,37.05,1.85,SELL
CAJ,2015-04-15,37.46,0.4,SELL
CAJ,2015-04-16,37.4,0.16,SELL
CAJ,2015-04-17,37.37,1.16,SELL
CAJ,2015-04-20,37.65,0.13,SELL
CAJ,2015-04-21,37.52,1.05,SELL
CAJ,2015-04-22,37.79,1.02,SELL
CAJ,2015-04-23,37.4,0.19,SELL
CAJ,2015-04-24,37.44,0.37,BUY
CAJ,2015-04-27,37.65,1.89,BUY
CAJ,2015-04-28,37.02,1.34,BUY
CAJ,2015-04-29,36.63,0.91,BUY
CAJ,2015-04-30,36.46,2.42,BUY
CAJ,predict day 1,35.7,0,BUY
CAJ,predict day 2,36.25,0,UNKNOWN
TWTR,2014-05-15,32.94,0.52,BUY
TWTR,2014-05-16,32.91,2.01,BUY
TWTR,2014-05-19,32.55,1.5,BUY
TWTR,2014-05-20,32.35,1.83,BUY
TWTR,2014-05-21,32.03,0.88,BUY
TWTR,2014-05-22,31.91,1.24,BUY
TWTR,2014-05-23,31.69,3.9,BUY
TWTR,2014-05-27,30.97,1.51,BUY
TWTR,2014-05-28,30.82,8.74,BUY
TWTR,2014-05-29,32.43,4.62,SELL
TWTR,2014-05-30,33.37,2.87,SELL
TWTR,2014-06-02,32.45,2.2,BUY
TWTR,2014-06-03,32.11,1.44,BUY
TWTR,2014-06-04,32.89,0.03,BUY
TWTR,2014-06-05,32.79,3.25,SELL
TWTR,2014-06-06,33.37,0.12,SELL
TWTR,2014-06-09,33.11,3.95,SELL
TWTR,2014-06-10,34.1,3.59,SELL
TWTR,2014-06-11,34.84,1.97,SELL
TWTR,2014-06-12,35.13,4.51,SELL
TWTR,2014-06-13,36.42,1.3,SELL
TWTR,2014-06-16,36.47,4.08,SELL
TWTR,2014-06-17,37.62,1.05,SELL
TWTR,2014-06-18,37.6,2.94,SELL
TWTR,2014-06-19,38.4,1.29,SELL
TWTR,2014-06-20,38.59,1.66,SELL
TWTR,2014-06-23,38.96,1.42,SELL
TWTR,2014-06-24,39.28,2.08,SELL
TWTR,2014-06-25,38.47,2.51,SELL
TWTR,2014-06-26,39.47,4.75,BUY
TWTR,2014-06-27,40.74,0.46,SELL
TWTR,2014-06-30,40.23,1.81,SELL
TWTR,2014-07-01,40.65,3.33,SELL
TWTR,2014-07-02,41.69,0.19,SELL
TWTR,2014-07-03,41.5,0.41,SELL
TWTR,2014-07-07,41.34,2.76,BUY
TWTR,2014-07-08,40.65,8.66,BUY
TWTR,2014-07-09,34.18,10.19,SELL
TWTR,2014-07-10,38.85,2.67,BUY
TWTR,2014-07-11,38.38,0.13,BUY
TWTR,2014-07-14,39.12,2.11,BUY
TWTR,2014-07-15,38.53,1.72,BUY
TWTR,2014-07-16,38.05,1.66,BUY
TWTR,2014-07-17,37.57,1.9,BUY
TWTR,2014-07-18,37.01,0.11,BUY
TWTR,2014-07-21,37.26,2.08,BUY
TWTR,2014-07-22,38.13,1.27,BUY
TWTR,2014-07-23,37.66,0.24,BUY
TWTR,2014-07-24,37.78,2.4,BUY
TWTR,2014-07-25,38.51,0.92,SELL
TWTR,2014-07-28,38,0.18,SELL
TWTR,2014-07-29,37.92,1.74,SELL
TWTR,2014-07-30,38.44,16.98,SELL
TWTR,2014-07-31,43.71,3.28,SELL
TWTR,2014-08-01,43.06,2.42,SELL
TWTR,2014-08-04,43.07,0.92,SELL
TWTR,2014-08-05,43.68,0.34,BUY
TWTR,2014-08-06,44.39,2.14,BUY
TWTR,2014-08-07,44.11,2.58,BUY
TWTR,2014-08-08,43.62,1.14,BUY
TWTR,2014-08-11,43.43,0.37,BUY
TWTR,2014-08-12,43.3,1.16,BUY
TWTR,2014-08-13,43.4,1.7,SELL
TWTR,2014-08-14,43.59,3.84,SELL
TWTR,2014-08-15,44.14,1.39,SELL
TWTR,2014-08-18,44.34,1.73,SELL
TWTR,2014-08-19,44.68,0.91,SELL
TWTR,2014-08-20,44.92,0.31,SELL
TWTR,2014-08-21,45,0.24,SELL
TWTR,2014-08-22,45.1,1.91,SELL
TWTR,2014-08-25,45.34,1.65,SELL
TWTR,2014-08-26,45.54,5.46,SELL
TWTR,2014-08-27,46.49,3.27,SELL
TWTR,2014-08-28,46.96,5,SELL
TWTR,2014-08-29,48.31,2.89,SELL
TWTR,2014-09-02,48.84,4.27,SELL
TWTR,2014-09-03,50.03,1.42,SELL
TWTR,2014-09-04,49.16,2.15,SELL
TWTR,2014-09-05,49.97,1.44,SELL
TWTR,2014-09-08,50.28,3.31,SELL
TWTR,2014-09-09,50.81,0.4,SELL
TWTR,2014-09-10,50.57,4.42,SELL
TWTR,2014-09-11,51.47,2.22,SELL
TWTR,2014-09-12,51.86,0.48,SELL
TWTR,2014-09-15,51.88,5.06,SELL
TWTR,2014-09-16,51.29,0.9,BUY
TWTR,2014-09-17,51.5,1.58,BUY
TWTR,2014-09-18,51.32,0.86,BUY
TWTR,2014-09-19,50.68,4.38,SELL
TWTR,2014-09-22,51.66,0.54,SELL
TWTR,2014-09-23,51.26,1.74,SELL
TWTR,2014-09-24,51.74,2.3,SELL
TWTR,2014-09-25,52.23,1.52,SELL
TWTR,2014-09-26,51.98,0.17,BUY
TWTR,2014-09-29,52.14,0.77,BUY
TWTR,2014-09-30,52.07,0.95,BUY
TWTR,2014-10-01,51.94,3.76,BUY
TWTR,2014-10-02,51.37,0.93,BUY
TWTR,2014-10-03,51.6,4.34,SELL
TWTR,2014-10-06,52.34,2.15,SELL
TWTR,2014-10-07,52.42,2.07,SELL
TWTR,2014-10-08,52.74,4.84,SELL
TWTR,2014-10-09,54.3,1.79,SELL
TWTR,2014-10-10,54.38,7.9,SELL
TWTR,2014-10-13,51.85,6.93,BUY
TWTR,2014-10-14,48.1,0.99,SELL
TWTR,2014-10-15,49.75,0.48,BUY
TWTR,2014-10-16,52.69,9.25,BUY
TWTR,2014-10-17,49.01,0.49,BUY
TWTR,2014-10-20,49.36,2.64,BUY
TWTR,2014-10-21,49.99,1.26,SELL
TWTR,2014-10-22,49.92,1.71,SELL
TWTR,2014-10-23,49.35,0.64,BUY
TWTR,2014-10-24,49.7,0.5,BUY
TWTR,2014-10-27,49.82,2.59,SELL
TWTR,2014-10-28,49.41,12.86,BUY
TWTR,2014-10-29,40.94,2.71,SELL
TWTR,2014-10-30,42.67,2.08,BUY
TWTR,2014-10-31,43.09,3.91,BUY
TWTR,2014-11-03,43.26,7.59,BUY
TWTR,2014-11-04,40.52,0.93,BUY
TWTR,2014-11-05,41.48,2.75,BUY
TWTR,2014-11-06,40.42,1.03,BUY
TWTR,2014-11-07,40.91,1.49,BUY
TWTR,2014-11-10,40.26,1.69,SELL
TWTR,2014-11-11,39.67,0.2,BUY
TWTR,2014-11-12,39.84,6.35,BUY
TWTR,2014-11-13,41.76,4.3,SELL
TWTR,2014-11-14,40.19,3.97,BUY
TWTR,2014-11-17,41.11,1.58,SELL
TWTR,2014-11-18,40.91,0.74,BUY
TWTR,2014-11-19,40.85,2.87,BUY
TWTR,2014-11-20,40.55,1.86,BUY
TWTR,2014-11-21,40.21,0.45,BUY
TWTR,2014-11-24,40.12,0.17,BUY
TWTR,2014-11-25,40.03,0.68,SELL
TWTR,2014-11-26,39.95,2.87,BUY
TWTR,2014-11-28,40.27,3.52,SELL
TWTR,2014-12-01,40.74,4.35,SELL
TWTR,2014-12-02,40.3,3.57,BUY
TWTR,2014-12-03,39.93,2.23,BUY
TWTR,2014-12-04,39.59,2.06,BUY
TWTR,2014-12-05,39.21,1.87,BUY
TWTR,2014-12-08,38.85,7.05,BUY
TWTR,2014-12-09,37.79,2,BUY
TWTR,2014-12-10,37.54,3.27,BUY
TWTR,2014-12-11,36.88,0.49,BUY
TWTR,2014-12-12,36.57,1.43,SELL
TWTR,2014-12-15,36.81,0.11,SELL
TWTR,2014-12-16,36.66,4.36,SELL
TWTR,2014-12-17,35.93,1.01,BUY
TWTR,2014-12-18,36.02,1.93,BUY
TWTR,2014-12-19,36.37,1.91,SELL
TWTR,2014-12-22,36.37,5.36,SELL
TWTR,2014-12-23,37.41,0.43,SELL
TWTR,2014-12-24,37.31,0.8,SELL
TWTR,2014-12-26,37.65,0.13,BUY
TWTR,2014-12-29,37.93,4.15,BUY
TWTR,2014-12-30,36.9,2.9,BUY
TWTR,2014-12-31,36.51,1.78,BUY
TWTR,2015-01-02,36.29,0.74,BUY
TWTR,2015-01-05,36.41,0.08,SELL
TWTR,2015-01-06,36.18,6.66,SELL
TWTR,2015-01-07,37.66,1.02,SELL
TWTR,2015-01-08,37.11,5.07,SELL
TWTR,2015-01-09,38.29,4.68,SELL
TWTR,2015-01-12,39.16,0.53,SELL
TWTR,2015-01-13,39.11,1.36,SELL
TWTR,2015-01-14,39.49,0.9,SELL
TWTR,2015-01-15,39.65,7.37,SELL
TWTR,2015-01-16,38.56,3.35,BUY
TWTR,2015-01-20,37.94,0.98,BUY
TWTR,2015-01-21,37.5,0.87,SELL
TWTR,2015-01-22,38.28,2.02,BUY
TWTR,2015-01-23,38.95,1.19,SELL
TWTR,2015-01-26,39.04,2.64,SELL
TWTR,2015-01-27,39.7,2,SELL
TWTR,2015-01-28,38.76,4.33,SELL
TWTR,2015-01-29,37.63,2.59,BUY
TWTR,2015-01-30,36.69,2.24,BUY
TWTR,2015-02-02,37.77,0.83,BUY
TWTR,2015-02-03,37.86,4.85,BUY
TWTR,2015-02-04,39.5,3,SELL
TWTR,2015-02-05,40.47,1.91,SELL
TWTR,2015-02-06,41.1,14.39,SELL
TWTR,2015-02-09,49.73,5.09,BUY
TWTR,2015-02-10,46.47,0.45,SELL
TWTR,2015-02-11,46.66,1.77,BUY
TWTR,2015-02-12,43.34,9.61,SELL
TWTR,2015-02-13,46.54,4.04,SELL
TWTR,2015-02-17,47.87,0.33,SELL
TWTR,2015-02-18,47.79,0.06,SELL
TWTR,2015-02-19,47.81,1.83,SELL
TWTR,2015-02-20,48.11,2.04,SELL
TWTR,2015-02-23,48.39,0.17,SELL
TWTR,2015-02-24,48.48,0.43,BUY
TWTR,2015-02-25,48.55,0,SELL
TWTR,2015-02-26,48.55,1.74,HOLD
TWTR,2015-02-27,48.83,1.56,SELL
TWTR,2015-03-02,48.65,1.04,BUY
TWTR,2015-03-03,48.57,1.8,BUY
TWTR,2015-03-04,48.3,1.53,BUY
TWTR,2015-03-05,48.14,1.67,BUY
TWTR,2015-03-06,47.89,2.44,BUY
TWTR,2015-03-09,47.5,0.19,BUY
TWTR,2015-03-10,47.48,3.58,SELL
TWTR,2015-03-11,46.94,1.45,BUY
TWTR,2015-03-12,46.8,0.57,BUY
TWTR,2015-03-13,46.73,0.15,SELL
TWTR,2015-03-16,46.7,0.58,BUY
TWTR,2015-03-17,46.64,0.62,BUY
TWTR,2015-03-18,46.64,1.19,SELL
TWTR,2015-03-19,46.82,2.32,SELL
TWTR,2015-03-20,47.17,2.62,SELL
TWTR,2015-03-23,47.5,1.98,SELL
TWTR,2015-03-24,47.79,7.15,SELL
TWTR,2015-03-25,49.46,0.08,SELL
TWTR,2015-03-26,49.03,1.78,SELL
TWTR,2015-03-27,49.84,0.34,SELL
TWTR,2015-03-30,49.57,0.64,SELL
TWTR,2015-03-31,49.93,0.3,BUY
TWTR,2015-04-01,50.03,0.87,SELL
TWTR,2015-04-02,50.05,0.73,SELL
TWTR,2015-04-06,50.15,1.36,SELL
TWTR,2015-04-07,50.33,4.8,SELL
TWTR,2015-04-08,51.31,1.89,SELL
TWTR,2015-04-09,51.75,0.81,SELL
TWTR,2015-04-10,52,0.12,SELL
TWTR,2015-04-13,51.29,0.64,SELL
TWTR,2015-04-14,51.47,0.53,SELL
TWTR,2015-04-15,51.39,0.18,BUY
TWTR,2015-04-16,51.41,1.19,BUY
TWTR,2015-04-17,51.77,2.19,SELL
TWTR,2015-04-20,51.26,0.27,BUY
TWTR,2015-04-21,51.65,0.64,BUY
TWTR,2015-04-22,51.09,1.24,SELL
TWTR,2015-04-23,51.85,0.86,BUY
TWTR,2015-04-24,51.46,1.26,BUY
TWTR,2015-04-27,51.18,0.93,BUY
TWTR,2015-04-28,51.7,22.31,BUY
TWTR,2015-04-29,47.63,23.75,BUY
TWTR,2015-04-30,35.2,9.65,SELL
TWTR,predict day 1,32.64,0,SELL
TWTR,predict day 2,33.3,0,UNKNOWN
