SNE,2015-05-01_09-40-49,30.23,0
SNE,2015-05-01_09-40-54,30.23,0
SNE,2015-05-01_09-40-59,30.23,0
SNE,2015-05-01_09-41-04,30.23,0
SNE,2015-05-01_09-41-09,30.23,0
SNE,2015-05-01_09-41-14,30.23,0
SNE,2015-05-01_09-41-19,30.23,0
SNE,2015-05-01_09-41-24,30.23,0
SNE,2015-05-01_09-41-29,30.23,0
SNE,2015-05-01_09-41-34,30.23,0
SNE,2015-05-01_09-41-39,30.23,0
SNE,2015-05-01_09-41-44,30.23,0
SNE,2015-05-01_09-41-49,30.23,0
SNE,2015-05-01_09-41-54,30.23,0
SNE,2015-05-01_09-41-59,30.23,0
SNE,2015-05-01_09-42-04,30.23,0
SNE,2015-05-01_09-42-09,30.23,0
SNE,2015-05-01_09-42-14,30.23,0
SNE,2015-05-01_09-42-19,30.23,0
SNE,2015-05-01_09-42-24,30.23,0
SNE,2015-05-01_09-42-29,30.23,0
SNE,2015-05-01_09-42-34,30.23,0
SNE,2015-05-01_09-42-39,30.23,0
SNE,2015-05-01_09-42-44,30.23,0
SNE,2015-05-01_09-42-49,30.23,0
SNE,2015-05-01_09-42-54,30.23,0
SNE,2015-05-01_09-42-59,30.23,0
SNE,2015-05-01_09-43-04,30.23,0
SNE,2015-05-01_09-43-09,30.23,0
SNE,2015-05-01_09-43-14,30.23,0
SNE,2015-05-01_09-43-19,30.23,0
SNE,2015-05-01_09-43-24,30.23,0
SNE,2015-05-01_09-43-29,30.23,0
SNE,2015-05-01_09-43-34,30.23,0
SNE,2015-05-01_09-43-39,30.23,0
SNE,2015-05-01_09-43-44,30.23,0
SNE,2015-05-01_09-43-49,30.23,0
SNE,2015-05-01_09-43-54,30.23,0
SNE,2015-05-01_09-43-59,30.23,0
SNE,2015-05-01_09-44-07,30.23,0
SNE,2015-05-01_09-44-12,30.23,0
SNE,2015-05-01_09-44-17,30.23,0
SNE,2015-05-01_09-44-22,30.23,0
SNE,2015-05-01_09-44-27,30.23,0
SNE,2015-05-01_09-44-32,30.23,0
SNE,2015-05-01_09-44-37,30.23,0
SNE,2015-05-01_09-44-42,30.23,0
SNE,2015-05-01_09-44-47,30.23,0
SNE,2015-05-01_09-44-52,30.23,0
SNE,2015-05-01_09-44-57,30.23,0
SNE,2015-05-01_09-45-02,30.23,0
SNE,2015-05-01_09-45-07,30.23,0
SNE,2015-05-01_09-45-12,30.23,0
SNE,2015-05-01_09-45-17,30.23,0
SNE,2015-05-01_09-45-22,30.23,0
SNE,2015-05-01_09-45-27,30.23,0
SNE,2015-05-01_09-45-32,30.23,0
SNE,2015-05-01_09-45-37,30.23,0
SNE,2015-05-01_09-45-42,30.23,0
SNE,2015-05-01_09-45-47,30.23,0
SNE,2015-05-01_09-45-52,30.23,0
SNE,2015-05-01_09-45-57,30.23,0
SNE,2015-05-01_09-46-02,30.23,0
SNE,2015-05-01_09-46-07,30.23,0
SNE,2015-05-01_09-46-12,30.23,0
SNE,2015-05-01_09-46-17,30.23,0
SNE,2015-05-01_09-46-22,30.23,0
SNE,2015-05-01_09-46-27,30.23,0
SNE,2015-05-01_09-46-32,30.23,0
SNE,2015-05-01_09-46-37,30.23,0
SNE,2015-05-01_09-46-42,30.23,0
SNE,2015-05-01_09-46-47,30.23,0
SNE,2015-05-01_09-46-52,30.23,0
SNE,2015-05-01_09-46-57,30.23,0
SNE,2015-05-01_09-47-02,30.23,0
SNE,2015-05-01_09-47-07,30.23,0
SNE,2015-05-01_09-47-12,30.23,0
SNE,2015-05-01_09-47-17,30.23,0
SNE,2015-05-01_09-47-22,30.23,0
SNE,2015-05-01_09-47-27,30.23,0
SNE,2015-05-01_09-47-32,30.23,0
SNE,2015-05-01_09-47-37,30.23,0
SNE,2015-05-01_09-47-42,30.23,0
SNE,2015-05-01_09-47-47,30.23,0
SNE,2015-05-01_09-47-52,30.23,0
SNE,2015-05-01_09-47-57,30.23,0
SNE,2015-05-01_09-48-02,30.23,0
SNE,2015-05-01_09-48-07,30.23,0
SNE,2015-05-01_09-48-12,30.23,0
SNE,2015-05-01_09-48-17,30.23,0
SNE,2015-05-01_09-48-22,30.23,0
SNE,2015-05-01_09-48-27,30.23,0
SNE,2015-05-01_09-48-32,30.23,0
SNE,2015-05-01_09-48-37,30.23,0
SNE,2015-05-01_09-48-42,30.23,0
SNE,2015-05-01_09-48-47,30.23,0
SNE,2015-05-01_09-48-52,30.23,0
SNE,2015-05-01_09-48-57,30.23,0
SNE,2015-05-01_09-49-02,30.23,0
SNE,2015-05-01_09-49-07,30.23,0
SNE,2015-05-01_09-49-12,30.23,0
SNE,2015-05-01_09-49-17,30.23,0
SNE,2015-05-01_09-49-22,30.23,0
SNE,2015-05-01_09-49-27,30.23,0
SNE,2015-05-01_09-49-32,30.23,0
SNE,2015-05-01_09-49-37,30.23,0
SNE,2015-05-01_09-49-42,30.23,0
SNE,2015-05-01_09-49-47,30.23,0
SNE,2015-05-01_09-49-52,30.23,0
SNE,2015-05-01_09-49-57,30.23,0
SNE,2015-05-01_09-50-02,30.23,0
SNE,2015-05-01_09-50-07,30.23,0
SNE,2015-05-01_09-50-12,30.23,0
SNE,2015-05-01_09-50-17,30.23,0
SNE,2015-05-01_09-50-22,30.23,0
SNE,2015-05-01_09-50-27,30.23,0
SNE,2015-05-01_09-50-32,30.23,0
SNE,2015-05-01_09-50-37,30.23,0
SNE,2015-05-01_09-50-42,30.23,0
SNE,2015-05-01_09-50-47,30.23,0
SNE,2015-05-01_09-50-52,30.23,0
SNE,2015-05-01_09-50-57,30.23,0
SNE,2015-05-01_09-51-02,30.23,0
SNE,2015-05-01_09-51-07,30.23,0
SNE,2015-05-01_09-51-12,30.23,0
SNE,2015-05-01_09-51-17,30.23,0
SNE,2015-05-01_09-51-22,30.23,0
SNE,2015-05-01_09-51-27,30.23,0
SNE,2015-05-01_09-51-32,30.23,0
SNE,2015-05-01_09-51-37,30.23,0
SNE,2015-05-01_09-51-42,30.23,0
SNE,2015-05-01_09-51-47,30.23,0
SNE,2015-05-01_09-51-52,30.23,0
SNE,2015-05-01_09-51-57,30.23,0
SNE,2015-05-01_09-52-02,30.23,0
SNE,2015-05-01_09-52-07,30.23,0
SNE,2015-05-01_09-52-12,30.23,0
SNE,2015-05-01_09-52-17,30.23,0
SNE,2015-05-01_09-52-22,30.23,0
SNE,2015-05-01_09-52-27,30.23,0
SNE,2015-05-01_09-52-32,30.23,0
SNE,2015-05-01_09-52-37,30.23,0
SNE,2015-05-01_09-52-42,30.23,0
SNE,2015-05-01_09-52-47,30.23,0
SNE,2015-05-01_09-52-52,30.23,0
SNE,2015-05-01_09-52-57,30.23,0
SNE,2015-05-01_09-53-02,30.23,0
SNE,2015-05-01_09-53-07,30.23,0
SNE,2015-05-01_09-53-12,30.23,0
SNE,2015-05-01_09-53-17,30.23,0
SNE,2015-05-01_09-53-22,30.23,0
SNE,2015-05-01_09-53-27,30.23,0
SNE,2015-05-01_09-53-32,30.23,0
SNE,2015-05-01_09-53-37,30.23,0
SNE,2015-05-01_09-53-42,30.23,0
SNE,2015-05-01_09-53-47,30.23,0
SNE,2015-05-01_09-53-52,30.23,0
SNE,2015-05-01_09-53-57,30.23,0
SNE,2015-05-01_09-54-02,30.23,0
SNE,2015-05-01_09-54-07,30.23,0
SNE,2015-05-01_09-54-12,30.23,0
SNE,2015-05-01_09-54-17,30.23,0
SNE,2015-05-01_09-54-22,30.23,0
SNE,2015-05-01_09-54-27,30.23,0
SNE,2015-05-01_09-54-32,30.23,0
SNE,2015-05-01_09-54-37,30.23,0
SNE,2015-05-01_09-54-42,30.23,0
SNE,2015-05-01_09-54-47,30.23,0
SNE,2015-05-01_09-54-52,30.23,0
SNE,2015-05-01_09-54-57,30.23,0
SNE,2015-05-01_09-55-02,30.23,0
SNE,2015-05-01_09-55-07,30.23,0
SNE,2015-05-01_09-55-12,30.23,0
SNE,2015-05-01_09-55-17,30.23,0
SNE,2015-05-01_09-55-22,30.23,0
SNE,2015-05-01_09-55-27,30.23,0
SNE,2015-05-01_09-55-32,30.23,0
SNE,2015-05-01_09-55-37,30.23,0
SNE,2015-05-01_09-55-42,30.23,0
SNE,2015-05-01_09-55-47,30.23,0
SNE,2015-05-01_09-55-52,30.23,0
SNE,2015-05-01_09-55-57,30.23,0
SNE,2015-05-01_09-56-02,30.23,0
SNE,2015-05-01_09-56-07,30.23,0
SNE,2015-05-01_09-56-12,30.23,0
SNE,2015-05-01_09-56-17,30.23,0
SNE,2015-05-01_09-56-22,30.23,0
SNE,2015-05-01_09-56-27,30.23,0
SNE,2015-05-01_09-56-32,30.23,0
SNE,2015-05-01_09-56-37,30.23,0
SNE,2015-05-01_09-56-42,30.23,0
SNE,2015-05-01_09-56-47,30.23,0
SNE,2015-05-01_09-56-52,30.23,0
SNE,2015-05-01_09-56-57,30.23,0
SNE,2015-05-01_09-57-02,30.23,0
SNE,2015-05-01_09-57-07,30.23,0
SNE,2015-05-01_09-57-12,30.23,0
SNE,2015-05-01_09-57-17,30.23,0
SNE,2015-05-01_09-57-22,30.23,0
SNE,2015-05-01_09-57-27,30.23,0
SNE,2015-05-01_09-57-32,30.23,0
SNE,2015-05-01_09-57-37,30.23,0
SNE,2015-05-01_09-57-42,30.23,0
SNE,2015-05-01_09-57-47,30.23,0
SNE,2015-05-01_09-57-52,30.23,0
SNE,2015-05-01_09-57-57,30.23,0
SNE,2015-05-01_09-58-02,30.23,0
SNE,2015-05-01_09-58-07,30.23,0
SNE,2015-05-01_09-58-12,30.23,0
SNE,2015-05-01_09-58-17,30.23,0
SNE,2015-05-01_09-58-22,30.23,0
SNE,2015-05-01_09-58-27,30.23,0
SNE,2015-05-01_09-58-32,30.23,0
SNE,2015-05-01_09-58-37,30.23,0
SNE,2015-05-01_09-58-42,30.23,0
SNE,2015-05-01_09-58-47,30.23,0
SNE,2015-05-01_09-58-52,30.23,0
SNE,2015-05-01_09-58-57,30.23,0
SNE,2015-05-01_09-59-02,30.23,0
SNE,2015-05-01_09-59-07,30.23,0
SNE,2015-05-01_09-59-12,30.23,0
SNE,2015-05-01_09-59-17,30.23,0
SNE,2015-05-01_09-59-22,30.23,0
SNE,2015-05-01_09-59-27,30.23,0
SNE,2015-05-01_09-59-32,30.23,0
SNE,2015-05-01_09-59-37,30.23,0
SNE,2015-05-01_09-59-42,30.23,0
SNE,2015-05-01_09-59-47,30.23,0
SNE,2015-05-01_09-59-52,30.23,0
SNE,2015-05-01_09-59-57,30.23,0
SNE,2015-05-01_10-00-02,30.23,0
SNE,2015-05-01_10-00-07,30.23,0
SNE,2015-05-01_10-00-12,30.23,0
SNE,2015-05-01_10-00-17,30.23,0
SNE,2015-05-01_10-00-22,30.23,0
SNE,2015-05-01_10-00-27,30.23,0
SNE,2015-05-01_10-00-32,30.23,0
SNE,2015-05-01_10-00-37,30.23,0
SNE,2015-05-01_10-00-42,30.23,0
SNE,2015-05-01_10-00-47,30.23,0
SNE,2015-05-01_10-00-52,30.23,0
SNE,2015-05-01_10-00-57,30.23,0
SNE,2015-05-01_10-01-02,30.23,0
SNE,2015-05-01_10-01-07,30.23,0
SNE,2015-05-01_10-01-12,30.23,0
SNE,2015-05-01_10-01-17,30.23,0
SNE,2015-05-01_10-01-22,30.23,0
SNE,2015-05-01_10-01-27,30.23,0
SNE,2015-05-01_10-01-32,30.23,0
SNE,2015-05-01_10-01-37,30.23,0
SNE,2015-05-01_10-01-42,30.23,0
SNE,2015-05-01_10-01-47,30.23,0
SNE,2015-05-01_10-01-52,30.23,0
SNE,2015-05-01_10-01-57,30.23,0
SNE,2015-05-01_10-02-02,30.23,0
SNE,2015-05-01_10-02-07,30.23,0
SNE,2015-05-01_10-02-12,30.23,0
SNE,2015-05-01_10-02-17,30.23,0
SNE,2015-05-01_10-02-22,30.23,0
SNE,2015-05-01_10-02-27,30.23,0
SNE,2015-05-01_10-02-32,30.23,0
SNE,2015-05-01_10-02-37,30.23,0
SNE,2015-05-01_10-02-42,30.23,0
SNE,2015-05-01_10-02-47,30.23,0
SNE,2015-05-01_10-02-52,30.23,0
SNE,2015-05-01_10-02-57,30.23,0
SNE,2015-05-01_10-03-02,30.23,0
SNE,2015-05-01_10-03-07,30.23,0
SNE,2015-05-01_10-03-12,30.23,0
SNE,2015-05-01_10-03-17,30.23,0
SNE,2015-05-01_10-03-22,30.23,0
SNE,2015-05-01_10-03-27,30.23,0
SNE,2015-05-01_10-03-32,30.23,0
SNE,2015-05-01_10-03-37,30.23,0
SNE,2015-05-01_10-03-42,30.23,0
SNE,2015-05-01_10-03-47,30.23,0
SNE,2015-05-01_10-03-52,30.23,0
SNE,2015-05-01_10-03-57,30.23,0
SNE,2015-05-01_10-04-02,30.23,0
SNE,2015-05-01_10-04-07,30.23,0
SNE,2015-05-01_10-04-12,30.23,0
SNE,2015-05-01_10-04-17,30.23,0
SNE,2015-05-01_10-04-22,30.23,0
SNE,2015-05-01_10-04-27,30.23,0
SNE,2015-05-01_10-04-32,30.23,0
SNE,2015-05-01_10-04-37,30.23,0
SNE,2015-05-01_10-04-42,30.23,0
SNE,2015-05-01_10-04-47,30.23,0
SNE,2015-05-01_10-04-52,30.23,0
SNE,2015-05-01_10-04-57,30.23,0
SNE,2015-05-01_10-05-02,30.23,0
SNE,2015-05-01_10-05-07,30.23,0
SNE,2015-05-01_10-05-12,30.23,0
SNE,2015-05-01_10-05-17,30.23,0
SNE,2015-05-01_10-05-22,30.23,0
SNE,2015-05-01_10-05-27,30.23,0
SNE,2015-05-01_10-05-32,30.23,0
SNE,2015-05-01_10-05-37,30.23,0
SNE,2015-05-01_10-05-42,30.23,0
SNE,2015-05-01_10-05-47,30.23,0
SNE,2015-05-01_10-05-52,30.23,0
SNE,2015-05-01_10-05-57,30.23,0
SNE,2015-05-01_10-06-02,30.23,0
SNE,2015-05-01_10-06-07,30.23,0
SNE,2015-05-01_10-06-12,30.23,0
SNE,2015-05-01_10-06-17,30.23,0
SNE,2015-05-01_10-06-22,30.23,0
SNE,2015-05-01_10-06-27,30.23,0
SNE,2015-05-01_10-06-32,30.23,0
SNE,2015-05-01_10-06-37,30.23,0
SNE,2015-05-01_10-06-42,30.23,0
SNE,2015-05-01_10-06-47,30.23,0
SNE,2015-05-01_10-06-52,30.23,0
SNE,2015-05-01_10-06-57,30.23,0
SNE,2015-05-01_10-07-02,30.23,0
SNE,2015-05-01_10-07-07,30.23,0
SNE,2015-05-01_10-07-12,30.23,0
SNE,2015-05-01_10-07-17,30.23,0
SNE,2015-05-01_10-07-22,30.23,0
SNE,2015-05-01_10-07-27,30.23,0
SNE,2015-05-01_10-07-32,30.23,0
SNE,2015-05-01_10-07-37,30.23,0
SNE,2015-05-01_10-07-42,30.23,0
SNE,2015-05-01_10-07-47,30.23,0
SNE,2015-05-01_10-07-52,30.23,0
SNE,2015-05-01_10-07-57,30.23,0
SNE,2015-05-01_10-08-02,30.23,0
SNE,2015-05-01_10-08-07,30.23,0
SNE,2015-05-01_10-08-12,30.23,0
SNE,2015-05-01_10-08-17,30.23,0
SNE,2015-05-01_10-08-22,30.23,0
SNE,2015-05-01_10-08-27,30.23,0
SNE,2015-05-01_10-08-32,30.23,0
SNE,2015-05-01_10-08-37,30.23,0
SNE,2015-05-01_10-08-42,30.23,0
SNE,2015-05-01_10-08-47,30.23,0
SNE,2015-05-01_10-08-52,30.23,0
SNE,2015-05-01_10-08-57,30.23,0
SNE,2015-05-01_10-09-02,30.23,0
SNE,2015-05-01_10-09-07,30.23,0
SNE,2015-05-01_10-09-12,30.23,0
SNE,2015-05-01_10-09-17,30.23,0
SNE,2015-05-01_10-09-22,30.23,0
SNE,2015-05-01_10-09-27,30.23,0
SNE,2015-05-01_10-09-32,30.23,0
SNE,2015-05-01_10-09-37,30.23,0
SNE,2015-05-01_10-09-42,30.23,0
SNE,2015-05-01_10-09-47,30.23,0
SNE,2015-05-01_10-09-52,30.23,0
SNE,2015-05-01_10-09-57,30.23,0
SNE,2015-05-01_10-10-02,30.23,0
SNE,2015-05-01_10-10-07,30.23,0
SNE,2015-05-01_10-10-12,30.23,0
SNE,2015-05-01_10-10-17,30.23,0
SNE,2015-05-01_10-10-22,30.23,0
SNE,2015-05-01_10-10-27,30.23,0
SNE,2015-05-01_10-10-32,30.23,0
SNE,2015-05-01_10-10-37,30.23,0
SNE,2015-05-01_10-10-42,30.23,0
SNE,2015-05-01_10-10-47,30.23,0
SNE,2015-05-01_10-10-52,30.23,0
SNE,2015-05-01_10-10-57,30.23,0
SNE,2015-05-01_10-11-02,30.23,0
SNE,2015-05-01_10-11-07,30.23,0
SNE,2015-05-01_10-11-12,30.23,0
SNE,2015-05-01_10-11-17,30.23,0
SNE,2015-05-01_10-11-22,30.23,0
SNE,2015-05-01_10-11-27,30.23,0
SNE,2015-05-01_10-11-32,30.23,0
SNE,2015-05-01_10-11-37,30.23,0
SNE,2015-05-01_10-11-42,30.23,0
SNE,2015-05-01_10-11-47,30.23,0
SNE,2015-05-01_10-11-52,30.23,0
SNE,2015-05-01_10-11-57,30.23,0
SNE,2015-05-01_10-12-02,30.23,0
SNE,2015-05-01_10-12-07,30.23,0
SNE,2015-05-01_10-12-12,30.23,0
SNE,2015-05-01_10-12-17,30.23,0
SNE,2015-05-01_10-12-22,30.23,0
SNE,2015-05-01_10-12-27,30.23,0
SNE,2015-05-01_10-12-32,30.23,0
SNE,2015-05-01_10-12-37,30.23,0
SNE,2015-05-01_10-12-42,30.23,0
SNE,2015-05-01_10-12-47,30.23,0
SNE,2015-05-01_10-12-52,30.23,0
SNE,2015-05-01_10-12-57,30.23,0
SNE,2015-05-01_10-13-02,30.23,0
SNE,2015-05-01_10-13-07,30.23,0
SNE,2015-05-01_10-13-12,30.23,0
SNE,2015-05-01_10-13-17,30.23,0
SNE,2015-05-01_10-13-22,30.23,0
SNE,2015-05-01_10-13-27,30.23,0
SNE,2015-05-01_10-13-32,30.23,0
SNE,2015-05-01_10-13-37,30.23,0
SNE,2015-05-01_10-13-42,30.23,0
SNE,2015-05-01_10-13-47,30.23,0
SNE,2015-05-01_10-13-52,30.23,0
SNE,2015-05-01_10-13-57,30.23,0
SNE,2015-05-01_10-14-02,30.23,0
SNE,2015-05-01_10-14-07,30.23,0
SNE,2015-05-01_10-14-12,30.23,0
SNE,2015-05-01_10-14-17,30.23,0
SNE,2015-05-01_10-14-22,30.23,0
SNE,2015-05-01_10-14-27,30.23,0
SNE,2015-05-01_10-14-32,30.23,0
SNE,2015-05-01_10-14-37,30.23,0
SNE,2015-05-01_10-14-42,30.23,0
SNE,2015-05-01_10-14-47,30.23,0
SNE,2015-05-01_10-14-52,30.23,0
SNE,2015-05-01_10-14-57,30.23,0
SNE,2015-05-01_10-15-02,30.23,0
SNE,2015-05-01_10-15-07,30.23,0
SNE,2015-05-01_10-15-12,30.23,0
SNE,2015-05-01_10-15-17,30.23,0
SNE,2015-05-01_10-15-22,30.23,0
SNE,2015-05-01_10-15-27,30.23,0
SNE,2015-05-01_10-15-32,30.23,0
SNE,2015-05-01_10-15-37,30.23,0
SNE,2015-05-01_10-15-42,30.23,0
SNE,2015-05-01_10-15-47,30.23,0
SNE,2015-05-01_10-15-52,30.23,0
SNE,2015-05-01_10-15-57,30.23,0
SNE,2015-05-01_10-16-02,30.23,0
SNE,2015-05-01_10-16-07,30.23,0
SNE,2015-05-01_10-16-12,30.23,0
SNE,2015-05-01_10-16-17,30.23,0
SNE,2015-05-01_10-16-22,30.23,0
SNE,2015-05-01_10-16-27,30.23,0
SNE,2015-05-01_10-16-32,30.23,0
SNE,2015-05-01_10-16-37,30.23,0
SNE,2015-05-01_10-16-42,30.23,0
SNE,2015-05-01_10-16-47,30.23,0
SNE,2015-05-01_10-16-52,30.23,0
SNE,2015-05-01_10-16-57,30.23,0
SNE,2015-05-01_10-17-02,30.23,0
SNE,2015-05-01_10-17-07,30.23,0
SNE,2015-05-01_10-17-12,30.23,0
SNE,2015-05-01_10-17-17,30.23,0
SNE,2015-05-01_10-17-22,30.23,0
SNE,2015-05-01_10-17-27,30.23,0
SNE,2015-05-01_10-17-32,30.23,0
SNE,2015-05-01_10-17-37,30.23,0
SNE,2015-05-01_10-17-42,30.23,0
SNE,2015-05-01_10-17-47,30.23,0
SNE,2015-05-01_10-17-52,30.23,0
SNE,2015-05-01_10-17-57,30.23,0
SNE,2015-05-01_10-18-02,30.23,0
SNE,2015-05-01_10-18-07,30.23,0
SNE,2015-05-01_10-18-12,30.23,0
SNE,2015-05-01_10-18-17,30.23,0
SNE,2015-05-01_10-18-22,30.23,0
SNE,2015-05-01_10-18-27,30.23,0
SNE,2015-05-01_10-18-32,30.23,0
SNE,2015-05-01_10-18-37,30.23,0
SNE,2015-05-01_10-18-42,30.23,0
SNE,2015-05-01_10-18-47,30.23,0
SNE,2015-05-01_10-18-52,30.23,0
SNE,2015-05-01_10-18-57,30.23,0
SNE,2015-05-01_10-19-02,30.23,0
SNE,2015-05-01_10-19-07,30.23,0
SNE,2015-05-01_10-19-12,30.23,0
SNE,2015-05-01_10-19-17,30.23,0
SNE,2015-05-01_10-19-22,30.23,0
SNE,2015-05-01_10-19-27,30.23,0
SNE,2015-05-01_10-19-32,30.23,0
SNE,2015-05-01_10-19-37,30.23,0
SNE,2015-05-01_10-19-42,30.23,0
SNE,2015-05-01_10-19-47,30.23,0
SNE,2015-05-01_10-19-52,30.23,0
SNE,2015-05-01_10-19-57,30.23,0
SNE,2015-05-01_10-20-02,30.23,0
SNE,2015-05-01_10-20-07,30.23,0
SNE,2015-05-01_10-20-12,30.23,0
SNE,2015-05-01_10-20-17,30.23,0
SNE,2015-05-01_10-20-22,30.23,0
SNE,2015-05-01_10-20-27,30.23,0
SNE,2015-05-01_10-20-32,30.23,0
SNE,2015-05-01_10-20-37,30.23,0
SNE,2015-05-01_10-20-42,30.23,0
SNE,2015-05-01_10-20-47,30.23,0
SNE,2015-05-01_10-20-52,30.23,0
SNE,2015-05-01_10-20-57,30.23,0
SNE,2015-05-01_10-21-02,30.23,0
SNE,2015-05-01_10-21-07,30.23,0
SNE,2015-05-01_10-21-12,30.23,0
SNE,2015-05-01_10-21-17,30.23,0
SNE,2015-05-01_10-21-22,30.23,0
SNE,2015-05-01_10-21-27,30.23,0
SNE,2015-05-01_10-21-32,30.23,0
SNE,2015-05-01_10-21-37,30.23,0
SNE,2015-05-01_10-21-42,30.23,0
SNE,2015-05-01_10-21-47,30.23,0
SNE,2015-05-01_10-21-52,30.23,0
SNE,2015-05-01_10-21-57,30.23,0
SNE,2015-05-01_10-22-02,30.23,0
SNE,2015-05-01_10-22-07,30.23,0
SNE,2015-05-01_10-22-12,30.23,0
SNE,2015-05-01_10-22-17,30.23,0
SNE,2015-05-01_10-22-22,30.23,0
SNE,2015-05-01_10-22-27,30.23,0
SNE,2015-05-01_10-22-32,30.23,0
SNE,2015-05-01_10-22-37,30.23,0
SNE,2015-05-01_10-22-42,30.23,0
SNE,2015-05-01_10-22-47,30.23,0
SNE,2015-05-01_10-22-52,30.23,0
SNE,2015-05-01_10-22-57,30.23,0
SNE,2015-05-01_10-23-02,30.23,0
SNE,2015-05-01_10-23-07,30.23,0
SNE,2015-05-01_10-23-12,30.23,0
SNE,2015-05-01_10-23-17,30.23,0
SNE,2015-05-01_10-23-22,30.23,0
SNE,2015-05-01_10-23-27,30.23,0
SNE,2015-05-01_10-23-32,30.23,0
SNE,2015-05-01_10-23-37,30.23,0
SNE,2015-05-01_10-23-42,30.23,0
SNE,2015-05-01_10-23-47,30.23,0
SNE,2015-05-01_10-23-52,30.23,0
SNE,2015-05-01_10-23-57,30.23,0
SNE,2015-05-01_10-24-02,30.23,0
SNE,2015-05-01_10-24-07,30.23,0
SNE,2015-05-01_10-24-12,30.23,0
SNE,2015-05-01_10-24-17,30.23,0
SNE,2015-05-01_10-24-22,30.23,0
SNE,2015-05-01_10-24-27,30.23,0
SNE,2015-05-01_10-24-32,30.23,0
SNE,2015-05-01_10-24-37,30.23,0
SNE,2015-05-01_10-24-42,30.23,0
SNE,2015-05-01_10-24-47,30.23,0
SNE,2015-05-01_10-24-52,30.23,0
SNE,2015-05-01_10-24-57,30.23,0
SNE,2015-05-01_10-25-02,30.23,0
SNE,2015-05-01_10-25-07,30.23,0
SNE,2015-05-01_10-25-12,30.23,0
SNE,2015-05-01_10-25-17,30.23,0
SNE,2015-05-01_10-25-22,30.23,0
SNE,2015-05-01_10-25-27,30.23,0
SNE,2015-05-01_10-25-32,30.23,0
SNE,2015-05-01_10-25-37,30.23,0
SNE,2015-05-01_10-25-42,30.23,0
SNE,2015-05-01_10-25-47,30.23,0
SNE,2015-05-01_10-25-52,30.23,0
SNE,2015-05-01_10-25-57,30.23,0
SNE,2015-05-01_10-26-02,30.23,0
SNE,2015-05-01_10-26-07,30.23,0
SNE,2015-05-01_10-26-12,30.23,0
SNE,2015-05-01_10-26-17,30.23,0
SNE,2015-05-01_10-26-22,30.23,0
SNE,2015-05-01_10-26-27,30.23,0
SNE,2015-05-01_10-26-32,30.23,0
SNE,2015-05-01_10-26-37,30.23,0
SNE,2015-05-01_10-26-42,30.23,0
SNE,2015-05-01_10-26-47,30.23,0
SNE,2015-05-01_10-26-52,30.23,0
SNE,2015-05-01_10-26-57,30.23,0
SNE,2015-05-01_10-27-02,30.23,0
SNE,2015-05-01_10-27-07,30.23,0
SNE,2015-05-01_10-27-12,30.23,0
SNE,2015-05-01_10-27-17,30.23,0
SNE,2015-05-01_10-27-22,30.23,0
SNE,2015-05-01_10-27-27,30.23,0
SNE,2015-05-01_10-27-32,30.23,0
SNE,2015-05-01_10-27-37,30.23,0
SNE,2015-05-01_10-27-42,30.23,0
SNE,2015-05-01_10-27-47,30.23,0
SNE,2015-05-01_10-27-52,30.23,0
SNE,2015-05-01_10-27-57,30.23,0
SNE,2015-05-01_10-28-02,30.23,0
SNE,2015-05-01_10-28-07,30.23,0
SNE,2015-05-01_10-28-12,30.23,0
SNE,2015-05-01_10-28-17,30.23,0
SNE,2015-05-01_10-28-22,30.23,0
SNE,2015-05-01_10-28-27,30.23,0
SNE,2015-05-01_10-28-32,30.23,0
SNE,2015-05-01_10-28-37,30.23,0
SNE,2015-05-01_10-28-42,30.23,0
SNE,2015-05-01_10-28-47,30.23,0
SNE,2015-05-01_10-28-52,30.23,0
SNE,2015-05-01_10-28-57,30.23,0
SNE,2015-05-01_10-29-02,30.23,0
SNE,2015-05-01_10-29-07,30.23,0
SNE,2015-05-01_10-29-12,30.23,0
SNE,2015-05-01_10-29-17,30.23,0
SNE,2015-05-01_10-29-22,30.23,0
SNE,2015-05-01_10-29-27,30.23,0
SNE,2015-05-01_10-29-32,30.23,0
SNE,2015-05-01_10-29-37,30.23,0
SNE,2015-05-01_10-29-42,30.23,0
SNE,2015-05-01_10-29-47,30.23,0
SNE,2015-05-01_10-29-52,30.23,0
SNE,2015-05-01_10-29-57,30.23,0
SNE,2015-05-01_10-30-02,30.23,0
SNE,2015-05-01_10-30-07,30.23,0
SNE,2015-05-01_10-30-12,30.23,0
SNE,2015-05-01_10-30-17,30.23,0
SNE,2015-05-01_10-30-22,30.23,0
SNE,2015-05-01_10-30-27,30.23,0
SNE,2015-05-01_10-30-32,30.23,0
SNE,2015-05-01_10-30-37,30.23,0
SNE,2015-05-01_10-30-42,30.23,0
SNE,2015-05-01_10-30-47,30.23,0
SNE,2015-05-01_10-30-52,30.23,0
SNE,2015-05-01_10-30-57,30.23,0
SNE,2015-05-01_10-31-02,30.23,0
SNE,2015-05-01_10-31-07,30.23,0
SNE,2015-05-01_10-31-12,30.23,0
SNE,2015-05-01_10-31-17,30.23,0
SNE,2015-05-01_10-31-22,30.23,0
SNE,2015-05-01_10-31-27,30.23,0
SNE,2015-05-01_10-31-32,30.23,0
SNE,2015-05-01_10-31-37,30.23,0
SNE,2015-05-01_10-31-42,30.23,0
SNE,2015-05-01_10-31-47,30.23,0
SNE,2015-05-01_10-31-52,30.23,0
SNE,2015-05-01_10-31-57,30.23,0
SNE,2015-05-01_10-32-02,30.23,0
SNE,2015-05-01_10-32-07,30.23,0
SNE,2015-05-01_10-32-12,30.23,0
SNE,2015-05-01_10-32-17,30.23,0
SNE,2015-05-01_10-32-22,30.23,0
SNE,2015-05-01_10-32-27,30.23,0
SNE,2015-05-01_10-32-32,30.23,0
SNE,2015-05-01_10-32-37,30.23,0
SNE,2015-05-01_10-32-42,30.23,0
SNE,2015-05-01_10-32-47,30.23,0
SNE,2015-05-01_10-32-52,30.23,0
SNE,2015-05-01_10-32-57,30.23,0
SNE,2015-05-01_10-33-02,30.23,0
SNE,2015-05-01_10-33-07,30.23,0
SNE,2015-05-01_10-33-12,30.23,0
SNE,2015-05-01_10-33-17,30.23,0
SNE,2015-05-01_10-33-22,30.23,0
SNE,2015-05-01_10-33-27,30.23,0
SNE,2015-05-01_10-33-32,30.23,0
SNE,2015-05-01_10-33-37,30.23,0
SNE,2015-05-01_10-33-42,30.23,0
SNE,2015-05-01_10-33-47,30.23,0
SNE,2015-05-01_10-33-52,30.23,0
SNE,2015-05-01_10-33-57,30.23,0
SNE,2015-05-01_10-34-02,30.23,0
SNE,2015-05-01_10-34-07,30.23,0
SNE,2015-05-01_10-34-12,30.23,0
SNE,2015-05-01_10-34-17,30.23,0
SNE,2015-05-01_10-34-22,30.23,0
SNE,2015-05-01_10-34-27,30.23,0
SNE,2015-05-01_10-34-32,30.23,0
SNE,2015-05-01_10-34-37,30.23,0
SNE,2015-05-01_10-34-42,30.23,0
SNE,2015-05-01_10-34-47,30.23,0
SNE,2015-05-01_10-34-52,30.23,0
SNE,2015-05-01_10-34-57,30.23,0
SNE,2015-05-01_10-35-02,30.23,0
SNE,2015-05-01_10-35-07,30.23,0
SNE,2015-05-01_10-35-12,30.23,0
SNE,2015-05-01_10-35-17,30.23,0
SNE,2015-05-01_10-35-22,30.23,0
SNE,2015-05-01_10-35-27,30.23,0
SNE,2015-05-01_10-35-32,30.23,0
SNE,2015-05-01_10-35-37,30.23,0
SNE,2015-05-01_10-35-42,30.23,0
SNE,2015-05-01_10-35-47,30.23,0
SNE,2015-05-01_10-35-52,30.23,0
SNE,2015-05-01_10-35-57,30.23,0
SNE,2015-05-01_10-36-02,30.23,0
SNE,2015-05-01_10-36-07,30.23,0
SNE,2015-05-01_10-36-12,30.23,0
SNE,2015-05-01_10-36-17,30.23,0
SNE,2015-05-01_10-36-22,30.23,0
SNE,2015-05-01_10-36-27,30.23,0
SNE,2015-05-01_10-36-32,30.23,0
SNE,2015-05-01_10-36-37,30.23,0
SNE,2015-05-01_10-36-42,30.23,0
SNE,2015-05-01_10-36-47,30.23,0
SNE,2015-05-01_10-36-52,30.23,0
SNE,2015-05-01_10-36-57,30.23,0
SNE,2015-05-01_10-37-02,30.23,0
SNE,2015-05-01_10-37-07,30.23,0
SNE,2015-05-01_10-37-12,30.23,0
SNE,2015-05-01_10-37-17,30.23,0
SNE,2015-05-01_10-37-22,30.23,0
SNE,2015-05-01_10-37-27,30.23,0
SNE,2015-05-01_10-37-32,30.23,0
SNE,2015-05-01_10-37-37,30.23,0
SNE,2015-05-01_10-37-42,30.23,0
SNE,2015-05-01_10-37-47,30.23,0
SNE,2015-05-01_10-37-52,30.23,0
SNE,2015-05-01_10-37-57,30.23,0
SNE,2015-05-01_10-38-02,30.23,0
SNE,2015-05-01_10-38-07,30.23,0
SNE,2015-05-01_10-38-12,30.23,0
SNE,2015-05-01_10-38-17,30.23,0
SNE,2015-05-01_10-38-22,30.23,0
SNE,2015-05-01_10-38-27,30.23,0
SNE,2015-05-01_10-38-32,30.23,0
SNE,2015-05-01_10-38-37,30.23,0
SNE,2015-05-01_10-38-42,30.23,0
SNE,2015-05-01_10-38-47,30.23,0
SNE,2015-05-01_10-38-52,30.23,0
SNE,2015-05-01_10-38-57,30.23,0
SNE,2015-05-01_10-39-02,30.23,0
SNE,2015-05-01_10-39-07,30.23,0
SNE,2015-05-01_10-39-12,30.23,0
SNE,2015-05-01_10-39-17,30.23,0
SNE,2015-05-01_10-39-22,30.23,0
SNE,2015-05-01_10-39-27,30.23,0
SNE,2015-05-01_10-39-32,30.23,0
SNE,2015-05-01_10-39-37,30.23,0
SNE,2015-05-01_10-39-42,30.23,0
SNE,2015-05-01_10-39-47,30.23,0
SNE,2015-05-01_10-39-52,30.23,0
SNE,2015-05-01_10-39-57,30.23,0
SNE,2015-05-01_10-40-02,30.23,0
SNE,2015-05-01_10-40-07,30.23,0
SNE,2015-05-01_10-40-12,30.23,0
SNE,2015-05-01_10-40-17,30.23,0
SNE,2015-05-01_10-40-22,30.23,0
SNE,2015-05-01_10-40-27,30.23,0
SNE,2015-05-01_10-40-32,30.23,0
SNE,2015-05-01_10-40-37,30.23,0
SNE,2015-05-01_10-40-42,30.23,0
SNE,2015-05-01_10-40-47,30.23,0
SNE,2015-05-01_10-40-52,30.23,0
SNE,2015-05-01_10-40-57,30.23,0
SNE,2015-05-01_10-41-02,30.23,0
SNE,2015-05-01_10-41-07,30.23,0
SNE,2015-05-01_10-41-12,30.23,0
SNE,2015-05-01_10-41-17,30.23,0
SNE,2015-05-01_10-41-22,30.23,0
SNE,2015-05-01_10-41-27,30.23,0
SNE,2015-05-01_10-41-32,30.23,0
SNE,2015-05-01_10-41-37,30.23,0
SNE,2015-05-01_10-41-42,30.23,0
SNE,2015-05-01_10-41-47,30.23,0
SNE,2015-05-01_10-41-52,30.23,0
SNE,2015-05-01_10-41-57,30.23,0
SNE,2015-05-01_10-42-02,30.23,0
SNE,2015-05-01_10-42-07,30.23,0
SNE,2015-05-01_10-42-12,30.23,0
SNE,2015-05-01_10-42-17,30.23,0
SNE,2015-05-01_10-42-22,30.23,0
SNE,2015-05-01_10-42-27,30.23,0
SNE,2015-05-01_10-42-32,30.23,0
SNE,2015-05-01_10-42-37,30.23,0
SNE,2015-05-01_10-42-42,30.23,0
SNE,2015-05-01_10-42-47,30.23,0
SNE,2015-05-01_10-42-52,30.23,0
SNE,2015-05-01_10-42-57,30.23,0
SNE,2015-05-01_10-43-02,30.23,0
SNE,2015-05-01_10-43-07,30.23,0
SNE,2015-05-01_10-43-12,30.23,0
SNE,2015-05-01_10-43-17,30.23,0
SNE,2015-05-01_10-43-22,30.23,0
SNE,2015-05-01_10-43-27,30.23,0
SNE,2015-05-01_10-43-32,30.23,0
SNE,2015-05-01_10-43-37,30.23,0
SNE,2015-05-01_10-43-42,30.23,0
SNE,2015-05-01_10-43-47,30.23,0
SNE,2015-05-01_10-43-52,30.23,0
SNE,2015-05-01_10-43-57,30.23,0
SNE,2015-05-01_10-44-02,30.23,0
SNE,2015-05-01_10-44-07,30.23,0
SNE,2015-05-01_10-44-12,30.23,0
SNE,2015-05-01_10-44-17,30.23,0
SNE,2015-05-01_10-44-22,30.23,0
SNE,2015-05-01_10-44-27,30.23,0
SNE,2015-05-01_10-44-32,30.23,0
SNE,2015-05-01_10-44-37,30.23,0
SNE,2015-05-01_10-44-42,30.23,0
SNE,2015-05-01_10-44-47,30.23,0
SNE,2015-05-01_10-44-52,30.23,0
SNE,2015-05-01_10-44-57,30.23,0
SNE,2015-05-01_10-45-02,30.23,0
SNE,2015-05-01_10-45-07,30.23,0
SNE,2015-05-01_10-45-12,30.23,0
SNE,2015-05-01_10-45-17,30.23,0
SNE,2015-05-01_10-45-22,30.23,0
SNE,2015-05-01_10-45-27,30.23,0
SNE,2015-05-01_10-45-32,30.23,0
SNE,2015-05-01_10-45-37,30.23,0
SNE,2015-05-01_10-45-42,30.23,0
SNE,2015-05-01_10-45-47,30.23,0
SNE,2015-05-01_10-45-52,30.23,0
SNE,2015-05-01_10-45-57,30.23,0
SNE,2015-05-01_10-46-02,30.23,0
SNE,2015-05-01_10-46-07,30.23,0
SNE,2015-05-01_10-46-12,30.23,0
SNE,2015-05-01_10-46-17,30.23,0
SNE,2015-05-01_10-46-22,30.23,0
SNE,2015-05-01_10-46-27,30.23,0
SNE,2015-05-01_10-46-32,30.23,0
SNE,2015-05-01_10-46-37,30.23,0
SNE,2015-05-01_10-46-42,30.23,0
SNE,2015-05-01_10-46-47,30.23,0
SNE,2015-05-01_10-46-52,30.23,0
SNE,2015-05-01_10-46-57,30.23,0
SNE,2015-05-01_10-47-02,30.23,0
SNE,2015-05-01_10-47-07,30.23,0
SNE,2015-05-01_10-47-12,30.23,0
SNE,2015-05-01_10-47-17,30.23,0
SNE,2015-05-01_10-47-22,30.23,0
SNE,2015-05-01_10-47-27,30.23,0
SNE,2015-05-01_10-47-32,30.23,0
SNE,2015-05-01_10-47-37,30.23,0
SNE,2015-05-01_10-47-42,30.23,0
SNE,2015-05-01_10-47-47,30.23,0
SNE,2015-05-01_10-47-52,30.23,0
SNE,2015-05-01_10-47-57,30.23,0
SNE,2015-05-01_10-48-02,30.23,0
SNE,2015-05-01_10-48-07,30.23,0
SNE,2015-05-01_10-48-12,30.23,0
SNE,2015-05-01_10-48-17,30.23,0
SNE,2015-05-01_10-48-22,30.23,0
SNE,2015-05-01_10-48-27,30.23,0
SNE,2015-05-01_10-48-32,30.23,0
SNE,2015-05-01_10-48-37,30.23,0
SNE,2015-05-01_10-48-42,30.23,0
SNE,2015-05-01_10-48-47,30.23,0
SNE,2015-05-01_10-48-52,30.23,0
SNE,2015-05-01_10-48-57,30.23,0
SNE,2015-05-01_10-49-02,30.23,0
SNE,2015-05-01_10-49-07,30.23,0
SNE,2015-05-01_10-49-12,30.23,0
SNE,2015-05-01_10-49-17,30.23,0
SNE,2015-05-01_10-49-22,30.23,0
SNE,2015-05-01_10-49-27,30.23,0
SNE,2015-05-01_10-49-32,30.23,0
SNE,2015-05-01_10-49-37,30.23,0
SNE,2015-05-01_10-49-42,30.23,0
SNE,2015-05-01_10-49-47,30.23,0
SNE,2015-05-01_10-49-52,30.23,0
SNE,2015-05-01_10-49-57,30.23,0
SNE,2015-05-01_10-50-02,30.23,0
SNE,2015-05-01_10-50-07,30.23,0
SNE,2015-05-01_10-50-12,30.23,0
SNE,2015-05-01_10-50-17,30.23,0
SNE,2015-05-01_10-50-22,30.23,0
SNE,2015-05-01_10-50-27,30.23,0
SNE,2015-05-01_10-50-32,30.23,0
SNE,2015-05-01_10-50-37,30.23,0
SNE,2015-05-01_10-50-42,30.23,0
SNE,2015-05-01_10-50-47,30.23,0
SNE,2015-05-01_10-50-52,30.23,0
SNE,2015-05-01_10-50-57,30.23,0
SNE,2015-05-01_10-51-02,30.23,0
SNE,2015-05-01_10-51-07,30.23,0
SNE,2015-05-01_10-51-12,30.23,0
SNE,2015-05-01_10-51-17,30.23,0
SNE,2015-05-01_10-51-22,30.23,0
SNE,2015-05-01_10-51-27,30.23,0
SNE,2015-05-01_10-51-32,30.23,0
SNE,2015-05-01_10-51-37,30.23,0
SNE,2015-05-01_10-51-42,30.23,0
SNE,2015-05-01_10-51-47,30.23,0
SNE,2015-05-01_10-51-52,30.23,0
SNE,2015-05-01_10-51-57,30.23,0
SNE,2015-05-01_10-52-02,30.23,0
SNE,2015-05-01_10-52-07,30.23,0
SNE,2015-05-01_10-52-12,30.23,0
SNE,2015-05-01_10-52-17,30.23,0
SNE,2015-05-01_10-52-22,30.23,0
SNE,2015-05-01_10-52-27,30.23,0
SNE,2015-05-01_10-52-32,30.23,0
SNE,2015-05-01_10-52-37,30.23,0
SNE,2015-05-01_10-52-42,30.23,0
SNE,2015-05-01_10-52-47,30.23,0
SNE,2015-05-01_10-52-52,30.23,0
SNE,2015-05-01_10-52-57,30.23,0
SNE,2015-05-01_10-53-02,30.23,0
SNE,2015-05-01_10-53-07,30.23,0
SNE,2015-05-01_10-53-12,30.23,0
SNE,2015-05-01_10-53-17,30.23,0
SNE,2015-05-01_10-53-22,30.23,0
SNE,2015-05-01_10-53-27,30.23,0
SNE,2015-05-01_10-53-32,30.23,0
SNE,2015-05-01_10-53-37,30.23,0
SNE,2015-05-01_10-53-42,30.23,0
SNE,2015-05-01_10-53-47,30.23,0
SNE,2015-05-01_10-53-52,30.23,0
SNE,2015-05-01_10-53-57,30.23,0
SNE,2015-05-01_10-54-02,30.23,0
SNE,2015-05-01_10-54-07,30.23,0
SNE,2015-05-01_10-54-12,30.23,0
SNE,2015-05-01_10-54-17,30.23,0
SNE,2015-05-01_10-54-22,30.23,0
SNE,2015-05-01_10-54-27,30.23,0
SNE,2015-05-01_10-54-32,30.23,0
SNE,2015-05-01_10-54-37,30.23,0
SNE,2015-05-01_10-54-42,30.23,0
SNE,2015-05-01_10-54-47,30.23,0
SNE,2015-05-01_10-54-52,30.23,0
SNE,2015-05-01_10-54-57,30.23,0
SNE,2015-05-01_10-55-02,30.23,0
SNE,2015-05-01_10-55-07,30.23,0
SNE,2015-05-01_10-55-12,30.23,0
SNE,2015-05-01_10-55-17,30.23,0
SNE,2015-05-01_10-55-22,30.23,0
SNE,2015-05-01_10-55-27,30.23,0
SNE,2015-05-01_10-55-32,30.23,0
SNE,2015-05-01_10-55-37,30.23,0
SNE,2015-05-01_10-55-42,30.23,0
SNE,2015-05-01_10-55-47,30.23,0
SNE,2015-05-01_10-55-52,30.23,0
SNE,2015-05-01_10-55-57,30.23,0
SNE,2015-05-01_10-56-02,30.23,0
SNE,2015-05-01_10-56-07,30.23,0
SNE,2015-05-01_10-56-12,30.23,0
SNE,2015-05-01_10-56-17,30.23,0
SNE,2015-05-01_10-56-22,30.23,0
SNE,2015-05-01_10-56-27,30.23,0
SNE,2015-05-01_10-56-32,30.23,0
SNE,2015-05-01_10-56-37,30.23,0
SNE,2015-05-01_10-56-42,30.23,0
SNE,2015-05-01_10-56-47,30.23,0
SNE,2015-05-01_10-56-52,30.23,0
SNE,2015-05-01_10-56-57,30.23,0
SNE,2015-05-01_10-57-02,30.23,0
SNE,2015-05-01_10-57-07,30.23,0
SNE,2015-05-01_10-57-12,30.23,0
SNE,2015-05-01_10-57-17,30.23,0
SNE,2015-05-01_10-57-22,30.23,0
SNE,2015-05-01_10-57-27,30.23,0
SNE,2015-05-01_10-57-32,30.23,0
SNE,2015-05-01_10-57-37,30.23,0
SNE,2015-05-01_10-57-42,30.23,0
SNE,2015-05-01_10-57-47,30.23,0
SNE,2015-05-01_10-57-52,30.23,0
SNE,2015-05-01_10-57-57,30.23,0
SNE,2015-05-01_10-58-02,30.23,0
SNE,2015-05-01_10-58-07,30.23,0
SNE,2015-05-01_10-58-12,30.23,0
SNE,2015-05-01_10-58-17,30.23,0
SNE,2015-05-01_10-58-22,30.23,0
SNE,2015-05-01_10-58-27,30.23,0
SNE,2015-05-01_10-58-32,30.23,0
SNE,2015-05-01_10-58-37,30.23,0
SNE,2015-05-01_10-58-42,30.23,0
SNE,2015-05-01_10-58-47,30.23,0
SNE,2015-05-01_10-58-52,30.23,0
SNE,2015-05-01_10-58-57,30.23,0
SNE,2015-05-01_10-59-02,30.23,0
SNE,2015-05-01_10-59-07,30.23,0
SNE,2015-05-01_10-59-12,30.23,0
SNE,2015-05-01_10-59-17,30.23,0
SNE,2015-05-01_10-59-22,30.23,0
SNE,2015-05-01_10-59-27,30.23,0
SNE,2015-05-01_10-59-32,30.23,0
SNE,2015-05-01_10-59-37,30.23,0
SNE,2015-05-01_10-59-42,30.23,0
SNE,2015-05-01_10-59-47,30.23,0
SNE,2015-05-01_10-59-52,30.23,0
SNE,2015-05-01_10-59-57,30.23,0
SNE,2015-05-01_11-00-02,30.23,0
SNE,2015-05-01_11-00-07,30.23,0
SNE,2015-05-01_11-00-12,30.23,0
SNE,2015-05-01_11-00-17,30.23,0
SNE,2015-05-01_11-00-22,30.23,0
SNE,2015-05-01_11-00-27,30.23,0
SNE,2015-05-01_11-00-32,30.23,0
SNE,2015-05-01_11-00-37,30.23,0
SNE,2015-05-01_11-00-42,30.23,0
SNE,2015-05-01_11-00-47,30.23,0
SNE,2015-05-01_11-00-52,30.23,0
SNE,2015-05-01_11-00-57,30.23,0
SNE,2015-05-01_11-01-02,30.23,0
SNE,2015-05-01_11-01-07,30.23,0
SNE,2015-05-01_11-01-12,30.23,0
SNE,2015-05-01_11-01-17,30.23,0
SNE,2015-05-01_11-01-22,30.23,0
SNE,2015-05-01_11-01-27,30.23,0
SNE,2015-05-01_11-01-32,30.23,0
SNE,2015-05-01_11-01-37,30.23,0
SNE,2015-05-01_11-01-42,30.23,0
SNE,2015-05-01_11-01-47,30.23,0
SNE,2015-05-01_11-01-52,30.23,0
SNE,2015-05-01_11-01-57,30.23,0
SNE,2015-05-01_11-02-02,30.23,0
SNE,2015-05-01_11-02-07,30.23,0
SNE,2015-05-01_11-02-12,30.23,0
SNE,2015-05-01_11-02-17,30.23,0
SNE,2015-05-01_11-02-22,30.23,0
SNE,2015-05-01_11-02-27,30.23,0
SNE,2015-05-01_11-02-32,30.23,0
SNE,2015-05-01_11-02-37,30.23,0
SNE,2015-05-01_11-02-42,30.23,0
SNE,2015-05-01_11-02-47,30.23,0
SNE,2015-05-01_11-02-52,30.23,0
SNE,2015-05-01_11-02-57,30.23,0
SNE,2015-05-01_11-03-02,30.23,0
SNE,2015-05-01_11-03-07,30.23,0
SNE,2015-05-01_11-03-12,30.23,0
SNE,2015-05-01_11-03-17,30.23,0
SNE,2015-05-01_11-03-22,30.23,0
SNE,2015-05-01_11-03-27,30.23,0
SNE,2015-05-01_11-03-32,30.23,0
SNE,2015-05-01_11-03-37,30.23,0
SNE,2015-05-01_11-03-42,30.23,0
SNE,2015-05-01_11-03-47,30.23,0
SNE,2015-05-01_11-03-52,30.23,0
SNE,2015-05-01_11-03-57,30.23,0
SNE,2015-05-01_11-04-02,30.23,0
SNE,2015-05-01_11-04-07,30.23,0
SNE,2015-05-01_11-04-12,30.23,0
SNE,2015-05-01_11-04-17,30.23,0
SNE,2015-05-01_11-04-22,30.23,0
SNE,2015-05-01_11-04-27,30.23,0
SNE,2015-05-01_11-04-32,30.23,0
SNE,2015-05-01_11-04-37,30.23,0
SNE,2015-05-01_11-04-42,30.23,0
SNE,2015-05-01_11-04-47,30.23,0
SNE,2015-05-01_11-04-52,30.23,0
SNE,2015-05-01_11-04-57,30.23,0
SNE,2015-05-01_11-05-02,30.23,0
SNE,2015-05-01_11-05-07,30.23,0
SNE,2015-05-01_11-05-12,30.23,0
SNE,2015-05-01_11-05-17,30.23,0
SNE,2015-05-01_11-05-22,30.23,0
SNE,2015-05-01_11-05-27,30.23,0
SNE,2015-05-01_11-05-32,30.23,0
SNE,2015-05-01_11-05-37,30.23,0
SNE,2015-05-01_11-05-42,30.23,0
SNE,2015-05-01_11-05-47,30.23,0
SNE,2015-05-01_11-05-52,30.23,0
SNE,2015-05-01_11-05-57,30.23,0
SNE,2015-05-01_11-06-02,30.23,0
SNE,2015-05-01_11-06-07,30.23,0
SNE,2015-05-01_11-06-12,30.23,0
SNE,2015-05-01_11-06-17,30.23,0
SNE,2015-05-01_11-06-22,30.23,0
SNE,2015-05-01_11-06-27,30.23,0
SNE,2015-05-01_11-06-32,30.23,0
SNE,2015-05-01_11-06-37,30.23,0
SNE,2015-05-01_11-06-42,30.23,0
SNE,2015-05-01_11-06-47,30.23,0
SNE,2015-05-01_11-06-52,30.23,0
SNE,2015-05-01_11-06-57,30.23,0
SNE,2015-05-01_11-07-02,30.23,0
SNE,2015-05-01_11-07-07,30.23,0
SNE,2015-05-01_11-07-12,30.23,0
SNE,2015-05-01_11-07-17,30.23,0
SNE,2015-05-01_11-07-22,30.23,0
SNE,2015-05-01_11-07-27,30.23,0
SNE,2015-05-01_11-07-32,30.23,0
SNE,2015-05-01_11-07-37,30.23,0
SNE,2015-05-01_11-07-42,30.23,0
SNE,2015-05-01_11-07-47,30.23,0
SNE,2015-05-01_11-07-52,30.23,0
SNE,2015-05-01_11-07-57,30.23,0
SNE,2015-05-01_11-08-02,30.23,0
SNE,2015-05-01_11-08-07,30.23,0
SNE,2015-05-01_11-08-12,30.23,0
SNE,2015-05-01_11-08-17,30.23,0
SNE,2015-05-01_11-08-22,30.23,0
SNE,2015-05-01_11-08-27,30.23,0
SNE,2015-05-01_11-08-32,30.23,0
SNE,2015-05-01_11-08-37,30.23,0
SNE,2015-05-01_11-08-42,30.23,0
SNE,2015-05-01_11-08-47,30.23,0
SNE,2015-05-01_11-08-52,30.23,0
SNE,2015-05-01_11-08-57,30.23,0
SNE,2015-05-01_11-09-02,30.23,0
SNE,2015-05-01_11-09-07,30.23,0
SNE,2015-05-01_11-09-12,30.23,0
SNE,2015-05-01_11-09-17,30.23,0
SNE,2015-05-01_11-09-22,30.23,0
SNE,2015-05-01_11-09-27,30.23,0
SNE,2015-05-01_11-09-32,30.23,0
SNE,2015-05-01_11-09-37,30.23,0
SNE,2015-05-01_11-09-42,30.23,0
SNE,2015-05-01_11-09-47,30.23,0
SNE,2015-05-01_11-09-52,30.23,0
SNE,2015-05-01_11-09-57,30.23,0
SNE,2015-05-01_11-10-02,30.23,0
SNE,2015-05-01_11-10-07,30.23,0
SNE,2015-05-01_11-10-12,30.23,0
SNE,2015-05-01_11-10-17,30.23,0
SNE,2015-05-01_11-10-22,30.23,0
SNE,2015-05-01_11-10-27,30.23,0
SNE,2015-05-01_11-10-32,30.23,0
SNE,2015-05-01_11-10-37,30.23,0
SNE,2015-05-01_11-10-42,30.23,0
SNE,2015-05-01_11-10-47,30.23,0
SNE,2015-05-01_11-10-52,30.23,0
SNE,2015-05-01_11-10-57,30.23,0
SNE,2015-05-01_11-11-02,30.23,0
SNE,2015-05-01_11-11-07,30.23,0
SNE,2015-05-01_11-11-12,30.23,0
SNE,2015-05-01_11-11-17,30.23,0
SNE,2015-05-01_11-11-22,30.23,0
SNE,2015-05-01_11-11-27,30.23,0
SNE,2015-05-01_11-11-32,30.23,0
SNE,2015-05-01_11-11-37,30.23,0
SNE,2015-05-01_11-11-42,30.23,0
SNE,2015-05-01_11-11-47,30.23,0
SNE,2015-05-01_11-11-52,30.23,0
SNE,2015-05-01_11-11-57,30.23,0
SNE,2015-05-01_11-12-02,30.23,0
SNE,2015-05-01_11-12-07,30.23,0
SNE,2015-05-01_11-12-12,30.23,0
SNE,2015-05-01_11-12-17,30.23,0
SNE,2015-05-01_11-12-22,30.23,0
SNE,2015-05-01_11-12-27,30.23,0
SNE,2015-05-01_11-12-32,30.23,0
SNE,2015-05-01_11-12-37,30.23,0
SNE,2015-05-01_11-12-43,30.23,0
SNE,2015-05-01_11-12-48,30.23,0
SNE,2015-05-01_11-12-53,30.23,0
SNE,2015-05-01_11-12-58,30.23,0
SNE,2015-05-01_11-13-03,30.23,0
SNE,2015-05-01_11-13-08,30.23,0
SNE,2015-05-01_11-13-13,30.23,0
SNE,2015-05-01_11-13-18,30.23,0
SNE,2015-05-01_11-13-23,30.23,0
SNE,2015-05-01_11-13-28,30.23,0
SNE,2015-05-01_11-13-33,30.23,0
SNE,2015-05-01_11-13-38,30.23,0
SNE,2015-05-01_11-13-43,30.23,0
SNE,2015-05-01_11-13-48,30.23,0
SNE,2015-05-01_11-13-53,30.23,0
SNE,2015-05-01_11-13-58,30.23,0
SNE,2015-05-01_11-14-03,30.23,0
SNE,2015-05-01_11-14-08,30.23,0
SNE,2015-05-01_11-14-13,30.23,0
SNE,2015-05-01_11-14-18,30.23,0
SNE,2015-05-01_11-14-23,30.23,0
SNE,2015-05-01_11-14-28,30.23,0
SNE,2015-05-01_11-14-33,30.23,0
SNE,2015-05-01_11-14-38,30.23,0
SNE,2015-05-01_11-14-43,30.23,0
SNE,2015-05-01_11-14-48,30.23,0
SNE,2015-05-01_11-14-53,30.23,0
SNE,2015-05-01_11-14-58,30.23,0
SNE,2015-05-01_11-15-03,30.23,0
SNE,2015-05-01_11-15-08,30.23,0
SNE,2015-05-01_11-15-13,30.23,0
SNE,2015-05-01_11-15-18,30.23,0
SNE,2015-05-01_11-15-23,30.23,0
SNE,2015-05-01_11-15-28,30.23,0
SNE,2015-05-01_11-15-33,30.23,0
SNE,2015-05-01_11-15-38,30.23,0
SNE,2015-05-01_11-15-43,30.23,0
SNE,2015-05-01_11-15-48,30.23,0
SNE,2015-05-01_11-15-53,30.23,0
SNE,2015-05-01_11-15-58,30.23,0
SNE,2015-05-01_11-16-03,30.23,0
SNE,2015-05-01_11-16-08,30.23,0
SNE,2015-05-01_11-16-13,30.23,0
SNE,2015-05-01_11-16-18,30.23,0
SNE,2015-05-01_11-16-23,30.23,0
SNE,2015-05-01_11-16-28,30.23,0
SNE,2015-05-01_11-16-33,30.23,0
SNE,2015-05-01_11-16-38,30.23,0
SNE,2015-05-01_11-16-43,30.23,0
SNE,2015-05-01_11-16-48,30.23,0
SNE,2015-05-01_11-16-53,30.23,0
SNE,2015-05-01_11-16-58,30.23,0
SNE,2015-05-01_11-17-03,30.23,0
SNE,2015-05-01_11-17-08,30.23,0
SNE,2015-05-01_11-17-13,30.23,0
SNE,2015-05-01_11-17-18,30.23,0
SNE,2015-05-01_11-17-23,30.23,0
SNE,2015-05-01_11-17-28,30.23,0
SNE,2015-05-01_11-17-33,30.23,0
SNE,2015-05-01_11-17-38,30.23,0
SNE,2015-05-01_11-17-43,30.23,0
SNE,2015-05-01_11-17-48,30.23,0
SNE,2015-05-01_11-17-53,30.23,0
SNE,2015-05-01_11-17-58,30.23,0
SNE,2015-05-01_11-18-03,30.23,0
SNE,2015-05-01_11-18-08,30.23,0
SNE,2015-05-01_11-18-13,30.23,0
SNE,2015-05-01_11-18-18,30.23,0
SNE,2015-05-01_11-18-23,30.23,0
SNE,2015-05-01_11-18-28,30.23,0
SNE,2015-05-01_11-18-33,30.23,0
SNE,2015-05-01_11-18-38,30.23,0
SNE,2015-05-01_11-18-43,30.23,0
SNE,2015-05-01_11-18-48,30.23,0
SNE,2015-05-01_11-18-53,30.23,0
SNE,2015-05-01_11-18-58,30.23,0
SNE,2015-05-01_11-19-03,30.23,0
SNE,2015-05-01_11-19-08,30.23,0
SNE,2015-05-01_11-19-13,30.23,0
SNE,2015-05-01_11-19-18,30.23,0
SNE,2015-05-01_11-19-23,30.23,0
SNE,2015-05-01_11-19-28,30.23,0
SNE,2015-05-01_11-19-33,30.23,0
SNE,2015-05-01_11-19-38,30.23,0
SNE,2015-05-01_11-19-43,30.23,0
SNE,2015-05-01_11-19-48,30.23,0
SNE,2015-05-01_11-19-53,30.23,0
SNE,2015-05-01_11-19-58,30.23,0
SNE,2015-05-01_11-20-03,30.23,0
SNE,2015-05-01_11-20-08,30.23,0
SNE,2015-05-01_11-20-13,30.23,0
SNE,2015-05-01_11-20-18,30.23,0
SNE,2015-05-01_11-20-23,30.23,0
SNE,2015-05-01_11-20-28,30.23,0
SNE,2015-05-01_11-20-33,30.23,0
SNE,2015-05-01_11-20-38,30.23,0
SNE,2015-05-01_11-20-43,30.23,0
SNE,2015-05-01_11-20-48,30.23,0
SNE,2015-05-01_11-20-53,30.23,0
SNE,2015-05-01_11-20-58,30.23,0
SNE,2015-05-01_11-21-03,30.23,0
SNE,2015-05-01_11-21-08,30.23,0
SNE,2015-05-01_11-21-13,30.23,0
SNE,2015-05-01_11-21-18,30.23,0
SNE,2015-05-01_11-21-23,30.23,0
SNE,2015-05-01_11-21-28,30.23,0
SNE,2015-05-01_11-21-33,30.23,0
SNE,2015-05-01_11-21-38,30.23,0
SNE,2015-05-01_11-21-43,30.23,0
SNE,2015-05-01_11-21-48,30.23,0
SNE,2015-05-01_11-21-53,30.23,0
SNE,2015-05-01_11-21-58,30.23,0
SNE,2015-05-01_11-22-03,30.23,0
SNE,2015-05-01_11-22-08,30.23,0
SNE,2015-05-01_11-22-13,30.23,0
SNE,2015-05-01_11-22-18,30.23,0
SNE,2015-05-01_11-22-23,30.23,0
SNE,2015-05-01_11-22-28,30.23,0
SNE,2015-05-01_11-22-33,30.23,0
SNE,2015-05-01_11-22-38,30.23,0
SNE,2015-05-01_11-22-43,30.23,0
SNE,2015-05-01_11-22-48,30.23,0
SNE,2015-05-01_11-22-53,30.23,0
SNE,2015-05-01_11-22-58,30.23,0
SNE,2015-05-01_11-23-03,30.23,0
SNE,2015-05-01_11-23-08,30.23,0
SNE,2015-05-01_11-23-13,30.23,0
SNE,2015-05-01_11-23-18,30.23,0
SNE,2015-05-01_11-23-23,30.23,0
SNE,2015-05-01_11-23-28,30.23,0
SNE,2015-05-01_11-23-33,30.23,0
SNE,2015-05-01_11-23-38,30.23,0
SNE,2015-05-01_11-23-43,30.23,0
SNE,2015-05-01_11-23-48,30.23,0
SNE,2015-05-01_11-23-53,30.23,0
SNE,2015-05-01_11-23-58,30.23,0
SNE,2015-05-01_11-24-03,30.23,0
SNE,2015-05-01_11-24-08,30.23,0
SNE,2015-05-01_11-24-13,30.23,0
SNE,2015-05-01_11-24-18,30.23,0
SNE,2015-05-01_11-24-23,30.23,0
SNE,2015-05-01_11-24-28,30.23,0
SNE,2015-05-01_11-24-33,30.23,0
SNE,2015-05-01_11-24-38,30.23,0
SNE,2015-05-01_11-24-43,30.23,0
SNE,2015-05-01_11-24-48,30.23,0
SNE,2015-05-01_11-24-53,30.23,0
SNE,2015-05-01_11-24-58,30.23,0
